Date,Open,High,Low,Close,Volume
2005-01-03,1211.92,1217.8,1200.3199,1202.08,1510800000
2005-01-04,1202.08,1205.84,1185.39,1188.05,1721000000
2005-01-05,1188.05,1192.73,1183.72,1183.74,1738900000
2005-01-06,1183.74,1191.63,1183.27,1187.89,1569100000
2005-01-07,1187.89,1192.2,1182.16,1186.1899,1477900000
2005-01-10,1186.1899,1194.78,1184.8,1190.25,1490400000
2005-01-11,1190.25,1190.25,1180.4301,1182.99,1488800000
2005-01-12,1182.99,1187.92,1175.64,1187.7,1562100000
2005-01-13,1187.7,1187.7,1175.8101,1177.45,1510300000
2005-01-14,1177.45,1185.21,1177.45,1184.52,1335400000
2005-01-18,1184.52,1195.98,1180.1,1195.98,1596800000
2005-01-19,1195.98,1195.98,1184.41,1184.63,1498700000
2005-01-20,1184.63,1184.63,1173.42,1175.41,1692000000
2005-01-21,1175.41,1179.45,1167.8199,1167.87,1643500000
2005-01-24,1167.87,1173.03,1163.75,1163.75,1494600000
2005-01-25,1163.75,1174.3,1163.75,1168.41,1610400000
2005-01-26,1168.41,1175.96,1168.41,1174.0699,1635900000
2005-01-27,1174.0699,1177.5,1170.15,1174.55,1600600000
2005-01-28,1174.55,1175.61,1166.25,1171.36,1641800000
2005-01-31,1171.36,1182.0699,1171.36,1181.27,1679800000
2005-02-01,1181.27,1190.39,1180.95,1189.41,1681980000
2005-02-02,1189.41,1195.25,1188.92,1193.1899,1561740000
2005-02-03,1193.1899,1193.1899,1185.64,1189.89,1554460000
2005-02-04,1189.89,1203.47,1189.67,1203.03,1648160000
2005-02-07,1203.03,1204.15,1199.27,1201.72,1347270000
2005-02-08,1201.72,1205.11,1200.16,1202.3,1416170000
2005-02-09,1202.3,1203.83,1191.54,1191.99,1511040000
2005-02-10,1191.99,1198.75,1191.54,1197.01,1491670000
2005-02-11,1197.01,1208.38,1193.28,1205.3,1562300000
2005-02-14,1205.3,1206.9301,1203.59,1206.14,1290180000
2005-02-15,1206.14,1212.4399,1205.52,1210.12,1527080000
2005-02-16,1210.12,1212.4399,1205.0601,1210.34,1490100000
2005-02-17,1210.34,1211.33,1200.74,1200.75,1580120000
2005-02-18,1200.75,1202.92,1197.35,1201.59,1551200000
2005-02-22,1201.59,1202.48,1184.16,1184.16,1744940000
2005-02-23,1184.16,1193.52,1184.16,1190.8,1501090000
2005-02-24,1190.8,1200.42,1187.8,1200.2,1518750000
2005-02-25,1200.2,1212.15,1199.61,1211.37,1523680000
2005-02-28,1211.37,1211.37,1198.13,1203.6,1795480000
2005-03-01,1203.6,1212.25,1203.6,1210.41,1708060000
2005-03-02,1210.41,1215.79,1204.22,1210.08,1568540000
2005-03-03,1210.08,1215.72,1204.45,1210.47,1616240000
2005-03-04,1210.47,1224.76,1210.47,1222.12,1636820000
2005-03-07,1222.12,1229.11,1222.12,1225.3101,1488830000
2005-03-08,1225.3101,1225.6899,1218.5699,1219.4301,1523090000
2005-03-09,1219.4301,1219.4301,1206.66,1207.01,1704970000
2005-03-10,1207.01,1211.23,1201.41,1209.25,1604020000
2005-03-11,1209.25,1213.04,1198.15,1200.08,1449820000
2005-03-14,1200.08,1206.83,1199.51,1206.83,1437430000
2005-03-15,1206.83,1210.54,1197.75,1197.75,1513530000
2005-03-16,1197.75,1197.75,1185.61,1188.0699,1653190000
2005-03-17,1188.0699,1193.28,1186.34,1190.21,1581930000
2005-03-18,1190.21,1191.98,1182.78,1189.65,2344370000
2005-03-21,1189.65,1189.65,1178.8199,1183.78,1819440000
2005-03-22,1183.78,1189.59,1171.63,1171.71,2114470000
2005-03-23,1171.71,1176.26,1168.7,1172.53,2246870000
2005-03-24,1172.53,1180.11,1171.42,1171.42,1721720000
2005-03-28,1171.42,1179.91,1171.42,1174.28,1746220000
2005-03-29,1174.28,1179.39,1163.6899,1165.36,2223250000
2005-03-30,1165.36,1181.54,1165.36,1181.41,2097110000
2005-03-31,1181.41,1184.53,1179.49,1180.59,2214230000
2005-04-01,1180.59,1189.8,1169.91,1172.92,2168690000
2005-04-04,1172.79,1178.61,1167.72,1176.12,2079770000
2005-04-05,1176.12,1183.5601,1176.12,1181.39,1870800000
2005-04-06,1181.39,1189.34,1181.39,1184.0699,1797400000
2005-04-07,1184.0699,1191.88,1183.8101,1191.14,1900620000
2005-04-08,1191.14,1191.75,1181.13,1181.2,1661330000
2005-04-11,1181.2,1184.0699,1178.6899,1181.21,1525310000
2005-04-12,1181.21,1190.17,1170.85,1187.76,1979830000
2005-04-13,1187.76,1187.76,1171.4,1173.79,2049740000
2005-04-14,1173.79,1174.67,1161.7,1162.05,2355040000
2005-04-15,1162.05,1162.05,1141.92,1142.62,2689960000
2005-04-18,1142.62,1148.92,1139.8,1145.98,2180670000
2005-04-19,1145.98,1154.67,1145.98,1152.78,2142700000
2005-04-20,1152.78,1155.5,1136.15,1137.5,2217050000
2005-04-21,1137.5,1159.95,1137.5,1159.95,2308560000
2005-04-22,1159.95,1159.95,1142.95,1152.12,2045880000
2005-04-25,1152.12,1164.05,1152.12,1162.1,1795030000
2005-04-26,1162.1,1164.8,1151.83,1151.83,1959740000
2005-04-27,1151.74,1159.87,1144.42,1156.38,2151520000
2005-04-28,1156.38,1156.38,1143.22,1143.22,2182270000
2005-04-29,1143.22,1156.97,1139.1899,1156.85,2362360000
2005-05-02,1156.85,1162.87,1154.71,1162.16,1980040000
2005-05-03,1162.16,1166.89,1156.71,1161.17,2167020000
2005-05-04,1161.17,1176.01,1161.17,1175.65,2306480000
2005-05-05,1175.65,1178.62,1166.77,1172.63,1997100000
2005-05-06,1172.63,1177.75,1170.5,1171.35,1707200000
2005-05-09,1171.35,1178.87,1169.38,1178.84,1857020000
2005-05-10,1178.84,1178.84,1162.98,1166.22,1889660000
2005-05-11,1166.22,1171.77,1157.71,1171.11,1834970000
2005-05-12,1171.11,1173.37,1157.76,1159.36,1995290000
2005-05-13,1159.36,1163.75,1146.1801,1154.05,2188590000
2005-05-16,1154.05,1165.75,1153.64,1165.6899,1856860000
2005-05-17,1165.6899,1174.35,1159.86,1173.8,1887260000
2005-05-18,1173.8,1187.9,1173.8,1185.5601,2266320000
2005-05-19,1185.5601,1191.09,1184.49,1191.08,1775860000
2005-05-20,1191.08,1191.22,1185.1899,1189.28,1631750000
2005-05-23,1189.28,1197.4399,1188.76,1193.86,1681170000
2005-05-24,1193.86,1195.29,1189.87,1194.0699,1681000000
2005-05-25,1194.0699,1194.0699,1185.96,1190.01,1742180000
2005-05-26,1190.01,1198.95,1190.01,1197.62,1654110000
2005-05-27,1197.62,1199.5601,1195.28,1198.78,1381430000
2005-05-31,1198.78,1198.78,1191.5,1191.5,1840680000
2005-06-01,1191.5,1205.64,1191.03,1202.22,1810100000
2005-06-02,1202.27,1204.67,1198.42,1204.29,1813790000
2005-06-03,1204.29,1205.09,1194.55,1196.02,1627520000
2005-06-06,1196.02,1198.78,1192.75,1197.51,1547120000
2005-06-07,1197.51,1208.85,1197.26,1197.26,1851370000
2005-06-08,1197.26,1201.97,1193.33,1194.67,1715490000
2005-06-09,1194.67,1201.86,1191.09,1200.9301,1824120000
2005-06-10,1200.9301,1202.79,1192.64,1198.11,1664180000
2005-06-13,1198.11,1206.03,1194.51,1200.8199,1661350000
2005-06-14,1200.8199,1207.53,1200.1801,1203.91,1698150000
2005-06-15,1203.91,1208.08,1198.66,1206.58,1840440000
2005-06-16,1206.55,1212.1,1205.47,1210.96,1776040000
2005-06-17,1210.9301,1219.55,1210.9301,1216.96,2407370000
2005-06-20,1216.96,1219.1,1210.65,1216.1,1714530000
2005-06-21,1216.1,1217.13,1211.86,1213.61,1720700000
2005-06-22,1213.61,1219.59,1211.6899,1213.88,1823250000
2005-06-23,1213.88,1216.45,1200.72,1200.73,2029920000
2005-06-24,1200.73,1200.9,1191.45,1191.5699,2418800000
2005-06-27,1191.5699,1194.33,1188.3,1190.6899,1738620000
2005-06-28,1190.6899,1202.54,1190.6899,1201.5699,1772410000
2005-06-29,1201.5699,1204.0699,1198.7,1199.85,1769280000
2005-06-30,1199.85,1203.27,1190.51,1191.33,2109490000
2005-07-01,1191.33,1197.89,1191.33,1194.4399,1593820000
2005-07-05,1194.4399,1206.34,1192.49,1204.99,1805820000
2005-07-06,1204.99,1206.11,1194.78,1194.9399,1883470000
2005-07-07,1194.9399,1198.46,1183.55,1197.87,1952440000
2005-07-08,1197.87,1212.73,1197.2,1211.86,1900810000
2005-07-11,1211.86,1220.03,1211.86,1219.4399,1846300000
2005-07-12,1219.4399,1225.54,1216.6,1222.21,1932010000
2005-07-13,1222.21,1224.46,1219.64,1223.29,1812500000
2005-07-14,1223.29,1233.16,1223.29,1226.5,2048710000
2005-07-15,1226.5,1229.53,1223.5,1227.92,1716400000
2005-07-18,1227.92,1227.92,1221.13,1221.13,1582100000
2005-07-19,1221.13,1230.34,1221.13,1229.35,2041280000
2005-07-20,1229.35,1236.5601,1222.91,1235.2,2063340000
2005-07-21,1235.2,1235.83,1224.7,1227.04,2129840000
2005-07-22,1227.04,1234.1899,1226.15,1233.6801,1766990000
2005-07-25,1233.6801,1238.36,1228.15,1229.03,1717580000
2005-07-26,1229.03,1234.42,1229.03,1231.16,1934180000
2005-07-27,1231.16,1237.64,1230.15,1236.79,1945800000
2005-07-28,1236.79,1245.15,1235.8101,1243.72,2001680000
2005-07-29,1243.72,1245.04,1234.1801,1234.1801,1789600000
2005-08-01,1234.1801,1239.1,1233.8,1235.35,1716870000
2005-08-02,1235.35,1244.6899,1235.35,1244.12,2043120000
2005-08-03,1244.12,1245.86,1240.5699,1245.04,1999980000
2005-08-04,1245.04,1245.04,1235.15,1235.86,1981220000
2005-08-05,1235.86,1235.86,1225.62,1226.42,1930280000
2005-08-08,1226.42,1232.28,1222.67,1223.13,1804140000
2005-08-09,1223.13,1234.11,1223.13,1231.38,1897520000
2005-08-10,1231.38,1242.6899,1226.58,1229.13,2172320000
2005-08-11,1229.13,1237.8101,1228.33,1237.8101,1941560000
2005-08-12,1237.8101,1237.8101,1225.87,1230.39,1709300000
2005-08-15,1230.4,1236.24,1226.2,1233.87,1562880000
2005-08-16,1233.87,1233.87,1219.05,1219.34,1820410000
2005-08-17,1219.34,1225.63,1218.0699,1220.24,1859150000
2005-08-18,1220.24,1222.64,1215.9301,1219.02,1808170000
2005-08-19,1219.02,1225.08,1219.02,1219.71,1558790000
2005-08-22,1219.71,1228.96,1216.47,1221.73,1621330000
2005-08-23,1221.73,1223.04,1214.4399,1217.59,1678620000
2005-08-24,1217.5699,1224.15,1209.37,1209.59,1930800000
2005-08-25,1209.59,1213.73,1209.5699,1212.37,1571110000
2005-08-26,1212.4,1212.4,1204.23,1205.1,1541090000
2005-08-29,1205.1,1214.28,1201.53,1212.28,1599450000
2005-08-30,1212.28,1212.28,1201.0699,1208.41,1916470000
2005-08-31,1208.41,1220.36,1204.4,1220.33,2365510000
2005-09-01,1220.33,1227.29,1216.1801,1221.59,2229860000
2005-09-02,1221.59,1224.45,1217.75,1218.02,1640160000
2005-09-06,1218.02,1233.61,1218.02,1233.39,1932090000
2005-09-07,1233.39,1237.0601,1230.9301,1236.36,2067700000
2005-09-08,1236.36,1236.36,1229.51,1231.67,1955380000
2005-09-09,1231.67,1243.13,1231.67,1241.48,1992560000
2005-09-12,1241.48,1242.6,1239.15,1240.5601,1938050000
2005-09-13,1240.5699,1240.5699,1231.2,1231.2,2082360000
2005-09-14,1231.2,1234.74,1226.16,1227.16,1986750000
2005-09-15,1227.16,1231.88,1224.85,1227.73,2079340000
2005-09-16,1228.42,1237.95,1228.42,1237.91,3152470000
2005-09-19,1237.91,1237.91,1227.65,1231.02,2076540000
2005-09-20,1231.02,1236.49,1220.0699,1221.34,2319250000
2005-09-21,1221.34,1221.52,1209.89,1210.2,2548150000
2005-09-22,1210.2,1216.64,1205.35,1214.62,2424720000
2005-09-23,1214.62,1218.83,1209.8,1215.29,1973020000
2005-09-26,1215.29,1222.5601,1211.84,1215.63,2022220000
2005-09-27,1215.63,1220.17,1211.11,1215.66,1976270000
2005-09-28,1215.66,1220.98,1212.72,1216.89,2106980000
2005-09-29,1216.89,1228.7,1211.54,1227.6801,2176120000
2005-09-30,1227.6801,1229.5699,1225.22,1228.8101,2097520000
2005-10-03,1228.8101,1233.34,1225.15,1226.7,2097490000
2005-10-04,1226.7,1229.88,1214.02,1214.47,2341420000
2005-10-05,1214.47,1214.47,1196.25,1196.39,2546780000
2005-10-06,1196.39,1202.14,1181.92,1191.49,2792030000
2005-10-07,1191.49,1199.71,1191.46,1195.9,2126080000
2005-10-10,1195.9,1196.52,1186.12,1187.33,2195990000
2005-10-11,1187.33,1193.1,1183.16,1184.87,2299040000
2005-10-12,1184.87,1190.02,1173.65,1177.6801,2491280000
2005-10-13,1177.6801,1179.5601,1168.2,1176.84,2351150000
2005-10-14,1176.84,1187.13,1175.4399,1186.5699,2188940000
2005-10-17,1186.5699,1191.21,1184.48,1190.1,2054570000
2005-10-18,1190.1,1190.1,1178.13,1178.14,2197010000
2005-10-19,1178.14,1195.76,1170.55,1195.76,2703590000
2005-10-20,1195.76,1197.3,1173.3,1177.8,2617250000
2005-10-21,1177.8,1186.46,1174.92,1179.59,2470920000
2005-10-24,1179.59,1199.39,1179.59,1199.38,2197790000
2005-10-25,1199.38,1201.3,1189.29,1196.54,2312470000
2005-10-26,1196.54,1204.01,1191.38,1191.38,2467750000
2005-10-27,1191.38,1192.65,1178.89,1178.9,2395370000
2005-10-28,1178.9,1198.41,1178.9,1198.41,2379400000
2005-10-31,1198.41,1211.4301,1198.41,1207.01,2567470000
2005-11-01,1207.01,1207.34,1201.66,1202.76,2457850000
2005-11-02,1202.76,1215.17,1201.0699,1214.76,2648090000
2005-11-03,1214.76,1224.7,1214.76,1219.9399,2716630000
2005-11-04,1219.9399,1222.52,1214.45,1220.14,2050510000
2005-11-07,1220.14,1224.1801,1217.29,1222.8101,1987580000
2005-11-08,1222.8101,1222.8101,1216.08,1218.59,1965050000
2005-11-09,1218.59,1226.59,1216.53,1220.65,2214460000
2005-11-10,1220.65,1232.41,1215.05,1230.96,2378460000
2005-11-11,1230.96,1235.7,1230.72,1234.72,1773140000
2005-11-14,1234.72,1237.2,1231.78,1233.76,1899780000
2005-11-15,1233.76,1237.9399,1226.41,1229.01,2359370000
2005-11-16,1229.01,1232.24,1227.1801,1231.21,2121580000
2005-11-17,1231.21,1242.96,1231.21,1242.8,2298040000
2005-11-18,1242.8,1249.58,1240.71,1248.27,2453290000
2005-11-21,1248.27,1255.89,1246.9,1254.85,2117350000
2005-11-22,1254.85,1261.9,1251.4,1261.23,2291420000
2005-11-23,1261.23,1270.64,1259.51,1265.61,1985400000
2005-11-25,1265.61,1268.78,1265.54,1268.25,724940000
2005-11-28,1268.25,1268.4399,1257.17,1257.46,2016900000
2005-11-29,1257.46,1266.1801,1257.46,1257.48,2268340000
2005-11-30,1257.48,1260.9301,1249.39,1249.48,2374690000
2005-12-01,1249.48,1266.17,1249.48,1264.67,2614830000
2005-12-02,1264.67,1266.85,1261.42,1265.08,2125580000
2005-12-05,1265.08,1265.08,1258.12,1262.09,2325840000
2005-12-06,1262.09,1272.89,1262.09,1263.7,2110740000
2005-12-07,1263.7,1264.85,1253.02,1257.37,2093830000
2005-12-08,1257.37,1263.36,1250.91,1255.84,2178300000
2005-12-09,1255.84,1263.08,1254.24,1259.37,1896290000
2005-12-12,1259.37,1263.86,1255.52,1260.4301,1876550000
2005-12-13,1260.4301,1272.11,1258.5601,1267.4301,2390020000
2005-12-14,1267.4301,1275.8,1267.0699,1272.74,2145520000
2005-12-15,1272.74,1275.17,1267.74,1270.9399,2180590000
2005-12-16,1270.9399,1275.24,1267.3199,1267.3199,2584190000
2005-12-19,1267.3199,1270.51,1259.28,1259.92,2208810000
2005-12-20,1259.92,1263.86,1257.21,1259.62,1996690000
2005-12-21,1259.62,1269.37,1259.62,1262.79,2065170000
2005-12-22,1262.79,1268.1899,1262.5,1268.12,1888500000
2005-12-23,1268.12,1269.76,1265.92,1268.66,1285810000
2005-12-27,1268.66,1271.83,1256.54,1256.54,1540470000
2005-12-28,1256.54,1261.1,1256.54,1258.17,1422360000
2005-12-29,1258.17,1260.61,1254.1801,1254.42,1382540000
2005-12-30,1254.42,1254.42,1246.59,1248.29,1443500000
2006-01-03,1248.29,1270.22,1245.74,1268.8,2554570000
2006-01-04,1268.8,1275.37,1267.74,1273.46,2515330000
2006-01-05,1273.46,1276.91,1270.3,1273.48,2433340000
2006-01-06,1273.48,1286.09,1273.48,1285.45,2446560000
2006-01-09,1285.45,1290.78,1284.8199,1290.15,2301490000
2006-01-10,1290.15,1290.15,1283.76,1289.6899,2373080000
2006-01-11,1289.72,1294.9,1288.12,1294.1801,2406130000
2006-01-12,1294.1801,1294.1801,1285.04,1286.0601,2318350000
2006-01-13,1286.0601,1288.96,1282.78,1287.61,2206510000
2006-01-17,1287.61,1287.61,1278.61,1282.9301,2179970000
2006-01-18,1282.9301,1282.9301,1272.08,1277.9301,2233200000
2006-01-19,1277.9301,1287.79,1277.9301,1285.04,2444020000
2006-01-20,1285.04,1285.04,1260.92,1261.49,2845810000
2006-01-23,1261.49,1268.1899,1261.49,1263.8199,2256070000
2006-01-24,1263.8199,1271.47,1263.8199,1266.86,2608720000
2006-01-25,1266.86,1271.87,1259.42,1264.6801,2617060000
2006-01-26,1264.6801,1276.4399,1264.6801,1273.83,2856780000
2006-01-27,1273.83,1286.38,1273.83,1283.72,2623620000
2006-01-30,1283.72,1287.9399,1283.51,1285.1899,2282730000
2006-01-31,1285.2,1285.2,1276.85,1280.08,2708310000
2006-02-01,1280.08,1283.33,1277.5699,1282.46,2589410000
2006-02-02,1282.46,1282.46,1267.72,1270.84,2565300000
2006-02-03,1270.84,1270.87,1261.02,1264.03,2282210000
2006-02-06,1264.03,1267.04,1261.62,1265.02,2132360000
2006-02-07,1265.02,1265.78,1253.61,1254.78,2366370000
2006-02-08,1254.78,1266.47,1254.78,1265.65,2456860000
2006-02-09,1265.65,1274.5601,1262.8,1263.78,2441920000
2006-02-10,1263.8199,1269.89,1254.98,1266.99,2290050000
2006-02-13,1266.99,1266.99,1258.34,1262.86,1850080000
2006-02-14,1262.86,1278.21,1260.8,1275.53,2437940000
2006-02-15,1275.53,1281.0,1271.0601,1280.0,2317590000
2006-02-16,1280.0,1289.39,1280.0,1289.38,2251490000
2006-02-17,1289.38,1289.47,1284.0699,1287.24,2128260000
2006-02-21,1287.24,1291.92,1281.33,1283.03,2104320000
2006-02-22,1283.03,1294.17,1283.03,1292.67,2222380000
2006-02-23,1292.67,1293.84,1285.14,1287.79,2144210000
2006-02-24,1287.79,1292.11,1285.62,1289.4301,1933010000
2006-02-27,1289.4301,1297.5699,1289.4301,1294.12,1975320000
2006-02-28,1294.12,1294.12,1278.66,1280.66,2370860000
2006-03-01,1280.66,1291.8,1280.66,1291.24,2308320000
2006-03-02,1291.24,1291.24,1283.21,1289.14,2494590000
2006-03-03,1289.14,1297.33,1284.2,1287.23,2152950000
2006-03-06,1287.23,1288.23,1275.67,1278.26,2280190000
2006-03-07,1278.26,1278.26,1271.11,1275.88,2268050000
2006-03-08,1275.88,1280.33,1268.42,1278.47,2442870000
2006-03-09,1278.47,1282.74,1272.23,1272.23,2140110000
2006-03-10,1272.23,1284.37,1271.11,1281.42,2123450000
2006-03-13,1281.58,1287.37,1281.58,1284.13,2070330000
2006-03-14,1284.13,1298.14,1282.67,1297.48,2165270000
2006-03-15,1297.48,1304.4,1294.97,1303.02,2293000000
2006-03-16,1303.02,1310.45,1303.02,1305.33,2292180000
2006-03-17,1305.33,1309.79,1305.3199,1307.25,2549620000
2006-03-20,1307.25,1310.0,1303.59,1305.08,1976830000
2006-03-21,1305.08,1310.88,1295.8199,1297.23,2147370000
2006-03-22,1297.23,1305.97,1295.8101,1305.04,2039810000
2006-03-23,1305.04,1305.04,1298.11,1301.67,1980940000
2006-03-24,1301.67,1306.53,1298.89,1302.95,2326070000
2006-03-27,1302.95,1303.74,1299.09,1301.61,2029700000
2006-03-28,1301.61,1306.24,1291.84,1293.23,2148580000
2006-03-29,1293.23,1305.6,1293.23,1302.89,2143540000
2006-03-30,1302.89,1310.15,1296.72,1300.25,2294560000
2006-03-31,1300.25,1303.0,1294.87,1294.87,2236710000
2006-04-03,1302.88,1309.1899,1296.65,1297.8101,2494080000
2006-04-04,1297.8101,1307.55,1294.71,1305.9301,2147660000
2006-04-05,1305.9301,1312.8101,1304.8199,1311.5601,2420020000
2006-04-06,1311.5601,1311.99,1302.4399,1309.04,2281680000
2006-04-07,1309.04,1314.0699,1294.1801,1295.5,2082470000
2006-04-10,1295.51,1300.74,1293.17,1296.62,1898320000
2006-04-11,1296.6,1300.71,1282.96,1286.5699,2232880000
2006-04-12,1286.5699,1290.9301,1286.45,1288.12,1938100000
2006-04-13,1288.12,1292.09,1283.37,1289.12,1891940000
2006-04-17,1289.12,1292.45,1280.74,1285.33,1794650000
2006-04-18,1285.33,1309.02,1285.33,1307.28,2595440000
2006-04-19,1307.65,1310.39,1302.79,1309.9301,2447310000
2006-04-20,1309.9301,1318.16,1306.38,1311.46,2512920000
2006-04-21,1311.46,1317.67,1306.59,1311.28,2392630000
2006-04-24,1311.28,1311.28,1303.79,1308.11,2117330000
2006-04-25,1308.11,1310.79,1299.17,1301.74,2366380000
2006-04-26,1301.74,1310.97,1301.74,1305.41,2502690000
2006-04-27,1305.41,1315.0,1295.5699,1309.72,2772010000
2006-04-28,1309.72,1316.04,1306.16,1310.61,2419920000
2006-05-01,1310.61,1317.21,1303.46,1305.1899,2437040000
2006-05-02,1305.1899,1313.66,1305.1899,1313.21,2403470000
2006-05-03,1313.21,1313.47,1303.92,1308.12,2395230000
2006-05-04,1307.85,1315.14,1307.85,1312.25,2431450000
2006-05-05,1312.25,1326.53,1312.25,1325.76,2294760000
2006-05-08,1325.76,1326.7,1322.87,1324.66,2151300000
2006-05-09,1324.66,1326.6,1322.48,1325.14,2157290000
2006-05-10,1324.5699,1325.51,1317.4399,1322.85,2268550000
2006-05-11,1322.63,1322.63,1303.45,1305.92,2531520000
2006-05-12,1305.88,1305.88,1290.38,1291.24,2567970000
2006-05-15,1291.1899,1294.8101,1284.51,1294.5,2505660000
2006-05-16,1294.5,1297.88,1288.51,1292.08,2386210000
2006-05-17,1291.73,1291.73,1267.3101,1270.3199,2830200000
2006-05-18,1270.25,1274.89,1261.75,1261.8101,2537490000
2006-05-19,1261.8101,1272.15,1256.28,1267.03,2982300000
2006-05-22,1267.03,1268.77,1252.98,1262.0699,2773010000
2006-05-23,1262.0601,1273.67,1256.15,1256.58,2605250000
2006-05-24,1256.5601,1264.53,1245.34,1258.5699,2999030000
2006-05-25,1258.41,1273.26,1258.41,1272.88,2372730000
2006-05-26,1272.71,1280.54,1272.5,1280.16,1814020000
2006-05-30,1280.04,1280.04,1259.87,1259.87,2176190000
2006-05-31,1259.38,1270.09,1259.38,1270.09,2692160000
2006-06-01,1270.05,1285.71,1269.1899,1285.71,2360160000
2006-06-02,1285.71,1290.6801,1280.22,1288.22,2295540000
2006-06-05,1288.16,1288.16,1264.66,1265.29,2313470000
2006-06-06,1265.23,1269.88,1254.46,1263.85,2697650000
2006-06-07,1263.61,1272.47,1255.77,1256.15,2644170000
2006-06-08,1256.08,1259.85,1235.1801,1257.9301,3543790000
2006-06-09,1257.9301,1262.58,1250.03,1252.3,2214000000
2006-06-12,1252.27,1255.22,1236.4301,1237.4399,2247010000
2006-06-13,1236.08,1243.37,1222.52,1223.6899,3215770000
2006-06-14,1223.66,1231.46,1219.29,1230.04,2667990000
2006-06-15,1230.01,1258.64,1230.01,1256.16,2775480000
2006-06-16,1256.16,1256.27,1246.33,1251.54,2783390000
2006-06-19,1251.54,1255.9301,1237.17,1240.13,2517200000
2006-06-20,1240.12,1249.01,1238.87,1240.12,2232950000
2006-06-21,1240.09,1257.96,1240.09,1252.2,2361230000
2006-06-22,1251.92,1251.92,1241.53,1245.6,2148180000
2006-06-23,1245.59,1253.13,1241.4301,1244.5,2017270000
2006-06-26,1244.5,1250.92,1243.6801,1250.5601,1878580000
2006-06-27,1250.55,1253.37,1238.9399,1239.2,2203130000
2006-06-28,1238.99,1247.0601,1237.59,1246.0,2085490000
2006-06-29,1245.9399,1272.88,1245.9399,1272.87,2621250000
2006-06-30,1272.86,1276.3,1270.2,1270.2,3049560000
2006-07-03,1270.0601,1280.38,1270.0601,1280.1899,1114470000
2006-07-05,1280.05,1280.05,1265.91,1270.91,2165070000
2006-07-06,1270.58,1278.3199,1270.58,1274.08,2009160000
2006-07-07,1274.08,1275.38,1263.13,1265.48,1988150000
2006-07-10,1265.46,1274.0601,1264.46,1267.34,1854590000
2006-07-11,1267.26,1273.64,1259.65,1272.4301,2310850000
2006-07-12,1272.39,1273.3101,1257.29,1258.6,2250450000
2006-07-13,1258.58,1258.58,1241.4301,1242.28,2545760000
2006-07-14,1242.29,1242.7,1228.45,1236.2,2467120000
2006-07-17,1236.2,1240.0699,1231.49,1234.49,2146410000
2006-07-18,1234.48,1239.86,1224.54,1236.86,2481750000
2006-07-19,1236.74,1261.8101,1236.74,1259.8101,2701980000
2006-07-20,1259.8101,1262.5601,1249.13,1249.13,2345580000
2006-07-21,1249.12,1250.96,1238.72,1240.29,2704090000
2006-07-24,1240.25,1262.5,1240.25,1260.91,2312720000
2006-07-25,1260.91,1272.39,1257.1899,1268.88,2563930000
2006-07-26,1268.87,1273.89,1261.9399,1268.4,2667710000
2006-07-27,1268.2,1275.85,1261.92,1263.2,2776710000
2006-07-28,1263.15,1280.42,1263.15,1278.55,2480420000
2006-07-31,1278.53,1278.66,1274.3101,1276.66,2461300000
2006-08-01,1278.53,1278.66,1265.71,1270.92,2527690000
2006-08-02,1270.73,1283.42,1270.73,1277.41,2610750000
2006-08-03,1278.22,1283.96,1271.25,1280.27,2728440000
2006-08-04,1280.26,1292.92,1273.8199,1279.36,2530970000
2006-08-07,1279.3101,1279.3101,1273.0,1275.77,2045660000
2006-08-08,1275.67,1282.75,1268.37,1271.48,2457840000
2006-08-09,1271.13,1283.74,1264.73,1265.95,2555180000
2006-08-10,1265.72,1272.55,1261.3,1271.8101,2402190000
2006-08-11,1271.64,1271.64,1262.08,1266.74,2004540000
2006-08-14,1266.67,1278.9,1266.67,1268.21,2118020000
2006-08-15,1268.1899,1286.23,1268.1899,1285.58,2334100000
2006-08-16,1285.27,1296.21,1285.27,1295.4301,2554570000
2006-08-17,1295.37,1300.78,1292.71,1297.48,2458340000
2006-08-18,1297.48,1302.3,1293.5699,1302.3,2033910000
2006-08-21,1302.3,1302.3,1295.51,1297.52,1759240000
2006-08-22,1297.52,1302.49,1294.4399,1298.8199,1908740000
2006-08-23,1298.73,1301.5,1289.8199,1292.99,1893670000
2006-08-24,1292.97,1297.23,1291.4,1296.0601,1930320000
2006-08-25,1295.92,1298.88,1292.39,1295.09,1667580000
2006-08-28,1295.09,1305.02,1293.97,1301.78,1834920000
2006-08-29,1301.5699,1305.02,1295.29,1304.28,2093720000
2006-08-30,1303.7,1306.74,1302.15,1305.37,2060690000
2006-08-31,1304.25,1306.11,1302.45,1303.8199,1974540000
2006-09-01,1303.8,1312.03,1303.8,1311.01,1800520000
2006-09-05,1310.9399,1314.67,1308.8199,1313.25,2114480000
2006-09-06,1313.04,1313.04,1299.28,1300.26,2329870000
2006-09-07,1300.21,1301.25,1292.13,1294.02,2325850000
2006-09-08,1294.02,1300.14,1294.02,1298.92,2132890000
2006-09-11,1298.86,1302.36,1290.9301,1299.54,2506430000
2006-09-12,1299.53,1314.28,1299.53,1313.0,2791580000
2006-09-13,1312.74,1319.92,1311.12,1318.0699,2597220000
2006-09-14,1318.0,1318.0,1313.25,1316.28,2351220000
2006-09-15,1316.28,1324.65,1316.28,1319.66,3198030000
2006-09-18,1319.85,1324.87,1318.16,1321.1801,2325080000
2006-09-19,1321.17,1322.04,1312.17,1317.64,2390850000
2006-09-20,1318.28,1328.53,1318.28,1325.1801,2543070000
2006-09-21,1324.89,1328.1899,1315.45,1318.03,2627440000
2006-09-22,1318.03,1318.03,1310.9399,1314.78,2162880000
2006-09-25,1314.78,1329.35,1311.58,1326.37,2710240000
2006-09-26,1326.35,1336.6,1325.3,1336.35,2673350000
2006-09-27,1336.12,1340.08,1333.54,1336.59,2749190000
2006-09-28,1336.5601,1340.28,1333.75,1338.88,2397820000
2006-09-29,1339.15,1339.88,1335.64,1335.85,2273430000
2006-10-02,1335.8199,1338.54,1330.28,1331.3199,2154480000
2006-10-03,1331.3199,1338.3101,1327.1,1334.11,2682690000
2006-10-04,1333.8101,1350.2,1331.48,1350.2,3019880000
2006-10-05,1349.84,1353.79,1347.75,1353.22,2817240000
2006-10-06,1353.22,1353.22,1344.21,1349.59,2523000000
2006-10-09,1349.58,1352.6899,1346.55,1350.66,1935170000
2006-10-10,1350.62,1354.23,1348.6,1353.42,2376140000
2006-10-11,1353.28,1353.97,1343.5699,1349.95,2521000000
2006-10-12,1349.9399,1363.76,1349.9399,1362.83,2514350000
2006-10-13,1362.8199,1366.63,1360.5,1365.62,2482920000
2006-10-16,1365.61,1370.2,1364.48,1369.0601,2305920000
2006-10-17,1369.05,1369.05,1356.87,1364.05,2519620000
2006-10-18,1363.9301,1372.87,1360.95,1365.8,2658840000
2006-10-19,1365.95,1368.09,1362.0601,1366.96,2619830000
2006-10-20,1366.9399,1368.66,1362.1,1368.6,2526410000
2006-10-23,1368.58,1377.4,1363.9399,1377.02,2480430000
2006-10-24,1377.02,1377.78,1372.42,1377.38,2876890000
2006-10-25,1377.36,1383.61,1376.0,1382.22,2953540000
2006-10-26,1382.21,1389.45,1379.47,1389.08,2793350000
2006-10-27,1388.89,1388.89,1375.85,1377.34,2458450000
2006-10-30,1377.3,1381.22,1373.46,1377.9301,2770440000
2006-10-31,1377.9301,1381.21,1372.1899,1377.9399,2803030000
2006-11-01,1377.76,1381.95,1366.26,1367.8101,2821160000
2006-11-02,1367.4399,1368.39,1362.21,1367.34,2646180000
2006-11-03,1367.3101,1371.6801,1360.98,1364.3,2419730000
2006-11-06,1364.27,1381.4,1364.27,1379.78,2533550000
2006-11-07,1379.75,1388.1899,1379.1899,1382.84,2636390000
2006-11-08,1382.5,1388.61,1379.33,1385.72,2814820000
2006-11-09,1385.4301,1388.92,1377.3101,1378.33,3012050000
2006-11-10,1378.33,1381.04,1375.6,1380.9,2290200000
2006-11-13,1380.58,1387.61,1378.8,1384.42,2386340000
2006-11-14,1384.36,1394.49,1379.0699,1393.22,3027480000
2006-11-15,1392.91,1401.35,1392.13,1396.5699,2831130000
2006-11-16,1396.53,1403.76,1396.53,1399.76,2835730000
2006-11-17,1399.76,1401.21,1394.55,1401.2,2726100000
2006-11-20,1401.17,1404.37,1397.85,1400.5,2546710000
2006-11-21,1400.4301,1403.49,1399.99,1402.8101,2597940000
2006-11-22,1402.6899,1407.89,1402.26,1406.09,2237710000
2006-11-24,1405.9399,1405.9399,1399.25,1400.95,832550000
2006-11-27,1400.95,1400.95,1381.4399,1381.96,2711210000
2006-11-28,1381.61,1387.91,1377.83,1386.72,2639750000
2006-11-29,1386.11,1401.14,1386.11,1399.48,2790970000
2006-11-30,1399.47,1406.3,1393.83,1400.63,4006230000
2006-12-01,1400.63,1402.46,1385.9301,1396.71,2800980000
2006-12-04,1396.67,1411.23,1396.67,1409.12,2766320000
2006-12-05,1409.1,1415.27,1408.78,1414.76,2755700000
2006-12-06,1414.4,1415.9301,1411.05,1412.9,2725280000
2006-12-07,1412.86,1418.27,1406.8,1407.29,2743150000
2006-12-08,1407.27,1414.09,1403.67,1409.84,2440460000
2006-12-11,1409.8101,1415.6,1408.5601,1413.04,2289900000
2006-12-12,1413.0,1413.78,1404.75,1411.5601,2738170000
2006-12-13,1411.3199,1416.64,1411.05,1413.21,2552260000
2006-12-14,1413.16,1427.23,1413.16,1425.49,2729700000
2006-12-15,1425.48,1431.63,1425.48,1427.09,3229580000
2006-12-18,1427.08,1431.8101,1420.65,1422.48,2568140000
2006-12-19,1422.42,1428.3,1414.88,1425.55,2717060000
2006-12-20,1425.51,1429.05,1423.51,1423.53,2387630000
2006-12-21,1423.2,1426.4,1415.9,1418.3,2322410000
2006-12-22,1418.1,1418.8199,1410.28,1410.76,1647590000
2006-12-26,1410.75,1417.91,1410.45,1416.9,1310310000
2006-12-27,1416.63,1427.72,1416.63,1426.84,1667370000
2006-12-28,1426.77,1427.26,1422.05,1424.73,1508570000
2006-12-29,1424.71,1427.0,1416.84,1418.3,1678200000
2007-01-03,1418.03,1429.42,1407.86,1416.6,3429160000
2007-01-04,1416.6,1421.84,1408.4301,1418.34,3004460000
2007-01-05,1418.34,1418.34,1405.75,1409.71,2919400000
2007-01-08,1409.26,1414.98,1403.97,1412.84,2763340000
2007-01-09,1412.84,1415.61,1405.42,1412.11,3038380000
2007-01-10,1408.7,1415.99,1405.3199,1414.85,2764660000
2007-01-11,1414.84,1427.12,1414.84,1423.8199,2857870000
2007-01-12,1423.8199,1431.23,1422.58,1430.73,2686480000
2007-01-16,1430.73,1433.9301,1428.62,1431.9,2599530000
2007-01-17,1431.77,1435.27,1428.5699,1430.62,2690270000
2007-01-18,1430.59,1432.96,1424.21,1426.37,2822430000
2007-01-19,1426.35,1431.5699,1425.1899,1430.5,2777480000
2007-01-22,1430.47,1431.39,1420.4,1422.95,2540120000
2007-01-23,1422.95,1431.33,1421.66,1427.99,2975070000
2007-01-24,1427.96,1440.14,1427.96,1440.13,2783180000
2007-01-25,1440.12,1440.6899,1422.34,1423.9,2994330000
2007-01-26,1423.9,1427.27,1416.96,1422.1801,2626620000
2007-01-29,1422.03,1426.9399,1418.46,1420.62,2730480000
2007-01-30,1420.61,1428.8199,1420.61,1428.8199,2706250000
2007-01-31,1428.65,1441.61,1424.78,1438.24,2976690000
2007-02-01,1437.9,1446.64,1437.9,1445.9399,2914890000
2007-02-02,1445.9399,1449.33,1444.49,1448.39,2569450000
2007-02-05,1448.33,1449.38,1443.85,1446.99,2439430000
2007-02-06,1446.98,1450.1899,1443.4,1448.0,2608710000
2007-02-07,1447.41,1452.99,1446.4399,1450.02,2618820000
2007-02-08,1449.99,1450.45,1442.8101,1448.3101,2816180000
2007-02-09,1448.25,1452.45,1433.4399,1438.0601,2951810000
2007-02-12,1438.0,1439.11,1431.4399,1433.37,2395680000
2007-02-13,1433.22,1444.41,1433.22,1444.26,2652150000
2007-02-14,1443.91,1457.65,1443.91,1455.3,2699290000
2007-02-15,1455.15,1457.97,1453.1899,1456.8101,2490920000
2007-02-16,1456.77,1456.77,1451.5699,1455.54,2399450000
2007-02-20,1455.53,1460.53,1449.2,1459.6801,2337860000
2007-02-21,1459.6,1459.6,1452.02,1457.63,2606980000
2007-02-22,1457.29,1461.5699,1450.51,1456.38,1950770000
2007-02-23,1456.22,1456.22,1448.36,1451.1899,2579950000
2007-02-26,1451.04,1456.95,1445.48,1449.37,2822170000
2007-02-27,1449.25,1449.25,1389.42,1399.04,4065230000
2007-02-28,1398.64,1415.89,1396.65,1406.8199,3925250000
2007-03-01,1406.8,1409.46,1380.87,1403.17,3874910000
2007-03-02,1403.16,1403.4,1386.87,1387.17,3312260000
2007-03-05,1387.11,1391.86,1373.97,1374.12,3480520000
2007-03-06,1374.0601,1397.9,1374.0601,1395.41,3358160000
2007-03-07,1395.02,1401.16,1390.64,1391.97,3141350000
2007-03-08,1391.88,1407.9301,1391.88,1401.89,3014850000
2007-03-09,1401.89,1410.15,1397.3,1402.84,2623050000
2007-03-12,1402.8,1409.34,1398.4,1406.6,2664000000
2007-03-13,1406.23,1406.23,1377.71,1377.95,3485570000
2007-03-14,1377.86,1388.09,1363.98,1387.17,3758350000
2007-03-15,1387.11,1395.73,1385.16,1392.28,2821900000
2007-03-16,1392.28,1397.51,1383.63,1386.95,3393640000
2007-03-19,1386.95,1403.2,1386.95,1402.0601,2777180000
2007-03-20,1402.04,1411.53,1400.7,1410.9399,2795940000
2007-03-21,1410.92,1437.77,1409.75,1435.04,3184770000
2007-03-22,1435.04,1437.66,1429.88,1434.54,3129970000
2007-03-23,1434.54,1438.89,1433.21,1436.11,2619020000
2007-03-26,1436.11,1437.65,1423.28,1437.5,2754660000
2007-03-27,1437.49,1437.49,1425.54,1428.61,2673040000
2007-03-28,1428.35,1428.35,1414.0699,1417.23,3000440000
2007-03-29,1417.17,1426.24,1413.27,1422.53,2854710000
2007-03-30,1422.52,1429.22,1408.9,1420.86,2903960000
2007-04-02,1420.83,1425.49,1416.37,1424.55,2875880000
2007-04-03,1424.27,1440.5699,1424.27,1437.77,2921760000
2007-04-04,1437.75,1440.16,1435.08,1439.37,2616320000
2007-04-05,1438.9399,1444.88,1436.67,1443.76,2357230000
2007-04-09,1443.77,1448.1,1443.28,1444.61,2349410000
2007-04-10,1444.58,1448.73,1443.99,1448.39,2510110000
2007-04-11,1448.23,1448.39,1436.15,1438.87,2950190000
2007-04-12,1438.87,1448.02,1433.91,1447.8,2770570000
2007-04-13,1447.8,1453.11,1444.15,1452.85,2690020000
2007-04-16,1452.84,1468.62,1452.84,1468.33,2870140000
2007-04-17,1468.47,1474.35,1467.15,1471.48,2920570000
2007-04-18,1471.47,1476.5699,1466.41,1472.5,2971330000
2007-04-19,1472.48,1474.23,1464.47,1470.73,2913610000
2007-04-20,1470.6899,1484.74,1470.6899,1484.35,3329940000
2007-04-23,1484.33,1487.3199,1480.1899,1480.9301,2575020000
2007-04-24,1480.9301,1483.8199,1473.74,1480.41,3119750000
2007-04-25,1480.28,1496.59,1480.28,1495.42,3252590000
2007-04-26,1495.27,1498.02,1491.17,1494.25,3211800000
2007-04-27,1494.21,1497.3199,1488.67,1494.0699,2732810000
2007-04-30,1494.0699,1497.16,1482.29,1482.37,3093420000
2007-05-01,1482.37,1487.27,1476.7,1486.3,3400350000
2007-05-02,1486.13,1499.1,1486.13,1495.92,3189800000
2007-05-03,1495.5601,1503.34,1495.5601,1502.39,3007970000
2007-05-04,1502.35,1510.34,1501.8,1505.62,2761930000
2007-05-07,1505.5699,1511.0,1505.54,1509.48,2545090000
2007-05-08,1509.36,1509.36,1500.66,1507.72,2795720000
2007-05-09,1507.3199,1513.8,1503.77,1512.58,2935550000
2007-05-10,1512.33,1512.33,1491.42,1491.47,3031240000
2007-05-11,1491.47,1506.24,1491.47,1505.85,2720780000
2007-05-14,1505.76,1510.9,1498.34,1503.15,2776130000
2007-05-15,1503.11,1514.83,1500.4301,1501.1899,3071020000
2007-05-16,1500.75,1514.15,1500.75,1514.14,2915350000
2007-05-17,1514.01,1517.14,1509.29,1512.75,2868640000
2007-05-18,1512.74,1522.75,1512.74,1522.75,2959050000
2007-05-21,1522.75,1529.87,1522.71,1525.1,3465360000
2007-05-22,1525.1,1529.24,1522.05,1524.12,2860500000
2007-05-23,1524.09,1532.4301,1521.9,1522.28,3084260000
2007-05-24,1522.1,1529.3101,1505.1801,1507.51,3365530000
2007-05-25,1507.5,1517.41,1507.5,1515.73,2316250000
2007-05-29,1515.55,1521.8,1512.02,1518.11,2571790000
2007-05-30,1517.6,1530.23,1510.0601,1530.23,2980210000
2007-05-31,1530.1899,1535.5601,1528.26,1530.62,3335530000
2007-06-01,1530.62,1540.5601,1530.62,1536.34,2927020000
2007-06-04,1536.28,1540.53,1532.3101,1539.1801,2738930000
2007-06-05,1539.12,1539.12,1525.62,1530.95,2939450000
2007-06-06,1530.5699,1530.5699,1514.13,1517.38,2964190000
2007-06-07,1517.36,1517.36,1490.37,1490.72,3538470000
2007-06-08,1490.71,1507.76,1487.41,1507.67,2993460000
2007-06-11,1507.64,1515.53,1503.35,1509.12,2525280000
2007-06-12,1509.12,1511.33,1492.97,1493.0,3056200000
2007-06-13,1492.65,1515.7,1492.65,1515.67,3077930000
2007-06-14,1515.58,1526.45,1515.58,1522.97,2813630000
2007-06-15,1522.97,1538.71,1522.97,1532.91,3406030000
2007-06-18,1532.9,1535.4399,1529.3101,1531.05,2480240000
2007-06-19,1531.02,1535.85,1525.67,1533.7,2873590000
2007-06-20,1533.6801,1537.3199,1512.36,1512.84,3286900000
2007-06-21,1512.5,1522.9,1504.75,1522.1899,3161110000
2007-06-22,1522.1899,1522.1899,1500.74,1502.5601,4284320000
2007-06-25,1502.5601,1514.29,1492.6801,1497.74,3287250000
2007-06-26,1497.6801,1506.12,1490.54,1492.89,3398530000
2007-06-27,1492.62,1506.8,1484.1801,1506.34,3398150000
2007-06-28,1506.3199,1514.84,1503.41,1505.71,3006710000
2007-06-29,1505.7,1517.53,1493.61,1503.35,3165410000
2007-07-02,1504.66,1519.45,1504.66,1519.4301,2648990000
2007-07-03,1519.12,1526.01,1519.12,1524.87,1560790000
2007-07-05,1524.86,1526.5699,1517.72,1525.4,2622950000
2007-07-06,1524.96,1532.4,1520.47,1530.4399,2441520000
2007-07-09,1530.4301,1534.26,1527.45,1531.85,2715330000
2007-07-10,1531.85,1531.85,1510.01,1510.12,3244280000
2007-07-11,1509.9301,1519.34,1506.1,1518.76,3082920000
2007-07-12,1518.74,1547.92,1518.74,1547.7,3489600000
2007-07-13,1547.6801,1555.1,1544.85,1552.5,2801120000
2007-07-16,1552.5,1555.9,1546.6899,1549.52,2704110000
2007-07-17,1549.52,1555.3199,1547.74,1549.37,3007140000
2007-07-18,1549.2,1549.2,1533.67,1546.17,3609220000
2007-07-19,1546.13,1555.2,1546.13,1553.08,3251450000
2007-07-20,1553.1899,1553.1899,1529.2,1534.1,3745780000
2007-07-23,1534.0601,1547.23,1534.0601,1541.5699,3102700000
2007-07-24,1541.5699,1541.5699,1508.62,1511.04,4115830000
2007-07-25,1511.03,1524.3101,1503.73,1518.09,4283200000
2007-07-26,1518.09,1518.09,1465.3,1482.66,4472550000
2007-07-27,1482.4399,1488.53,1458.95,1458.95,4784650000
2007-07-30,1458.9301,1477.88,1454.3199,1473.91,4128780000
2007-07-31,1473.9,1488.3,1454.25,1455.27,4524520000
2007-08-01,1455.1801,1468.38,1439.59,1465.8101,5256780000
2007-08-02,1465.46,1476.4301,1460.58,1472.2,4368850000
2007-08-03,1472.1801,1473.23,1432.8,1433.0601,4272110000
2007-08-06,1433.04,1467.67,1427.39,1467.67,5067200000
2007-08-07,1467.62,1488.3,1455.8,1476.71,4909390000
2007-08-08,1476.22,1503.89,1476.22,1497.49,5499560000
2007-08-09,1497.21,1497.21,1453.09,1453.09,5889600000
2007-08-10,1453.09,1462.02,1429.74,1453.64,5345780000
2007-08-13,1453.42,1466.29,1451.54,1452.92,3696280000
2007-08-14,1452.87,1456.74,1426.2,1426.54,3814630000
2007-08-15,1426.15,1440.78,1404.36,1406.7,4290930000
2007-08-16,1406.64,1415.97,1370.6,1411.27,6509300000
2007-08-17,1411.26,1450.33,1411.26,1445.9399,3570040000
2007-08-20,1445.9399,1451.75,1430.54,1445.55,3321340000
2007-08-21,1445.55,1455.3199,1439.76,1447.12,3012150000
2007-08-22,1447.03,1464.86,1447.03,1464.0699,3309120000
2007-08-23,1464.05,1472.0601,1453.88,1462.5,3084390000
2007-08-24,1462.34,1479.4,1460.54,1479.37,2541400000
2007-08-27,1479.36,1479.36,1465.98,1466.79,2406180000
2007-08-28,1466.72,1466.72,1432.01,1432.36,3078090000
2007-08-29,1432.01,1463.76,1432.01,1463.76,2824070000
2007-08-30,1463.67,1468.4301,1451.25,1457.64,2582960000
2007-08-31,1457.61,1481.47,1457.61,1473.99,2731610000
2007-09-04,1473.96,1496.4,1472.15,1489.42,2766600000
2007-09-05,1488.76,1488.76,1466.34,1472.29,2991600000
2007-09-06,1472.03,1481.49,1467.41,1478.55,2459590000
2007-09-07,1478.55,1478.55,1449.0699,1453.55,3191080000
2007-09-10,1453.5,1462.25,1439.29,1451.7,2835720000
2007-09-11,1451.6899,1472.48,1451.6899,1471.49,3015330000
2007-09-12,1471.1,1479.5,1465.75,1471.5601,2885720000
2007-09-13,1471.47,1489.58,1471.47,1483.95,2877080000
2007-09-14,1483.95,1485.99,1473.1801,1484.25,2641740000
2007-09-17,1484.24,1484.24,1471.8199,1476.65,2598390000
2007-09-18,1476.63,1519.89,1476.63,1519.78,3708940000
2007-09-19,1519.75,1538.74,1519.75,1529.03,3846750000
2007-09-20,1528.6899,1529.14,1516.42,1518.75,2957700000
2007-09-21,1518.75,1530.89,1518.75,1525.75,3679460000
2007-09-24,1525.75,1530.1801,1516.15,1517.73,3131310000
2007-09-25,1516.34,1518.27,1507.13,1517.21,3187770000
2007-09-26,1518.62,1529.39,1518.62,1525.42,3237390000
2007-09-27,1527.3199,1532.46,1525.8101,1531.38,2872180000
2007-09-28,1531.24,1533.74,1521.99,1526.75,2925350000
2007-10-01,1527.29,1549.02,1527.25,1547.04,3281990000
2007-10-02,1546.96,1548.01,1540.37,1546.63,3101910000
2007-10-03,1545.8,1545.84,1536.34,1539.59,3065320000
2007-10-04,1539.91,1544.02,1537.63,1542.84,2690430000
2007-10-05,1543.84,1561.91,1543.84,1557.59,2919030000
2007-10-08,1556.51,1556.51,1549.0,1552.58,2040650000
2007-10-09,1553.1801,1565.26,1551.8199,1565.15,2932040000
2007-10-10,1564.98,1565.42,1555.46,1562.47,3044760000
2007-10-11,1564.72,1576.09,1546.72,1554.41,3911260000
2007-10-12,1555.41,1563.03,1554.09,1561.8,2788690000
2007-10-15,1562.25,1564.74,1540.8101,1548.71,3139290000
2007-10-16,1547.8101,1547.8101,1536.29,1538.53,3234560000
2007-10-17,1544.4399,1550.66,1526.01,1541.24,3638070000
2007-10-18,1539.29,1542.79,1531.76,1540.08,3203210000
2007-10-19,1540.0,1540.0,1500.26,1500.63,4160970000
2007-10-22,1497.79,1508.0601,1490.4,1506.33,3471830000
2007-10-23,1509.3,1520.01,1503.61,1519.59,3309120000
2007-10-24,1516.61,1517.23,1489.5601,1515.88,4003300000
2007-10-25,1516.15,1523.24,1500.46,1514.4,4183960000
2007-10-26,1522.17,1535.53,1520.1801,1535.28,3612120000
2007-10-29,1536.92,1544.67,1536.4301,1540.98,3124480000
2007-10-30,1539.42,1539.42,1529.55,1531.02,3212520000
2007-10-31,1532.15,1552.76,1529.4,1549.38,3953070000
2007-11-01,1545.79,1545.79,1506.66,1508.4399,4241470000
2007-11-02,1511.0699,1513.15,1492.53,1509.65,4285990000
2007-11-05,1505.61,1510.84,1489.95,1502.17,3819330000
2007-11-06,1505.33,1520.77,1499.0699,1520.27,3879160000
2007-11-07,1515.46,1515.46,1475.04,1475.62,4353160000
2007-11-08,1475.27,1482.5,1450.3101,1474.77,5439720000
2007-11-09,1467.59,1474.09,1448.51,1453.7,4587050000
2007-11-12,1453.66,1464.9399,1438.53,1439.1801,4192520000
2007-11-13,1441.35,1481.37,1441.35,1481.05,4141310000
2007-11-14,1483.4,1492.14,1466.47,1470.58,4031470000
2007-11-15,1468.04,1472.67,1443.49,1451.15,3941010000
2007-11-16,1453.09,1462.1801,1443.99,1458.74,4168870000
2007-11-19,1456.7,1456.7,1430.42,1433.27,4119650000
2007-11-20,1434.51,1452.64,1419.28,1439.7,4875150000
2007-11-21,1434.71,1436.4,1415.64,1416.77,4076230000
2007-11-23,1417.62,1440.86,1417.62,1440.7,1612720000
2007-11-26,1440.74,1446.09,1406.1,1407.22,3706470000
2007-11-27,1409.59,1429.49,1407.4301,1428.23,4320720000
2007-11-28,1432.95,1471.62,1432.95,1469.02,4508020000
2007-11-29,1467.41,1473.8101,1458.36,1469.72,3524730000
2007-11-30,1471.83,1488.9399,1470.89,1481.14,4422200000
2007-12-03,1479.63,1481.16,1470.08,1472.42,3323250000
2007-12-04,1471.34,1471.34,1460.66,1462.79,3343620000
2007-12-05,1465.22,1486.09,1465.22,1485.01,3663660000
2007-12-06,1484.59,1508.02,1482.1899,1507.34,3568570000
2007-12-07,1508.6,1510.63,1502.66,1504.66,3177710000
2007-12-10,1505.11,1518.27,1504.96,1515.96,2911760000
2007-12-11,1516.6801,1523.5699,1475.99,1477.65,4080180000
2007-12-12,1487.58,1511.96,1468.23,1486.59,4482120000
2007-12-13,1483.27,1489.4,1469.21,1488.41,3635170000
2007-12-14,1486.1899,1486.67,1467.78,1467.95,3401050000
2007-12-17,1465.05,1465.05,1445.4301,1445.9,3569030000
2007-12-18,1445.92,1460.16,1435.65,1454.98,3723690000
2007-12-19,1454.7,1464.42,1445.3101,1453.0,3401300000
2007-12-20,1456.42,1461.53,1447.22,1460.12,3526890000
2007-12-21,1463.1899,1485.4,1463.1899,1484.46,4508590000
2007-12-24,1484.55,1497.63,1484.55,1496.45,1267420000
2007-12-26,1495.12,1498.85,1488.2,1497.66,2010500000
2007-12-27,1495.05,1495.05,1475.86,1476.27,2365770000
2007-12-28,1479.83,1488.01,1471.7,1478.49,2420510000
2007-12-31,1475.25,1475.83,1465.13,1468.36,2440880000
2008-01-02,1467.97,1471.77,1442.0699,1447.16,3452650000
2008-01-03,1447.55,1456.8,1443.73,1447.16,3429500000
2008-01-04,1444.01,1444.01,1411.1899,1411.63,4166000000
2008-01-07,1414.0699,1423.87,1403.45,1416.1801,4221260000
2008-01-08,1415.71,1430.28,1388.3,1390.1899,4705390000
2008-01-09,1390.25,1409.1899,1378.7,1409.13,5351030000
2008-01-10,1406.78,1429.09,1395.3101,1420.33,5170490000
2008-01-11,1419.91,1419.91,1394.83,1401.02,4495840000
2008-01-14,1402.91,1417.89,1402.91,1416.25,3682090000
2008-01-15,1411.88,1411.88,1380.6,1380.95,4601640000
2008-01-16,1377.41,1391.99,1364.27,1373.2,5440620000
2008-01-17,1374.79,1377.72,1330.67,1333.25,5303130000
2008-01-18,1333.9,1350.28,1312.51,1325.1899,6004840000
2008-01-22,1312.9399,1322.09,1274.29,1310.5,6544690000
2008-01-23,1310.41,1339.09,1270.05,1338.6,3241680000
2008-01-24,1340.13,1355.15,1334.3101,1352.0699,5735300000
2008-01-25,1357.3199,1368.5601,1327.5,1330.61,4882250000
2008-01-28,1330.7,1353.97,1322.26,1353.96,4100930000
2008-01-29,1355.9399,1364.9301,1350.1899,1362.3,4232960000
2008-01-30,1362.22,1385.86,1352.95,1355.8101,4742760000
2008-01-31,1351.98,1385.62,1334.08,1378.55,4970290000
2008-02-01,1378.6,1396.02,1375.9301,1395.42,4650770000
2008-02-04,1395.38,1395.38,1379.6899,1380.8199,3495780000
2008-02-05,1380.28,1380.28,1336.64,1336.64,4315740000
2008-02-06,1339.48,1351.96,1324.34,1326.45,4008120000
2008-02-07,1324.01,1347.16,1316.75,1336.91,4589160000
2008-02-08,1336.88,1341.22,1321.0601,1331.29,3768490000
2008-02-11,1331.92,1341.4,1320.3199,1339.13,3593140000
2008-02-12,1340.55,1362.1,1339.36,1348.86,4044640000
2008-02-13,1353.12,1369.23,1350.78,1367.21,3856420000
2008-02-14,1367.33,1368.16,1347.3101,1348.86,3644760000
2008-02-15,1347.52,1350.0,1338.13,1349.99,3583300000
2008-02-19,1355.86,1367.28,1345.05,1348.78,3613550000
2008-02-20,1348.39,1363.71,1336.55,1360.03,3870520000
2008-02-21,1362.21,1367.9399,1339.34,1342.53,3696660000
2008-02-22,1344.22,1354.3,1327.04,1353.11,3572660000
2008-02-25,1352.75,1374.36,1346.03,1371.8,3866350000
2008-02-26,1371.76,1387.34,1363.29,1381.29,4096060000
2008-02-27,1378.95,1388.34,1372.0,1380.02,3904700000
2008-02-28,1378.16,1378.16,1363.16,1367.6801,3938580000
2008-02-29,1364.0699,1364.0699,1325.42,1330.63,4426730000
2008-03-03,1330.45,1335.13,1320.04,1331.34,4117570000
2008-03-04,1329.58,1331.03,1307.39,1326.75,4757180000
2008-03-05,1327.6899,1344.1899,1320.22,1333.7,4277710000
2008-03-06,1332.2,1332.2,1303.42,1304.34,4323460000
2008-03-07,1301.53,1313.24,1282.4301,1293.37,4565410000
2008-03-10,1293.16,1295.01,1272.66,1273.37,4261240000
2008-03-11,1274.4,1320.65,1274.4,1320.65,5109080000
2008-03-12,1321.13,1333.26,1307.86,1308.77,4414280000
2008-03-13,1305.26,1321.6801,1282.11,1315.48,5073360000
2008-03-14,1316.05,1321.47,1274.86,1288.14,5153780000
2008-03-17,1283.21,1287.5,1256.98,1276.6,5683010000
2008-03-18,1277.16,1330.74,1277.16,1330.74,5335630000
2008-03-19,1330.97,1341.51,1298.42,1298.42,5358550000
2008-03-20,1299.67,1330.67,1295.22,1329.51,6145220000
2008-03-24,1330.29,1359.6801,1330.29,1349.88,4499000000
2008-03-25,1349.0699,1357.47,1341.21,1352.99,4145120000
2008-03-26,1352.45,1352.45,1336.41,1341.13,4055670000
2008-03-27,1340.34,1345.62,1325.66,1325.76,4037930000
2008-03-28,1327.02,1334.87,1312.95,1315.22,3686980000
2008-03-31,1315.92,1328.52,1312.8101,1322.7,4188990000
2008-04-01,1326.41,1370.1801,1326.41,1370.1801,4745120000
2008-04-02,1369.96,1377.95,1361.55,1367.53,4320440000
2008-04-03,1365.6899,1375.66,1358.6801,1369.3101,3920100000
2008-04-04,1369.85,1380.91,1362.83,1370.4,3703100000
2008-04-07,1373.6899,1386.74,1369.02,1372.54,3747780000
2008-04-08,1370.16,1370.16,1360.62,1365.54,3602500000
2008-04-09,1365.5,1368.39,1349.97,1354.49,3556670000
2008-04-10,1355.37,1367.24,1350.11,1360.55,3686150000
2008-04-11,1357.98,1357.98,1331.21,1332.83,3723790000
2008-04-14,1332.2,1335.64,1326.16,1328.3199,3565020000
2008-04-15,1331.72,1337.72,1324.35,1334.4301,3581230000
2008-04-16,1337.02,1365.49,1337.02,1364.71,4260370000
2008-04-17,1363.37,1368.6,1357.25,1365.5601,3713880000
2008-04-18,1369.0,1395.9,1369.0,1390.33,4222380000
2008-04-21,1387.72,1390.23,1379.25,1388.17,3420570000
2008-04-22,1386.4301,1386.4301,1369.84,1375.9399,3821900000
2008-04-23,1378.4,1387.87,1372.24,1379.9301,4103610000
2008-04-24,1380.52,1397.72,1371.09,1388.8199,4461660000
2008-04-25,1387.88,1399.11,1379.98,1397.84,3891150000
2008-04-28,1397.96,1402.9,1394.4,1396.37,3607000000
2008-04-29,1395.61,1397.0,1386.7,1390.9399,3815320000
2008-04-30,1391.22,1404.5699,1384.25,1385.59,4508890000
2008-05-01,1385.97,1410.0699,1383.0699,1409.34,4448780000
2008-05-02,1409.16,1422.72,1406.25,1413.9,3953030000
2008-05-05,1415.34,1415.34,1404.37,1407.49,3410090000
2008-05-06,1405.6,1421.5699,1397.1,1418.26,3924100000
2008-05-07,1417.49,1419.54,1391.16,1392.5699,4075860000
2008-05-08,1394.29,1402.35,1389.39,1397.6801,3827550000
2008-05-09,1394.9,1394.9,1384.11,1388.28,3518620000
2008-05-12,1389.4,1404.0601,1386.2,1403.58,3370630000
2008-05-13,1404.4,1406.3,1396.26,1403.04,4018590000
2008-05-14,1405.65,1420.1899,1405.65,1408.66,3979370000
2008-05-15,1408.36,1424.4,1406.87,1423.5699,3836480000
2008-05-16,1423.89,1425.8199,1414.35,1425.35,3842590000
2008-05-19,1425.28,1440.24,1421.63,1426.63,3683970000
2008-05-20,1424.49,1424.49,1409.09,1413.4,3854320000
2008-05-21,1414.0601,1419.12,1388.8101,1390.71,4517990000
2008-05-22,1390.83,1399.0699,1390.23,1394.35,3955960000
2008-05-23,1392.2,1392.2,1373.72,1375.9301,3516380000
2008-05-27,1375.97,1387.4,1373.0699,1385.35,3588860000
2008-05-28,1386.54,1391.25,1378.16,1390.84,3927240000
2008-05-29,1390.5,1406.3199,1388.59,1398.26,3894440000
2008-05-30,1398.36,1404.46,1398.08,1400.38,3845630000
2008-06-02,1399.62,1399.62,1377.79,1385.67,3714320000
2008-06-03,1386.42,1393.12,1370.12,1377.65,4396380000
2008-06-04,1376.26,1388.1801,1371.74,1377.2,4338640000
2008-06-05,1377.48,1404.05,1377.48,1404.05,4350790000
2008-06-06,1400.0601,1400.0601,1359.9,1360.6801,4771660000
2008-06-09,1360.83,1370.63,1350.62,1361.76,4404570000
2008-06-10,1358.98,1366.84,1351.5601,1358.4399,4635070000
2008-06-11,1357.09,1357.09,1335.47,1335.49,4779980000
2008-06-12,1335.78,1353.03,1331.29,1339.87,4734240000
2008-06-13,1341.8101,1360.03,1341.71,1360.03,4080420000
2008-06-16,1358.85,1364.7,1352.0699,1360.14,3706940000
2008-06-17,1360.71,1366.59,1350.54,1350.9301,3801960000
2008-06-18,1349.59,1349.59,1333.4,1337.8101,4573570000
2008-06-19,1336.89,1347.66,1330.5,1342.83,4811670000
2008-06-20,1341.02,1341.02,1314.46,1317.9301,5324900000
2008-06-23,1319.77,1323.78,1315.3101,1318.0,4186370000
2008-06-24,1317.23,1326.02,1304.42,1314.29,4705050000
2008-06-25,1314.54,1335.63,1314.54,1321.97,4825640000
2008-06-26,1316.29,1316.29,1283.15,1283.15,5231280000
2008-06-27,1283.6,1289.45,1272.0,1278.38,6208260000
2008-06-30,1278.0601,1290.3101,1274.86,1280.0,5032330000
2008-07-01,1276.6899,1285.3101,1260.6801,1284.91,5846290000
2008-07-02,1285.8199,1292.17,1261.51,1261.52,5276090000
2008-07-03,1262.96,1271.48,1252.01,1262.9,3247590000
2008-07-07,1262.9,1273.95,1240.6801,1252.3101,5265420000
2008-07-08,1251.84,1274.17,1242.84,1273.7,6034110000
2008-07-09,1273.38,1277.36,1244.5699,1244.6899,5181000000
2008-07-10,1245.25,1257.65,1236.76,1253.39,5840430000
2008-07-11,1248.66,1257.27,1225.35,1239.49,6742200000
2008-07-14,1241.61,1253.5,1225.01,1228.3,5434860000
2008-07-15,1226.83,1234.35,1200.4399,1214.91,7363640000
2008-07-16,1214.65,1245.52,1211.39,1245.36,6738630000
2008-07-17,1246.3101,1262.3101,1241.49,1260.3199,7365210000
2008-07-18,1258.22,1262.23,1251.8101,1260.6801,5653280000
2008-07-21,1261.8199,1267.74,1255.7,1260.0,4630640000
2008-07-22,1257.08,1277.42,1248.83,1277.0,6180230000
2008-07-23,1278.87,1291.17,1276.0601,1282.1899,6705830000
2008-07-24,1283.22,1283.22,1251.48,1252.54,6127980000
2008-07-25,1253.51,1263.23,1251.75,1257.76,4672560000
2008-07-28,1257.76,1260.09,1234.37,1234.37,4282960000
2008-07-29,1236.38,1263.2,1236.38,1263.2,5414240000
2008-07-30,1264.52,1284.33,1264.52,1284.26,5631330000
2008-07-31,1281.37,1284.9301,1265.97,1267.38,5346050000
2008-08-01,1269.42,1270.52,1254.54,1260.3101,4684870000
2008-08-04,1253.27,1260.49,1247.45,1249.01,4562280000
2008-08-05,1254.87,1284.88,1254.67,1284.88,1219310000
2008-08-06,1283.99,1291.67,1276.0,1289.1899,4873420000
2008-08-07,1286.51,1286.51,1264.29,1266.0699,5319380000
2008-08-08,1266.29,1297.85,1262.11,1296.3199,4966810000
2008-08-11,1294.42,1313.15,1291.41,1305.3199,5067310000
2008-08-12,1304.79,1304.79,1285.64,1289.59,4711290000
2008-08-13,1288.64,1294.03,1274.86,1285.83,4787600000
2008-08-14,1282.11,1300.11,1276.84,1292.9301,4064000000
2008-08-15,1293.85,1302.05,1290.74,1298.2,4041820000
2008-08-18,1298.14,1300.22,1274.51,1278.6,3829290000
2008-08-19,1276.65,1276.65,1263.11,1266.6899,4159760000
2008-08-20,1267.34,1276.01,1261.16,1274.54,4555030000
2008-08-21,1271.0699,1281.4,1265.22,1277.72,4032590000
2008-08-22,1277.59,1293.09,1277.59,1292.2,3741070000
2008-08-25,1290.47,1290.47,1264.87,1266.84,3420600000
2008-08-26,1267.03,1275.65,1263.21,1271.51,3587570000
2008-08-27,1271.29,1285.05,1270.03,1281.66,3499610000
2008-08-28,1283.79,1300.6801,1283.79,1300.6801,3854280000
2008-08-29,1296.49,1297.59,1282.74,1282.83,3288120000
2008-09-02,1287.83,1303.04,1272.2,1277.58,4783560000
2008-09-03,1276.61,1280.6,1265.59,1274.98,5056980000
2008-09-04,1271.8,1271.8,1232.83,1236.83,5212500000
2008-09-05,1233.21,1244.9399,1217.23,1242.3101,5017080000
2008-09-08,1249.5,1274.42,1247.12,1267.79,7351340000
2008-09-09,1267.98,1268.66,1224.51,1224.51,7380630000
2008-09-10,1227.5,1243.9,1221.6,1232.04,6543440000
2008-09-11,1229.04,1249.98,1211.54,1249.05,6869250000
2008-09-12,1245.88,1255.09,1233.8101,1251.7,6273260000
2008-09-15,1250.92,1250.92,1192.7,1192.7,8279510000
2008-09-16,1188.3101,1214.84,1169.28,1213.6,9459830000
2008-09-17,1210.34,1210.34,1155.88,1156.39,9431870000
2008-09-18,1157.08,1211.14,1133.5,1206.51,10082690000
2008-09-19,1213.11,1265.12,1213.11,1255.08,9387170000
2008-09-22,1255.37,1255.37,1205.61,1207.09,5368130000
2008-09-23,1207.61,1221.15,1187.0601,1188.22,5185730000
2008-09-24,1188.79,1197.41,1179.79,1185.87,4820360000
2008-09-25,1187.87,1220.03,1187.87,1209.1801,5877640000
2008-09-26,1204.47,1215.77,1187.54,1213.27,5383610000
2008-09-29,1209.0699,1209.0699,1106.42,1106.42,7305060000
2008-09-30,1113.78,1168.03,1113.78,1166.36,4937680000
2008-10-01,1164.17,1167.03,1140.77,1161.0601,5782130000
2008-10-02,1160.64,1160.64,1111.4301,1114.28,6285640000
2008-10-03,1115.16,1153.8199,1098.14,1099.23,6716120000
2008-10-06,1097.5601,1097.5601,1007.97,1056.89,7956020000
2008-10-07,1057.6,1072.91,996.23,996.23,7069210000
2008-10-08,988.91,1021.06,970.97,984.94,8716330000
2008-10-09,988.42,1005.25,909.19,909.92,6819000000
2008-10-10,902.31,936.36,839.8,899.22,11456230000
2008-10-13,912.75,1006.93,912.75,1003.35,7263370000
2008-10-14,1009.97,1044.3101,972.07,998.01,8161990000
2008-10-15,994.6,994.6,903.99,907.84,6542330000
2008-10-16,909.53,947.71,865.83,946.43,7984500000
2008-10-17,942.29,984.64,918.74,940.55,6581780000
2008-10-20,943.51,985.4,943.51,985.4,5175640000
2008-10-21,980.4,985.44,952.47,955.05,5121830000
2008-10-22,951.67,951.67,875.81,896.78,6147980000
2008-10-23,899.08,922.83,858.44,908.11,7189900000
2008-10-24,895.22,896.3,852.85,876.77,6550050000
2008-10-27,874.28,893.78,846.75,848.92,5558050000
2008-10-28,848.92,940.51,845.27,940.51,7096950000
2008-10-29,939.51,969.97,922.26,930.09,7077800000
2008-10-30,939.38,963.23,928.5,954.09,6175830000
2008-10-31,953.11,984.38,944.59,968.75,6394350000
2008-11-03,968.67,975.57,958.82,966.3,4492280000
2008-11-04,971.31,1007.51,971.31,1005.75,5531290000
2008-11-05,1001.84,1001.84,949.86,952.77,5426640000
2008-11-06,952.4,952.4,899.73,904.88,6102230000
2008-11-07,907.44,931.46,906.9,930.99,4931640000
2008-11-10,936.75,951.95,907.47,919.21,4572000000
2008-11-11,917.15,917.15,884.9,898.95,4998340000
2008-11-12,893.39,893.39,850.48,852.3,5764180000
2008-11-13,853.13,913.01,818.69,911.29,7849120000
2008-11-14,904.36,916.88,869.88,873.29,5881030000
2008-11-17,873.23,882.29,848.98,850.75,4927490000
2008-11-18,852.34,865.9,826.84,859.12,6679470000
2008-11-19,859.03,864.57,806.18,806.58,6548600000
2008-11-20,805.87,820.52,747.78,752.44,9093740000
2008-11-21,755.84,801.2,741.02,800.03,9495900000
2008-11-24,801.2,865.6,801.2,851.81,7879440000
2008-11-25,853.4,868.94,834.99,857.39,6952700000
2008-11-26,852.9,887.68,841.37,887.68,5793260000
2008-11-28,886.89,896.25,881.21,896.24,2740860000
2008-12-01,888.61,888.61,815.69,816.21,6052010000
2008-12-02,817.94,850.54,817.94,848.81,6170100000
2008-12-03,843.6,873.12,827.6,870.74,6221880000
2008-12-04,869.75,875.6,833.6,845.22,5860390000
2008-12-05,844.43,879.42,818.41,876.07,6165370000
2008-12-08,882.71,918.57,882.71,909.7,6553600000
2008-12-09,906.48,916.26,885.38,888.67,5693110000
2008-12-10,892.17,908.27,885.45,899.24,5942130000
2008-12-11,898.35,904.63,868.73,873.59,5513840000
2008-12-12,871.79,883.24,851.35,879.73,5959590000
2008-12-15,881.07,884.63,857.72,868.57,4982390000
2008-12-16,871.53,914.66,871.53,913.18,6009780000
2008-12-17,908.16,918.85,895.94,904.42,5907380000
2008-12-18,905.98,911.02,877.44,885.28,5675000000
2008-12-19,886.96,905.47,883.02,887.88,6705310000
2008-12-22,887.2,887.37,857.09,871.63,4869850000
2008-12-23,874.31,880.44,860.1,863.16,4051970000
2008-12-24,863.87,869.79,861.44,868.15,1546550000
2008-12-26,869.51,873.74,866.52,872.8,1880050000
2008-12-29,872.37,873.7,857.07,869.42,3323430000
2008-12-30,870.58,891.12,870.58,890.64,3627800000
2008-12-31,890.59,910.32,889.67,903.25,4172940000
2009-01-02,902.99,934.73,899.35,931.8,4048270000
2009-01-05,929.17,936.63,919.53,927.45,5413910000
2009-01-06,931.17,943.85,927.28,934.7,5392620000
2009-01-07,927.45,927.45,902.37,906.65,4704940000
2009-01-08,905.73,910.0,896.81,909.73,4991550000
2009-01-09,909.91,911.93,888.31,890.35,4716500000
2009-01-12,890.4,890.4,864.32,870.26,4725050000
2009-01-13,869.79,877.02,862.02,871.79,5567460000
2009-01-14,867.28,867.28,836.93,842.62,5407880000
2009-01-15,841.99,851.59,817.04,843.74,7807350000
2009-01-16,844.45,858.13,830.66,850.12,6786040000
2009-01-20,849.64,849.64,804.47,805.22,6375230000
2009-01-21,806.77,841.72,804.3,840.24,6467830000
2009-01-22,839.74,839.74,811.29,827.5,5843830000
2009-01-23,822.16,838.61,806.07,831.95,5832160000
2009-01-26,832.5,852.53,827.69,836.57,6039940000
2009-01-27,837.3,850.45,835.4,845.71,5353260000
2009-01-28,845.73,877.86,845.73,874.09,6199180000
2009-01-29,868.89,868.89,844.15,845.14,5067060000
2009-01-30,845.69,851.66,821.67,825.88,5350580000
2009-02-02,823.09,830.78,812.87,825.44,5673270000
2009-02-03,825.69,842.6,821.98,838.51,5886310000
2009-02-04,837.77,851.85,829.18,832.23,6420450000
2009-02-05,831.75,850.55,819.91,845.85,6624030000
2009-02-06,846.09,870.75,845.42,868.6,6484100000
2009-02-09,868.24,875.01,861.65,869.89,5574370000
2009-02-10,866.87,868.05,822.99,827.16,6770170000
2009-02-11,827.41,838.22,822.3,833.74,5926460000
2009-02-12,829.91,835.48,808.06,835.19,6476460000
2009-02-13,833.95,839.43,825.21,826.84,5296650000
2009-02-17,818.61,818.61,789.17,789.17,5907820000
2009-02-18,791.06,796.17,780.43,788.42,5740710000
2009-02-19,787.91,797.58,777.03,778.94,5746940000
2009-02-20,775.87,778.69,754.25,770.05,8210590000
2009-02-23,773.25,777.85,742.37,743.33,6509300000
2009-02-24,744.69,775.49,744.69,773.14,7234490000
2009-02-25,770.64,780.12,752.89,764.9,7483640000
2009-02-26,765.76,779.42,751.75,752.83,7599970000
2009-02-27,749.93,751.27,734.52,735.09,8926480000
2009-03-02,729.57,729.57,699.7,700.82,7868290000
2009-03-03,704.44,711.67,692.3,696.33,7583230000
2009-03-04,698.6,724.12,698.6,712.87,7673620000
2009-03-05,708.27,708.27,677.93,682.55,7507250000
2009-03-06,684.04,699.09,666.79,683.38,7331830000
2009-03-09,680.76,695.27,672.88,676.53,7277320000
2009-03-10,679.28,719.6,679.28,719.6,8618330000
2009-03-11,719.59,731.92,713.85,721.36,7287810000
2009-03-12,720.89,752.63,714.76,750.74,7326630000
2009-03-13,751.97,758.29,742.46,756.55,6787090000
2009-03-16,758.84,774.53,753.37,753.89,7883540000
2009-03-17,753.88,778.12,749.93,778.12,6156800000
2009-03-18,776.01,803.04,765.64,794.35,9098450000
2009-03-19,797.92,803.24,781.82,784.04,9033870000
2009-03-20,784.58,788.91,766.2,768.54,7643720000
2009-03-23,772.31,823.37,772.31,822.92,7715770000
2009-03-24,820.6,823.65,805.48,806.12,6767980000
2009-03-25,806.81,826.78,791.37,813.88,7687180000
2009-03-26,814.06,832.98,814.06,832.86,6992960000
2009-03-27,828.68,828.68,813.43,815.94,5600210000
2009-03-30,809.07,809.07,779.81,787.53,5912660000
2009-03-31,790.88,810.48,790.88,797.87,6089100000
2009-04-01,793.59,813.62,783.32,811.08,6034140000
2009-04-02,814.53,845.61,814.53,834.38,7542810000
2009-04-03,835.13,842.5,826.7,842.5,5855640000
2009-04-06,839.75,839.75,822.79,835.48,6210000000
2009-04-07,834.12,834.12,814.53,815.55,5155580000
2009-04-08,816.76,828.42,814.84,825.16,5938460000
2009-04-09,829.29,856.91,829.29,856.56,7600710000
2009-04-13,855.33,864.31,845.35,858.73,6434890000
2009-04-14,856.88,856.88,840.25,841.5,7569840000
2009-04-15,839.44,852.93,835.58,852.06,6241100000
2009-04-16,854.54,870.35,847.04,865.3,6598670000
2009-04-17,865.18,875.63,860.87,869.6,7352010000
2009-04-20,868.27,868.27,832.39,832.39,6973960000
2009-04-21,831.25,850.09,826.83,850.08,7436490000
2009-04-22,847.26,861.78,840.57,843.55,7327860000
2009-04-23,844.62,852.87,835.45,851.92,6563100000
2009-04-24,853.91,871.8,853.91,866.23,7114440000
2009-04-27,862.82,868.83,854.65,857.51,5613460000
2009-04-28,854.48,864.48,847.12,855.16,6328000000
2009-04-29,856.85,882.06,856.85,873.64,6101620000
2009-04-30,876.59,888.7,868.51,872.81,6862540000
2009-05-01,872.74,880.48,866.1,877.52,5312170000
2009-05-04,879.21,907.85,879.21,907.24,7038840000
2009-05-05,906.1,907.7,897.34,903.8,6882860000
2009-05-06,903.95,920.28,903.95,919.53,8555040000
2009-05-07,919.58,929.58,901.36,907.39,9120100000
2009-05-08,909.03,930.17,909.03,929.23,8163280000
2009-05-11,922.99,922.99,908.68,909.24,6150600000
2009-05-12,910.52,915.57,896.46,908.35,6871750000
2009-05-13,905.4,905.4,882.8,883.92,7091820000
2009-05-14,884.24,898.36,882.52,893.07,6134870000
2009-05-15,892.76,896.97,878.94,882.88,5439720000
2009-05-18,886.07,910.0,886.07,909.71,5702150000
2009-05-19,909.67,916.39,905.22,908.13,6616270000
2009-05-20,908.62,924.6,901.37,903.47,8205060000
2009-05-21,900.42,900.42,879.61,888.33,6019840000
2009-05-22,888.68,896.65,883.75,887.0,5155320000
2009-05-26,887.0,911.76,881.46,910.33,5667050000
2009-05-27,909.95,913.84,891.87,893.06,5698800000
2009-05-28,892.96,909.45,887.6,906.83,5738980000
2009-05-29,907.02,920.02,903.56,919.14,6050420000
2009-06-01,923.26,947.77,923.26,942.87,6370440000
2009-06-02,942.87,949.38,938.46,944.74,5987340000
2009-06-03,942.51,942.51,923.85,931.76,5323770000
2009-06-04,932.49,942.47,929.32,942.46,5352890000
2009-06-05,945.67,951.69,934.13,940.09,5277910000
2009-06-08,938.12,946.33,926.44,939.14,4483430000
2009-06-09,940.35,946.92,936.15,942.43,4439950000
2009-06-10,942.73,949.77,927.97,939.15,5379420000
2009-06-11,939.04,956.23,939.04,944.89,5500840000
2009-06-12,943.44,946.3,935.66,946.21,4528120000
2009-06-15,942.45,942.45,919.65,923.72,4697880000
2009-06-16,925.6,928.0,911.6,911.97,4951200000
2009-06-17,911.89,918.44,903.78,910.71,5523650000
2009-06-18,910.86,921.93,907.94,918.37,4684010000
2009-06-19,919.96,927.09,915.8,921.23,5713390000
2009-06-22,918.13,918.13,893.04,893.04,4903940000
2009-06-23,893.46,898.69,888.86,895.1,5071020000
2009-06-24,896.31,910.85,896.31,900.94,4636720000
2009-06-25,899.45,921.42,896.27,920.26,4911240000
2009-06-26,918.84,922.0,913.03,918.9,6076660000
2009-06-29,919.86,927.99,916.18,927.23,4211760000
2009-06-30,927.15,930.01,912.86,919.32,4627570000
2009-07-01,920.82,931.92,920.82,923.33,3919400000
2009-07-02,921.24,921.24,896.42,896.42,3931000000
2009-07-06,894.27,898.72,886.36,898.72,4712580000
2009-07-07,898.6,898.6,879.93,881.03,4673300000
2009-07-08,881.9,886.8,869.32,879.56,5721780000
2009-07-09,881.28,887.86,878.45,882.68,4347170000
2009-07-10,880.03,883.57,872.81,879.13,3912080000
2009-07-13,879.57,901.05,875.32,901.05,4499440000
2009-07-14,900.77,905.84,896.5,905.84,4149030000
2009-07-15,910.15,933.95,910.15,932.68,5238830000
2009-07-16,930.17,943.96,927.45,940.74,4898640000
2009-07-17,940.56,941.89,934.65,940.38,5141380000
2009-07-20,942.07,951.62,940.99,951.13,4853150000
2009-07-21,951.97,956.53,943.22,954.58,5309300000
2009-07-22,953.4,959.83,947.75,954.07,4634100000
2009-07-23,954.07,979.42,953.27,976.29,5761650000
2009-07-24,972.16,979.79,965.95,979.26,4458300000
2009-07-27,978.63,982.49,972.29,982.18,4631290000
2009-07-28,981.48,982.35,969.35,979.62,5490350000
2009-07-29,977.66,977.76,968.65,975.15,5178770000
2009-07-30,976.01,996.68,976.01,986.75,6035180000
2009-07-31,986.8,993.18,982.85,987.48,5139070000
2009-08-03,990.22,1003.61,990.22,1002.63,5603440000
2009-08-04,1001.41,1007.12,996.68,1005.65,5713700000
2009-08-05,1005.41,1006.64,994.31,1002.72,7242120000
2009-08-06,1004.06,1008.0,992.49,997.08,6753380000
2009-08-07,999.83,1018.0,999.83,1010.48,6827090000
2009-08-10,1008.89,1010.12,1000.99,1007.1,5406080000
2009-08-11,1005.77,1005.77,992.4,994.35,5773160000
2009-08-12,994.0,1012.78,993.36,1005.81,5498170000
2009-08-13,1005.86,1013.14,1000.82,1012.73,5250660000
2009-08-14,1012.23,1012.6,994.6,1004.09,4940750000
2009-08-17,998.18,998.18,978.51,979.73,4088570000
2009-08-18,980.62,991.2,980.62,989.67,4198970000
2009-08-19,986.88,999.61,980.62,996.46,4257000000
2009-08-20,996.41,1008.92,996.39,1007.37,4893160000
2009-08-21,1009.06,1027.59,1009.06,1026.13,5885550000
2009-08-24,1026.59,1035.8199,1022.48,1025.5699,6302450000
2009-08-25,1026.63,1037.75,1026.21,1028.0,5768740000
2009-08-26,1027.35,1032.47,1021.57,1028.12,5080060000
2009-08-27,1027.8101,1033.33,1016.2,1030.98,5785880000
2009-08-28,1031.62,1039.47,1023.13,1028.9301,5785780000
2009-08-31,1025.21,1025.21,1014.62,1020.62,5004560000
2009-09-01,1019.52,1028.45,996.28,998.04,6862360000
2009-09-02,996.07,1000.34,991.97,994.75,5842730000
2009-09-03,996.12,1003.43,992.25,1003.24,4624280000
2009-09-04,1003.84,1016.48,1001.65,1016.4,4097370000
2009-09-08,1018.67,1026.0699,1018.67,1025.39,5235160000
2009-09-09,1025.36,1036.34,1023.97,1033.37,5202550000
2009-09-10,1032.99,1044.14,1028.04,1044.14,5191380000
2009-09-11,1043.92,1048.1801,1038.4,1042.73,4922600000
2009-09-14,1040.15,1049.74,1035.0,1049.34,4979610000
2009-09-15,1049.03,1056.04,1043.42,1052.63,6185620000
2009-09-16,1053.99,1068.76,1052.87,1068.76,6793530000
2009-09-17,1067.87,1074.77,1061.2,1065.49,6668110000
2009-09-18,1066.6,1071.52,1064.27,1068.3,5607970000
2009-09-21,1067.14,1067.28,1057.46,1064.66,4615280000
2009-09-22,1066.35,1073.8101,1066.35,1071.66,5246600000
2009-09-23,1072.6899,1080.15,1060.39,1060.87,5531930000
2009-09-24,1062.5601,1066.29,1045.85,1050.78,5505610000
2009-09-25,1049.48,1053.47,1041.17,1044.38,4507090000
2009-09-28,1045.38,1065.13,1045.38,1062.98,3726950000
2009-09-29,1063.6899,1069.62,1057.83,1060.61,4949900000
2009-09-30,1061.02,1063.4,1046.47,1057.08,5998860000
2009-10-01,1054.91,1054.91,1029.45,1029.85,5791450000
2009-10-02,1029.71,1030.6,1019.95,1025.21,5583240000
2009-10-05,1026.87,1042.58,1025.92,1040.46,4313310000
2009-10-06,1042.02,1060.55,1042.02,1054.72,5029840000
2009-10-07,1053.65,1058.02,1050.1,1057.58,4238220000
2009-10-08,1060.03,1070.67,1060.03,1065.48,4988400000
2009-10-09,1065.28,1071.51,1063.0,1071.49,3763780000
2009-10-12,1071.63,1079.46,1071.63,1076.1899,3710430000
2009-10-13,1074.96,1075.3,1066.71,1073.1899,4320480000
2009-10-14,1078.6801,1093.17,1078.6801,1092.02,5406420000
2009-10-15,1090.36,1096.5601,1086.41,1096.5601,5369780000
2009-10-16,1094.67,1094.67,1081.53,1087.6801,4894740000
2009-10-19,1088.22,1100.17,1086.48,1097.91,4619240000
2009-10-20,1098.64,1098.64,1086.16,1091.0601,5396930000
2009-10-21,1090.36,1101.36,1080.77,1081.4,5616290000
2009-10-22,1080.96,1095.21,1074.3101,1092.91,5192410000
2009-10-23,1095.62,1095.83,1075.49,1079.6,4767460000
2009-10-26,1080.36,1091.75,1065.23,1066.95,6363380000
2009-10-27,1067.54,1072.48,1060.62,1063.41,5337380000
2009-10-28,1061.51,1063.26,1042.1899,1042.63,6600350000
2009-10-29,1043.6899,1066.83,1043.6899,1066.11,5595040000
2009-10-30,1065.41,1065.41,1033.38,1036.1899,6512420000
2009-11-02,1036.1801,1052.1801,1029.38,1042.88,6202640000
2009-11-03,1040.92,1046.36,1033.9399,1045.41,5487500000
2009-11-04,1047.14,1061.0,1045.15,1046.5,5635510000
2009-11-05,1047.3,1066.65,1047.3,1066.63,4848350000
2009-11-06,1064.95,1071.48,1059.3199,1069.3,4277130000
2009-11-09,1072.3101,1093.1899,1072.3101,1093.08,4460030000
2009-11-10,1091.86,1096.42,1087.4,1093.01,4394770000
2009-11-11,1096.04,1105.37,1093.8101,1098.51,4286700000
2009-11-12,1098.3101,1101.97,1084.9,1087.24,4160250000
2009-11-13,1087.59,1097.79,1085.33,1093.48,3792610000
2009-11-16,1094.13,1113.6899,1094.13,1109.3,4565850000
2009-11-17,1109.22,1110.52,1102.1899,1110.3199,3824070000
2009-11-18,1109.4399,1111.1,1102.7,1109.8,4293340000
2009-11-19,1106.4399,1106.4399,1088.4,1094.9,4178030000
2009-11-20,1094.66,1094.66,1086.8101,1091.38,3751230000
2009-11-23,1094.86,1112.38,1094.86,1106.24,3827920000
2009-11-24,1105.83,1107.5601,1097.63,1105.65,3700820000
2009-11-25,1106.49,1111.1801,1104.75,1110.63,3036350000
2009-11-27,1105.47,1105.47,1083.74,1091.49,2362910000
2009-11-30,1091.0699,1097.24,1086.25,1095.63,3895520000
2009-12-01,1098.89,1112.28,1098.89,1108.86,4249310000
2009-12-02,1109.03,1115.58,1105.29,1109.24,3941340000
2009-12-03,1110.59,1117.28,1098.74,1099.92,4810030000
2009-12-04,1100.4301,1119.13,1096.52,1105.98,5781140000
2009-12-07,1105.52,1110.72,1100.83,1103.25,4103360000
2009-12-08,1103.04,1103.04,1088.61,1091.9399,4748030000
2009-12-09,1091.0699,1097.04,1085.89,1095.95,4115410000
2009-12-10,1098.6899,1106.25,1098.6899,1102.35,3996490000
2009-12-11,1103.96,1108.5,1101.34,1106.41,3791090000
2009-12-14,1107.84,1114.76,1107.84,1114.11,4548490000
2009-12-15,1114.11,1114.11,1105.35,1107.9301,5045100000
2009-12-16,1108.61,1116.21,1107.96,1109.1801,4829820000
2009-12-17,1106.36,1106.36,1095.88,1096.08,7615070000
2009-12-18,1097.86,1103.74,1093.88,1102.47,6325890000
2009-12-21,1105.3101,1117.6801,1105.3101,1114.05,3977340000
2009-12-22,1114.51,1120.27,1114.51,1118.02,3641130000
2009-12-23,1118.84,1121.58,1116.0,1120.59,3166870000
2009-12-24,1121.08,1126.48,1121.08,1126.48,1267710000
2009-12-28,1127.53,1130.38,1123.51,1127.78,2716400000
2009-12-29,1128.55,1130.38,1126.08,1126.2,2491020000
2009-12-30,1125.53,1126.42,1121.9399,1126.42,2277300000
2009-12-31,1126.6,1127.64,1114.8101,1115.1,2076990000
2010-01-04,1116.5601,1133.87,1116.5601,1132.99,3991400000
2010-01-05,1132.66,1136.63,1129.66,1136.52,2491020000
2010-01-06,1135.71,1139.1899,1133.95,1137.14,4972660000
2010-01-07,1136.27,1142.46,1131.3199,1141.6899,5270680000
2010-01-08,1140.52,1145.39,1136.22,1144.98,4389590000
2010-01-11,1145.96,1149.74,1142.02,1146.98,4255780000
2010-01-12,1143.8101,1143.8101,1131.77,1136.22,4716160000
2010-01-13,1137.3101,1148.4,1133.1801,1145.6801,4170360000
2010-01-14,1145.6801,1150.41,1143.8,1148.46,3915200000
2010-01-15,1147.72,1147.77,1131.39,1136.03,4758730000
2010-01-19,1136.03,1150.45,1135.77,1150.23,4724830000
2010-01-20,1147.95,1147.95,1129.25,1138.04,4810560000
2010-01-21,1138.6801,1141.58,1114.84,1116.48,6874290000
2010-01-22,1115.49,1115.49,1090.1801,1091.76,6208650000
2010-01-25,1092.4,1102.97,1092.4,1096.78,4481390000
2010-01-26,1095.8,1103.6899,1089.86,1092.17,4731910000
2010-01-27,1091.9399,1099.51,1083.11,1097.5,5319120000
2010-01-28,1096.9301,1100.22,1078.46,1084.53,5452400000
2010-01-29,1087.61,1096.45,1071.59,1073.87,5412850000
2010-02-01,1073.89,1089.38,1073.89,1089.1899,4077610000
2010-02-02,1090.05,1104.73,1087.96,1103.3199,4749540000
2010-02-03,1100.67,1102.72,1093.97,1097.28,4285450000
2010-02-04,1097.25,1097.25,1062.78,1063.11,5859690000
2010-02-05,1064.12,1067.13,1044.5,1066.1899,6438900000
2010-02-08,1065.51,1071.2,1056.51,1056.74,4089820000
2010-02-09,1060.0601,1079.28,1060.0601,1070.52,5114260000
2010-02-10,1069.6801,1073.67,1059.34,1068.13,4251450000
2010-02-11,1067.1,1080.04,1060.59,1078.47,4400870000
2010-02-12,1075.95,1077.8101,1062.97,1075.51,4160680000
2010-02-16,1079.13,1095.67,1079.13,1094.87,4080770000
2010-02-17,1096.14,1101.03,1094.72,1099.51,4259230000
2010-02-18,1099.03,1108.24,1097.48,1106.75,3878620000
2010-02-19,1105.49,1112.42,1100.8,1109.17,3944280000
2010-02-22,1110.0,1112.29,1105.38,1108.01,3814440000
2010-02-23,1107.49,1108.58,1092.1801,1094.6,4521050000
2010-02-24,1095.89,1106.42,1095.5,1105.24,4168360000
2010-02-25,1101.24,1103.5,1086.02,1102.9399,4521130000
2010-02-26,1103.1,1107.24,1097.5601,1104.49,3945190000
2010-03-01,1105.36,1116.11,1105.36,1115.71,3847640000
2010-03-02,1117.01,1123.46,1116.51,1118.3101,4134680000
2010-03-03,1119.36,1125.64,1116.58,1118.79,3951320000
2010-03-04,1119.12,1123.73,1116.66,1122.97,3945010000
2010-03-05,1125.12,1139.38,1125.12,1138.7,4133000000
2010-03-08,1138.4,1141.05,1136.77,1138.5,3774680000
2010-03-09,1137.5601,1145.37,1134.9,1140.45,5185570000
2010-03-10,1140.22,1148.26,1140.09,1145.61,5469120000
2010-03-11,1143.96,1150.24,1138.99,1150.24,4669060000
2010-03-12,1151.71,1153.41,1146.97,1149.99,4928160000
2010-03-15,1148.53,1150.98,1141.45,1150.51,4164110000
2010-03-16,1150.83,1160.28,1150.35,1159.46,4369770000
2010-03-17,1159.9399,1169.84,1159.9399,1166.21,4963200000
2010-03-18,1166.13,1167.77,1161.16,1165.83,4234510000
2010-03-19,1166.6801,1169.2,1155.33,1159.9,5212410000
2010-03-22,1157.25,1167.8199,1152.88,1165.8101,4261680000
2010-03-23,1166.47,1174.72,1163.83,1174.17,4411640000
2010-03-24,1172.7,1173.04,1166.01,1167.72,4705750000
2010-03-25,1170.03,1180.6899,1165.09,1165.73,5668900000
2010-03-26,1167.58,1173.9301,1161.48,1166.59,4708420000
2010-03-29,1167.71,1174.85,1167.71,1173.22,4375580000
2010-03-30,1173.75,1177.83,1168.92,1173.27,4085000000
2010-03-31,1171.75,1174.5601,1165.77,1169.4301,4484340000
2010-04-01,1171.23,1181.4301,1170.6899,1178.1,4006870000
2010-04-05,1178.71,1187.73,1178.71,1187.4399,3881620000
2010-04-06,1186.01,1191.8,1182.77,1189.4399,4086180000
2010-04-07,1188.23,1189.6,1177.25,1182.45,5101430000
2010-04-08,1181.75,1188.55,1175.12,1186.4399,4726970000
2010-04-09,1187.47,1194.66,1187.15,1194.37,4511570000
2010-04-12,1194.9399,1199.2,1194.71,1196.48,4607090000
2010-04-13,1195.9399,1199.04,1188.8199,1197.3,5403580000
2010-04-14,1198.6899,1210.65,1198.6899,1210.65,5760040000
2010-04-15,1210.77,1213.92,1208.5,1211.67,5995330000
2010-04-16,1210.17,1210.17,1186.77,1192.13,8108470000
2010-04-19,1192.0601,1197.87,1183.6801,1197.52,6597740000
2010-04-20,1199.04,1208.58,1199.04,1207.17,5316590000
2010-04-21,1207.16,1210.99,1198.85,1205.9399,5724310000
2010-04-22,1202.52,1210.27,1190.1899,1208.67,6035780000
2010-04-23,1207.87,1217.28,1205.1,1217.28,5326060000
2010-04-26,1217.0699,1219.8,1211.0699,1212.05,5647760000
2010-04-27,1209.92,1211.38,1181.62,1183.71,7454540000
2010-04-28,1184.59,1195.05,1181.8101,1191.36,6342310000
2010-04-29,1193.3,1209.36,1193.3,1206.78,6059410000
2010-04-30,1206.77,1207.99,1186.3199,1186.6899,6048260000
2010-05-03,1188.58,1205.13,1188.58,1202.26,4938050000
2010-05-04,1197.5,1197.5,1168.12,1173.6,6594720000
2010-05-05,1169.24,1175.95,1158.15,1165.87,6795940000
2010-05-06,1164.38,1167.58,1065.79,1128.15,10617810000
2010-05-07,1127.04,1135.13,1094.15,1110.88,9472910000
2010-05-10,1122.27,1163.85,1122.27,1159.73,6893700000
2010-05-11,1156.39,1170.48,1147.71,1155.79,5842550000
2010-05-12,1155.4301,1172.87,1155.4301,1171.67,5225460000
2010-05-13,1170.04,1173.5699,1156.14,1157.4399,4870640000
2010-05-14,1157.1899,1157.1899,1126.14,1135.6801,6126400000
2010-05-17,1136.52,1141.88,1114.96,1136.9399,5922920000
2010-05-18,1138.78,1148.66,1117.2,1120.8,6170840000
2010-05-19,1119.5699,1124.27,1100.66,1115.05,6765800000
2010-05-20,1107.34,1107.34,1071.58,1071.59,8328570000
2010-05-21,1067.26,1090.16,1055.9,1087.6899,5452130000
2010-05-24,1084.78,1089.95,1072.7,1073.65,5224040000
2010-05-25,1067.42,1074.75,1040.78,1074.03,7329580000
2010-05-26,1075.51,1090.75,1065.59,1067.95,4521050000
2010-05-27,1074.27,1103.52,1074.27,1103.0601,5698460000
2010-05-28,1102.59,1102.59,1084.78,1089.41,4871210000
2010-06-01,1087.3,1094.77,1069.89,1070.71,5271480000
2010-06-02,1073.01,1098.5601,1072.03,1098.38,5026360000
2010-06-03,1098.8199,1105.67,1091.8101,1102.83,4995970000
2010-06-04,1098.4301,1098.4301,1060.5,1064.88,6180580000
2010-06-07,1065.84,1071.36,1049.86,1050.47,5467560000
2010-06-08,1050.8101,1063.15,1042.17,1062.0,6192750000
2010-06-09,1062.75,1077.74,1052.25,1055.6899,5983200000
2010-06-10,1058.77,1087.85,1058.77,1086.84,5144780000
2010-06-11,1082.65,1092.25,1077.12,1091.6,4059280000
2010-06-14,1095.0,1105.91,1089.03,1089.63,4425830000
2010-06-15,1091.21,1115.59,1091.21,1115.23,4644490000
2010-06-16,1114.02,1118.74,1107.13,1114.61,5002600000
2010-06-17,1115.98,1117.72,1105.87,1116.04,4557760000
2010-06-18,1116.16,1121.01,1113.9301,1117.51,4555360000
2010-06-21,1122.79,1131.23,1108.24,1113.2,4514360000
2010-06-22,1113.9,1118.5,1094.1801,1095.3101,4514380000
2010-06-23,1095.5699,1099.64,1085.3101,1092.04,4526150000
2010-06-24,1090.9301,1090.9301,1071.6,1073.6899,4814830000
2010-06-25,1075.1,1083.5601,1067.89,1076.76,5128840000
2010-06-28,1077.5,1082.6,1071.45,1074.5699,3896410000
2010-06-29,1071.1,1071.1,1035.1801,1041.24,6136700000
2010-06-30,1040.5601,1048.08,1028.33,1030.71,5067080000
2010-07-01,1031.1,1033.58,1010.91,1027.37,6435770000
2010-07-02,1027.65,1032.95,1015.93,1022.58,3968500000
2010-07-06,1028.09,1042.5,1018.35,1028.0601,4691240000
2010-07-07,1028.54,1060.89,1028.54,1060.27,4931220000
2010-07-08,1062.92,1071.25,1058.24,1070.25,4548460000
2010-07-09,1070.5,1078.16,1068.1,1077.96,3506570000
2010-07-12,1077.23,1080.78,1070.45,1078.75,3426990000
2010-07-13,1080.65,1099.46,1080.65,1095.34,4640460000
2010-07-14,1095.61,1099.08,1087.6801,1095.17,4521050000
2010-07-15,1094.46,1098.66,1080.53,1096.48,4552470000
2010-07-16,1093.85,1093.85,1063.3199,1064.88,5297350000
2010-07-19,1066.85,1074.7,1061.11,1071.25,4089500000
2010-07-20,1064.53,1083.9399,1056.88,1083.48,4713280000
2010-07-21,1086.67,1088.96,1065.25,1069.59,4747180000
2010-07-22,1072.14,1097.5,1072.14,1093.67,4826900000
2010-07-23,1092.17,1103.73,1087.88,1102.66,4524570000
2010-07-26,1102.89,1115.01,1101.3,1115.01,4009650000
2010-07-27,1117.36,1120.95,1109.78,1113.84,4725690000
2010-07-28,1112.84,1114.66,1103.11,1106.13,4002390000
2010-07-29,1108.0699,1115.9,1092.8199,1101.53,4612420000
2010-07-30,1098.4399,1106.4399,1088.01,1101.6,4006450000
2010-08-02,1107.53,1127.3,1107.53,1125.86,4144180000
2010-08-03,1125.34,1125.4399,1116.76,1120.46,4071820000
2010-08-04,1121.0601,1128.75,1119.46,1127.24,4057850000
2010-08-05,1125.78,1126.5601,1118.8101,1125.8101,3685560000
2010-08-06,1122.0699,1123.0601,1107.17,1121.64,3857890000
2010-08-09,1122.8,1129.24,1120.91,1127.79,3979360000
2010-08-10,1122.92,1127.16,1111.58,1121.0601,3979360000
2010-08-11,1116.89,1116.89,1088.55,1089.47,4511860000
2010-08-12,1081.48,1086.72,1076.6899,1083.61,4521050000
2010-08-13,1082.22,1086.25,1079.0,1079.25,3328890000
2010-08-16,1077.49,1082.62,1069.49,1079.38,3142450000
2010-08-17,1081.16,1100.14,1081.16,1092.54,3968210000
2010-08-18,1092.08,1099.77,1085.76,1094.16,3724260000
2010-08-19,1092.4399,1092.4399,1070.66,1075.63,4290540000
2010-08-20,1075.63,1075.63,1063.91,1071.6899,3761570000
2010-08-23,1073.36,1081.58,1067.08,1067.36,3210950000
2010-08-24,1063.2,1063.2,1046.6801,1051.87,4436330000
2010-08-25,1048.98,1059.38,1039.83,1055.33,4360190000
2010-08-26,1056.28,1061.45,1045.4,1047.22,3646710000
2010-08-27,1049.27,1065.21,1039.7,1064.59,4102460000
2010-08-30,1062.9,1064.4,1048.79,1048.92,2917990000
2010-08-31,1046.88,1055.14,1040.88,1049.33,4038770000
2010-09-01,1049.72,1081.3,1049.72,1080.29,4396880000
2010-09-02,1080.66,1090.1,1080.39,1090.1,3704210000
2010-09-03,1093.61,1105.1,1093.61,1104.51,3534500000
2010-09-07,1102.6,1102.6,1091.15,1091.84,3107380000
2010-09-08,1092.36,1103.26,1092.36,1098.87,3224640000
2010-09-09,1101.15,1110.27,1101.15,1104.1801,3387770000
2010-09-10,1104.5699,1110.88,1103.92,1109.55,3061160000
2010-09-13,1113.38,1123.87,1113.38,1121.9,4521050000
2010-09-14,1121.16,1127.36,1115.58,1121.1,4521050000
2010-09-15,1119.4301,1126.46,1114.63,1125.0699,3369840000
2010-09-16,1123.89,1125.4399,1118.88,1124.66,3364080000
2010-09-17,1126.39,1131.47,1122.4301,1125.59,4086140000
2010-09-20,1126.5699,1144.86,1126.5699,1142.71,3364080000
2010-09-21,1142.8199,1148.59,1136.22,1139.78,4175660000
2010-09-22,1139.49,1144.38,1131.58,1134.28,3911070000
2010-09-23,1131.1,1136.77,1122.79,1124.83,3847850000
2010-09-24,1131.6899,1148.9,1131.6899,1148.67,4123950000
2010-09-27,1148.64,1149.92,1142.0,1142.16,3587860000
2010-09-28,1142.3101,1150.0,1132.09,1147.7,4025840000
2010-09-29,1146.75,1148.63,1140.26,1144.73,3990280000
2010-09-30,1145.97,1157.16,1136.08,1141.2,4284160000
2010-10-01,1143.49,1150.3,1139.42,1146.24,4298910000
2010-10-04,1144.96,1148.16,1131.87,1137.03,3604110000
2010-10-05,1140.6801,1162.76,1140.6801,1160.75,4068840000
2010-10-06,1159.8101,1162.33,1154.85,1159.97,4073160000
2010-10-07,1161.5699,1163.87,1151.41,1158.0601,3910550000
2010-10-08,1158.36,1167.73,1155.58,1165.15,3871420000
2010-10-11,1165.3199,1168.6801,1162.02,1165.3199,2505900000
2010-10-12,1164.28,1172.58,1155.71,1169.77,4076170000
2010-10-13,1171.3199,1184.38,1171.3199,1178.1,4969410000
2010-10-14,1177.8199,1178.89,1166.71,1173.8101,4969410000
2010-10-15,1177.47,1181.2,1167.12,1176.1899,5724910000
2010-10-18,1176.83,1185.53,1174.55,1184.71,4450050000
2010-10-19,1178.64,1178.64,1159.71,1165.9,5600120000
2010-10-20,1166.74,1182.9399,1166.74,1178.17,5027880000
2010-10-21,1179.8199,1189.4301,1171.17,1180.26,4625470000
2010-10-22,1180.52,1183.9301,1178.99,1183.08,3177890000
2010-10-25,1184.74,1196.14,1184.74,1185.62,4221380000
2010-10-26,1184.88,1187.11,1177.72,1185.64,4203680000
2010-10-27,1183.84,1183.84,1171.7,1182.45,4335670000
2010-10-28,1184.47,1189.53,1177.1,1183.78,4283460000
2010-10-29,1183.87,1185.46,1179.7,1183.26,3537880000
2010-11-01,1185.71,1195.8101,1177.65,1184.38,4129180000
2010-11-02,1187.86,1195.88,1187.86,1193.5699,3866200000
2010-11-03,1193.79,1198.3,1183.5601,1197.96,4665480000
2010-11-04,1198.34,1221.25,1198.34,1221.0601,5695470000
2010-11-05,1221.2,1227.08,1220.29,1225.85,5637460000
2010-11-08,1223.24,1224.5699,1217.55,1223.25,3937230000
2010-11-09,1223.59,1226.84,1208.9399,1213.4,4848040000
2010-11-10,1213.14,1218.75,1204.33,1218.71,4561300000
2010-11-11,1213.04,1215.45,1204.49,1213.54,3931120000
2010-11-12,1209.0699,1210.5,1194.08,1199.21,4213620000
2010-11-15,1200.4399,1207.4301,1197.15,1197.75,3503370000
2010-11-16,1194.79,1194.79,1173.0,1178.34,5116380000
2010-11-17,1178.33,1183.5601,1175.8199,1178.59,3904780000
2010-11-18,1183.75,1200.29,1183.75,1196.6899,4687260000
2010-11-19,1196.12,1199.97,1189.4399,1199.73,3675390000
2010-11-22,1198.0699,1198.9399,1184.58,1197.84,3689500000
2010-11-23,1192.51,1192.51,1176.91,1180.73,4133070000
2010-11-24,1183.7,1198.62,1183.7,1198.35,3384250000
2010-11-26,1194.16,1194.16,1186.9301,1189.4,1613820000
2010-11-29,1189.08,1190.34,1173.64,1187.76,3673450000
2010-11-30,1182.96,1187.4,1174.14,1180.55,4284700000
2010-12-01,1186.6,1207.61,1186.6,1206.0699,4548110000
2010-12-02,1206.8101,1221.89,1206.8101,1221.53,4970800000
2010-12-03,1219.9301,1225.5699,1216.8199,1224.71,3735780000
2010-12-06,1223.87,1225.8,1220.67,1223.12,3527370000
2010-12-07,1227.25,1235.05,1223.25,1223.75,6970630000
2010-12-08,1225.02,1228.9301,1219.5,1228.28,4607590000
2010-12-09,1230.14,1234.71,1226.85,1233.0,4522510000
2010-12-10,1233.85,1240.4,1232.58,1240.4,4547310000
2010-12-13,1242.52,1246.73,1240.34,1240.46,4361240000
2010-12-14,1241.84,1246.59,1238.17,1241.59,4132350000
2010-12-15,1241.58,1244.25,1234.01,1235.23,4407340000
2010-12-16,1236.34,1243.75,1232.85,1242.87,4736820000
2010-12-17,1243.63,1245.8101,1239.87,1243.91,4632470000
2010-12-20,1245.76,1250.2,1241.51,1247.08,3548140000
2010-12-21,1249.4301,1255.8199,1249.4301,1254.6,3479670000
2010-12-22,1254.9399,1259.39,1254.9399,1258.84,1285590000
2010-12-23,1257.53,1258.59,1254.05,1256.77,2515020000
2010-12-27,1254.66,1258.4301,1251.48,1257.54,1992470000
2010-12-28,1259.1,1259.9,1256.22,1258.51,2478450000
2010-12-29,1258.78,1262.6,1258.78,1259.78,2214380000
2010-12-30,1259.4399,1261.09,1256.3199,1257.88,1970720000
2010-12-31,1256.76,1259.34,1254.1899,1257.64,1799770000
2011-01-03,1257.62,1276.17,1257.62,1271.87,4286670000
2011-01-04,1272.95,1274.12,1262.66,1270.2,4796420000
2011-01-05,1268.78,1277.63,1265.36,1276.5601,4764920000
2011-01-06,1276.29,1278.17,1270.4301,1273.85,4844100000
2011-01-07,1274.41,1276.83,1261.7,1271.5,4963110000
2011-01-10,1270.84,1271.52,1262.1801,1269.75,4036450000
2011-01-11,1272.58,1277.25,1269.62,1274.48,4050750000
2011-01-12,1275.65,1286.87,1275.65,1285.96,4226940000
2011-01-13,1285.78,1286.7,1280.47,1283.76,4310840000
2011-01-14,1282.9,1293.24,1281.24,1293.24,4661590000
2011-01-18,1293.22,1296.0601,1290.16,1295.02,5284990000
2011-01-19,1294.52,1294.6,1278.92,1281.92,4743710000
2011-01-20,1280.85,1283.35,1271.26,1280.26,4935320000
2011-01-21,1283.63,1291.21,1282.0699,1283.35,4935320000
2011-01-24,1283.29,1291.9301,1282.47,1290.84,3902470000
2011-01-25,1288.17,1291.26,1281.0699,1291.1801,4595380000
2011-01-26,1291.97,1299.74,1291.97,1296.63,4730980000
2011-01-27,1297.51,1301.29,1294.41,1299.54,4309190000
2011-01-28,1299.63,1302.67,1275.1,1276.34,5618630000
2011-01-31,1276.5,1287.17,1276.5,1286.12,4167160000
2011-02-01,1289.14,1308.86,1289.14,1307.59,5164500000
2011-02-02,1305.91,1307.61,1302.62,1304.03,4098260000
2011-02-03,1302.77,1308.6,1294.83,1307.1,4370990000
2011-02-04,1307.01,1311.0,1301.67,1310.87,3925950000
2011-02-07,1311.85,1322.85,1311.85,1319.05,3902270000
2011-02-08,1318.76,1324.87,1316.03,1324.5699,3881530000
2011-02-09,1322.48,1324.54,1314.89,1320.88,3922240000
2011-02-10,1318.13,1322.78,1311.74,1321.87,4184610000
2011-02-11,1318.66,1330.79,1316.08,1329.15,4219300000
2011-02-14,1328.73,1332.96,1326.9,1332.3199,3567040000
2011-02-15,1330.4301,1330.4301,1324.61,1328.01,3926860000
2011-02-16,1329.51,1337.61,1329.51,1336.3199,1966450000
2011-02-17,1334.37,1341.5,1331.0,1340.4301,1966450000
2011-02-18,1340.38,1344.0699,1338.12,1343.01,1162310000
2011-02-22,1338.91,1338.91,1312.33,1315.4399,1322780000
2011-02-23,1315.4399,1317.91,1299.55,1307.4,1330340000
2011-02-24,1307.09,1310.91,1294.26,1306.1,1222900000
2011-02-25,1307.34,1320.61,1307.34,1319.88,3836030000
2011-02-28,1321.61,1329.38,1320.55,1327.22,1252850000
2011-03-01,1328.64,1332.09,1306.14,1306.33,1180420000
2011-03-02,1305.47,1314.1899,1302.58,1308.4399,1025000000
2011-03-03,1312.37,1332.28,1312.37,1330.97,4340470000
2011-03-04,1330.73,1331.08,1312.59,1321.15,4223740000
2011-03-07,1322.72,1327.6801,1303.99,1310.13,3964730000
2011-03-08,1311.05,1325.74,1306.86,1321.8199,4531420000
2011-03-09,1319.92,1323.21,1312.27,1320.02,3709520000
2011-03-10,1315.72,1315.72,1294.21,1295.11,4723020000
2011-03-11,1293.4301,1308.35,1291.99,1304.28,3740400000
2011-03-14,1301.1899,1301.1899,1286.37,1296.39,4050370000
2011-03-15,1288.46,1288.46,1261.12,1281.87,5201400000
2011-03-16,1279.46,1280.91,1249.05,1256.88,5833000000
2011-03-17,1261.61,1278.88,1261.61,1273.72,4134950000
2011-03-18,1276.71,1288.88,1276.1801,1279.21,4685500000
2011-03-21,1281.65,1300.58,1281.65,1298.38,4223730000
2011-03-22,1298.29,1299.35,1292.7,1293.77,3576550000
2011-03-23,1292.1899,1300.51,1284.05,1297.54,3842350000
2011-03-24,1300.61,1311.34,1297.74,1309.66,4223740000
2011-03-25,1311.8,1319.1801,1310.15,1313.8,4223740000
2011-03-28,1315.45,1319.74,1310.1899,1310.1899,3215170000
2011-03-29,1309.37,1319.45,1305.26,1319.4399,3482580000
2011-03-30,1321.89,1331.74,1321.89,1328.26,3809570000
2011-03-31,1327.4399,1329.77,1325.03,1325.83,3566270000
2011-04-01,1329.48,1337.85,1328.89,1332.41,4223740000
2011-04-04,1333.5601,1336.74,1329.1,1332.87,4223740000
2011-04-05,1332.03,1338.21,1330.03,1332.63,3852280000
2011-04-06,1335.9399,1339.38,1331.09,1335.54,4223740000
2011-04-07,1334.8199,1338.8,1326.5601,1333.51,4005600000
2011-04-08,1336.16,1339.46,1322.9399,1328.17,3582810000
2011-04-11,1329.01,1333.77,1321.0601,1324.46,3478970000
2011-04-12,1321.96,1321.96,1309.51,1314.16,4275490000
2011-04-13,1314.03,1321.35,1309.1899,1314.41,3850860000
2011-04-14,1311.13,1316.79,1302.42,1314.52,3872630000
2011-04-15,1314.54,1322.88,1313.6801,1319.6801,4223740000
2011-04-18,1313.35,1313.35,1294.7,1305.14,4223740000
2011-04-19,1305.99,1312.7,1303.97,1312.62,3886300000
2011-04-20,1319.12,1332.66,1319.12,1330.36,4236280000
2011-04-21,1333.23,1337.49,1332.83,1337.38,3587240000
2011-04-25,1337.14,1337.55,1331.47,1335.25,2142130000
2011-04-26,1336.75,1349.55,1336.75,1347.24,3908060000
2011-04-27,1348.4301,1357.49,1344.25,1355.66,4051570000
2011-04-28,1353.86,1361.71,1353.6,1360.48,4036820000
2011-04-29,1360.14,1364.5601,1358.6899,1363.61,3479070000
2011-05-02,1365.21,1370.58,1358.59,1361.22,3846250000
2011-05-03,1359.76,1360.84,1349.52,1356.62,4223740000
2011-05-04,1355.9,1355.9,1341.5,1347.3199,4223740000
2011-05-05,1344.16,1348.0,1329.17,1335.1,3846250000
2011-05-06,1340.24,1354.36,1335.58,1340.2,4223740000
2011-05-09,1340.2,1349.4399,1338.64,1346.29,4265250000
2011-05-10,1348.34,1359.4399,1348.34,1357.16,4223740000
2011-05-11,1354.51,1354.51,1336.36,1342.08,3846250000
2011-05-12,1339.39,1351.05,1332.03,1348.65,3777210000
2011-05-13,1348.6899,1350.47,1333.36,1337.77,3426660000
2011-05-16,1334.77,1343.33,1327.3199,1329.47,3846250000
2011-05-17,1326.1,1330.42,1318.51,1328.98,4053970000
2011-05-18,1328.54,1341.8199,1326.59,1340.6801,3922030000
2011-05-19,1342.4,1346.8199,1336.36,1343.6,3626110000
2011-05-20,1342.0,1342.0,1330.67,1333.27,4066020000
2011-05-23,1333.0699,1333.0699,1312.88,1317.37,3255580000
2011-05-24,1317.7,1323.72,1313.87,1316.28,3846250000
2011-05-25,1316.36,1325.86,1311.8,1320.47,4109670000
2011-05-26,1320.64,1328.51,1314.41,1325.6899,3259470000
2011-05-27,1325.6899,1334.62,1325.6899,1331.1,3124560000
2011-05-31,1331.1,1345.2,1331.1,1345.2,4696240000
2011-06-01,1345.2,1345.2,1313.71,1314.55,4241090000
2011-06-02,1314.55,1318.03,1305.61,1312.9399,3762170000
2011-06-03,1312.9399,1312.9399,1297.9,1300.16,3505030000
2011-06-06,1300.26,1300.26,1284.72,1286.17,3555980000
2011-06-07,1286.3101,1296.22,1284.74,1284.9399,3846250000
2011-06-08,1284.63,1287.04,1277.42,1279.5601,3970810000
2011-06-09,1279.63,1294.54,1279.63,1289.0,3332510000
2011-06-10,1288.6,1288.6,1268.28,1270.98,3846250000
2011-06-13,1271.3101,1277.04,1265.64,1271.83,4132520000
2011-06-14,1272.22,1292.5,1272.22,1287.87,3500280000
2011-06-15,1287.87,1287.87,1261.9,1265.42,4070500000
2011-06-16,1265.53,1274.11,1258.0699,1267.64,3846250000
2011-06-17,1268.58,1279.8199,1267.4,1271.5,4916460000
2011-06-20,1271.5,1280.42,1267.5601,1278.36,3464660000
2011-06-21,1278.4,1297.62,1278.4,1295.52,4056150000
2011-06-22,1295.48,1298.61,1286.79,1287.14,3718420000
2011-06-23,1286.6,1286.6,1262.87,1283.5,4983450000
2011-06-24,1283.04,1283.9301,1267.24,1268.45,3665340000
2011-06-27,1268.4399,1284.91,1267.53,1280.1,3479070000
2011-06-28,1280.21,1296.8,1280.21,1296.67,3681500000
2011-06-29,1296.85,1309.21,1296.85,1307.41,4347540000
2011-06-30,1307.64,1321.97,1307.64,1320.64,4200500000
2011-07-01,1320.64,1341.01,1318.1801,1339.67,3796930000
2011-07-05,1339.59,1340.89,1334.3,1337.88,3722320000
2011-07-06,1337.5601,1340.9399,1330.92,1339.22,3564190000
2011-07-07,1339.62,1356.48,1339.62,1353.22,4069530000
2011-07-08,1352.39,1352.39,1333.71,1343.8,3594360000
2011-07-11,1343.3101,1343.3101,1316.42,1319.49,3879130000
2011-07-12,1319.61,1327.17,1313.33,1313.64,4227890000
2011-07-13,1314.45,1331.48,1314.45,1317.72,4060080000
2011-07-14,1317.74,1326.88,1306.51,1308.87,4358570000
2011-07-15,1308.87,1317.7,1307.52,1316.14,4242760000
2011-07-18,1315.9399,1315.9399,1295.92,1305.4399,4118160000
2011-07-19,1307.0699,1328.14,1307.0699,1326.73,4304600000
2011-07-20,1328.66,1330.4301,1323.65,1325.84,3767420000
2011-07-21,1325.65,1347.0,1325.65,1343.8,4837430000
2011-07-22,1343.8,1346.1,1336.95,1345.02,3522830000
2011-07-25,1344.3199,1344.3199,1331.09,1337.4301,3536890000
2011-07-26,1337.39,1338.51,1329.59,1331.9399,4007050000
2011-07-27,1331.91,1331.91,1303.49,1304.89,3479040000
2011-07-28,1304.84,1316.3199,1299.16,1300.67,4951800000
2011-07-29,1300.12,1304.16,1282.86,1292.28,5061190000
2011-08-01,1292.59,1307.38,1274.73,1286.9399,4967390000
2011-08-02,1286.5601,1286.5601,1254.03,1254.05,5206290000
2011-08-03,1254.25,1261.2,1234.5601,1260.34,6446940000
2011-08-04,1260.23,1260.23,1199.54,1200.0699,4266530000
2011-08-05,1200.28,1218.11,1168.09,1199.38,5454590000
2011-08-08,1198.48,1198.48,1119.28,1119.46,2615150000
2011-08-09,1120.23,1172.88,1101.54,1172.53,2366660000
2011-08-10,1171.77,1171.77,1118.01,1120.76,5018070000
2011-08-11,1121.3,1186.29,1121.3,1172.64,3685050000
2011-08-12,1172.87,1189.04,1170.74,1178.8101,5640380000
2011-08-15,1178.86,1204.49,1178.86,1204.49,4272850000
2011-08-16,1204.22,1204.22,1180.53,1192.76,5071600000
2011-08-17,1192.89,1208.47,1184.36,1193.89,4388340000
2011-08-18,1189.62,1189.62,1131.03,1140.65,3234810000
2011-08-19,1140.47,1154.54,1122.05,1123.53,5167560000
2011-08-22,1123.55,1145.49,1121.09,1123.8199,5436260000
2011-08-23,1124.36,1162.35,1124.36,1162.35,5013170000
2011-08-24,1162.16,1178.5601,1156.3,1177.6,5315310000
2011-08-25,1176.6899,1190.6801,1155.47,1159.27,5748420000
2011-08-26,1158.85,1181.23,1135.91,1176.8,5035320000
2011-08-29,1177.91,1210.28,1177.91,1210.08,4228070000
2011-08-30,1209.76,1220.1,1195.77,1212.92,4572570000
2011-08-31,1213.0,1230.71,1209.35,1218.89,5267840000
2011-09-01,1219.12,1229.29,1203.85,1204.42,4780410000
2011-09-02,1203.9,1203.9,1170.5601,1173.97,4401740000
2011-09-06,1173.97,1173.97,1140.13,1165.24,5103980000
2011-09-07,1165.85,1198.62,1165.85,1198.62,4441040000
2011-09-08,1197.98,1204.4,1183.34,1185.9,4465170000
2011-09-09,1185.37,1185.37,1148.37,1154.23,4586370000
2011-09-12,1153.5,1162.52,1136.0699,1162.27,5168550000
2011-09-13,1162.59,1176.41,1157.4399,1172.87,4681370000
2011-09-14,1173.3199,1202.38,1162.73,1188.6801,4986740000
2011-09-15,1189.4399,1209.11,1189.4399,1209.11,4479730000
2011-09-16,1209.21,1220.0601,1204.46,1216.01,5248890000
2011-09-19,1214.99,1214.99,1188.36,1204.09,4254190000
2011-09-20,1204.5,1220.39,1201.29,1202.09,4315610000
2011-09-21,1203.63,1206.3,1166.21,1166.76,4728550000
2011-09-22,1164.55,1164.55,1114.22,1129.5601,6703140000
2011-09-23,1128.8199,1141.72,1121.36,1136.4301,5639930000
2011-09-26,1136.91,1164.1899,1131.0699,1162.95,4762830000
2011-09-27,1163.3199,1195.86,1163.3199,1175.38,5548130000
2011-09-28,1175.39,1184.71,1150.4,1151.0601,4787920000
2011-09-29,1151.74,1175.87,1139.9301,1160.4,5285740000
2011-09-30,1159.9301,1159.9301,1131.34,1131.42,4416790000
2011-10-03,1131.21,1138.99,1098.92,1099.23,5670340000
2011-10-04,1097.42,1125.12,1074.77,1123.95,3714670000
2011-10-05,1124.03,1146.0699,1115.6801,1144.03,2510620000
2011-10-06,1144.11,1165.55,1134.95,1164.97,5098330000
2011-10-07,1165.03,1171.4,1150.26,1155.46,5580380000
2011-10-10,1158.15,1194.91,1158.15,1194.89,4446800000
2011-10-11,1194.6,1199.24,1187.3,1195.54,4424500000
2011-10-12,1196.1899,1220.25,1196.1899,1207.25,5355360000
2011-10-13,1206.96,1207.46,1190.58,1203.66,4436270000
2011-10-14,1205.65,1224.61,1205.65,1224.58,4116690000
2011-10-17,1224.47,1224.47,1198.55,1200.86,4300700000
2011-10-18,1200.75,1233.1,1191.48,1225.38,4840170000
2011-10-19,1223.46,1229.64,1206.3101,1209.88,4846390000
2011-10-20,1209.92,1219.53,1197.34,1215.39,4870290000
2011-10-21,1215.39,1239.03,1215.39,1238.25,4980770000
2011-10-24,1238.72,1256.55,1238.72,1254.1899,4309380000
2011-10-25,1254.1899,1254.1899,1226.79,1229.05,4473970000
2011-10-26,1229.17,1246.28,1221.0601,1242.0,4873530000
2011-10-27,1243.97,1292.66,1243.97,1284.59,6367610000
2011-10-28,1284.39,1287.08,1277.01,1285.09,4536690000
2011-10-31,1284.96,1284.96,1253.16,1253.3,4310210000
2011-11-01,1251.0,1251.0,1215.42,1218.28,5645540000
2011-11-02,1219.62,1242.48,1219.62,1237.9,4110530000
2011-11-03,1238.25,1263.21,1234.8101,1261.15,4849140000
2011-11-04,1260.8199,1260.8199,1238.92,1253.23,3830650000
2011-11-07,1253.21,1261.7,1240.75,1261.12,3429740000
2011-11-08,1261.12,1277.55,1254.99,1275.92,3908490000
2011-11-09,1275.1801,1275.1801,1226.64,1229.1,4659740000
2011-11-10,1229.59,1246.22,1227.7,1239.7,4002760000
2011-11-11,1240.12,1266.98,1240.12,1263.85,3370180000
2011-11-14,1263.85,1263.85,1246.6801,1251.78,3219680000
2011-11-15,1251.7,1264.25,1244.34,1257.8101,3599300000
2011-11-16,1257.8101,1259.61,1235.67,1236.91,4085010000
2011-11-17,1236.5601,1237.73,1209.4301,1216.13,4596450000
2011-11-18,1216.1899,1223.51,1211.36,1215.65,3827610000
2011-11-21,1215.62,1215.62,1183.16,1192.98,4050070000
2011-11-22,1192.98,1196.8101,1181.65,1188.04,3911710000
2011-11-23,1187.48,1187.48,1161.79,1161.79,3798940000
2011-11-25,1161.41,1172.66,1158.66,1158.67,1664200000
2011-11-28,1158.67,1197.35,1158.67,1192.55,3920750000
2011-11-29,1192.5601,1203.67,1191.8,1195.1899,3992650000
2011-11-30,1196.72,1247.11,1196.72,1246.96,5801910000
2011-12-01,1246.91,1251.09,1239.73,1244.58,3818680000
2011-12-02,1246.03,1260.08,1243.35,1244.28,4144310000
2011-12-05,1244.33,1266.73,1244.33,1257.08,4148060000
2011-12-06,1257.1899,1266.03,1253.03,1258.47,3734230000
2011-12-07,1258.14,1267.0601,1244.8,1261.01,4160540000
2011-12-08,1260.87,1260.87,1231.47,1234.35,4298370000
2011-12-09,1234.48,1258.25,1234.48,1255.1899,3830610000
2011-12-12,1255.05,1255.05,1227.25,1236.47,3600570000
2011-12-13,1236.83,1249.86,1219.4301,1225.73,4121570000
2011-12-14,1225.73,1225.73,1209.47,1211.8199,4298290000
2011-12-15,1212.12,1225.6,1212.12,1215.75,3810340000
2011-12-16,1216.09,1231.04,1215.2,1219.66,5345800000
2011-12-19,1219.74,1224.5699,1202.37,1205.35,3659820000
2011-12-20,1205.72,1242.8199,1205.72,1241.3,4055590000
2011-12-21,1241.25,1245.09,1229.51,1243.72,2959020000
2011-12-22,1243.72,1255.22,1243.72,1254.0,3492250000
2011-12-23,1254.0,1265.42,1254.0,1265.33,2233830000
2011-12-27,1265.02,1269.37,1262.3,1265.4301,2130590000
2011-12-28,1265.38,1265.85,1248.64,1249.64,2349980000
2011-12-29,1249.75,1263.54,1249.75,1263.02,2278130000
2011-12-30,1262.8199,1264.12,1257.46,1257.6,2271850000
2012-01-03,1258.86,1284.62,1258.86,1277.0601,3943710000
2012-01-04,1277.03,1278.73,1268.1,1277.3,3592580000
2012-01-05,1277.3,1283.05,1265.26,1281.0601,4315950000
2012-01-06,1280.9301,1281.84,1273.34,1277.8101,3656830000
2012-01-09,1277.83,1281.99,1274.55,1280.7,3371600000
2012-01-10,1280.77,1296.46,1280.77,1292.08,4221960000
2012-01-11,1292.02,1293.8,1285.41,1292.48,3968120000
2012-01-12,1292.48,1296.8199,1285.77,1295.5,4019890000
2012-01-13,1294.8199,1294.8199,1277.58,1289.09,3692370000
2012-01-17,1290.22,1303.0,1290.22,1293.67,4010490000
2012-01-18,1293.65,1308.11,1290.99,1308.04,4096160000
2012-01-19,1308.0699,1315.49,1308.0699,1314.5,4465890000
2012-01-20,1314.49,1315.38,1309.17,1315.38,3912620000
2012-01-23,1315.29,1322.28,1309.89,1316.0,3770910000
2012-01-24,1315.96,1315.96,1306.0601,1314.65,3693560000
2012-01-25,1314.4,1328.3,1307.65,1326.0601,4410910000
2012-01-26,1326.28,1333.47,1313.6,1318.4301,4522070000
2012-01-27,1318.25,1320.0601,1311.72,1316.33,4007380000
2012-01-30,1316.16,1316.16,1300.49,1313.01,3659010000
2012-01-31,1313.53,1321.41,1306.6899,1312.41,4235550000
2012-02-01,1312.45,1330.52,1312.45,1324.09,4504360000
2012-02-02,1324.24,1329.1899,1321.5699,1325.54,4120920000
2012-02-03,1326.21,1345.34,1326.21,1344.9,4608550000
2012-02-06,1344.3199,1344.36,1337.52,1344.33,3379700000
2012-02-07,1344.33,1349.24,1335.92,1347.05,3742460000
2012-02-08,1347.04,1351.0,1341.95,1349.96,4096730000
2012-02-09,1349.97,1354.3199,1344.63,1351.95,4209890000
2012-02-10,1351.21,1351.21,1337.35,1342.64,3877580000
2012-02-13,1343.0601,1353.35,1343.0601,1351.77,3618040000
2012-02-14,1351.3,1351.3,1340.83,1350.5,3889520000
2012-02-15,1350.52,1355.87,1340.8,1343.23,4080340000
2012-02-16,1342.61,1359.02,1341.22,1358.04,4108880000
2012-02-17,1358.0601,1363.4,1357.24,1361.23,3717640000
2012-02-21,1361.22,1367.76,1358.11,1362.21,3795200000
2012-02-22,1362.11,1362.7,1355.53,1357.66,3633710000
2012-02-23,1357.53,1364.24,1352.28,1363.46,3786450000
2012-02-24,1363.46,1368.92,1363.46,1365.74,3505360000
2012-02-27,1365.2,1371.9399,1354.92,1367.59,3648890000
2012-02-28,1367.5601,1373.09,1365.97,1372.1801,3579120000
2012-02-29,1372.2,1378.04,1363.8101,1365.6801,4482370000
2012-03-01,1365.9,1376.17,1365.9,1374.09,3919240000
2012-03-02,1374.09,1374.53,1366.42,1369.63,3283490000
2012-03-05,1369.59,1369.59,1359.13,1364.33,3429480000
2012-03-06,1363.63,1363.63,1340.03,1343.36,4191060000
2012-03-07,1343.39,1354.85,1343.39,1352.63,3580380000
2012-03-08,1352.65,1368.72,1352.65,1365.91,3543060000
2012-03-09,1365.97,1374.76,1365.97,1370.87,3639470000
2012-03-12,1370.78,1373.04,1366.6899,1371.09,3081870000
2012-03-13,1371.92,1396.13,1371.92,1395.95,4386470000
2012-03-14,1395.95,1399.42,1389.97,1394.28,4502280000
2012-03-15,1394.17,1402.63,1392.78,1402.6,4271650000
2012-03-16,1402.55,1405.88,1401.47,1404.17,5163950000
2012-03-19,1404.17,1414.0,1402.4301,1409.75,3932570000
2012-03-20,1409.59,1409.59,1397.6801,1405.52,3695280000
2012-03-21,1405.52,1407.75,1400.64,1402.89,3573590000
2012-03-22,1402.89,1402.89,1388.73,1392.78,3740590000
2012-03-23,1392.78,1399.1801,1386.87,1397.11,3472950000
2012-03-26,1397.11,1416.58,1397.11,1416.51,3576950000
2012-03-27,1416.55,1419.15,1411.95,1412.52,3513640000
2012-03-28,1412.52,1413.65,1397.2,1405.54,3892800000
2012-03-29,1405.39,1405.39,1391.5601,1403.28,3832000000
2012-03-30,1403.3101,1410.89,1401.42,1408.47,3676890000
2012-04-02,1408.47,1422.38,1404.46,1419.04,3572010000
2012-04-03,1418.98,1419.0,1404.62,1413.38,3822090000
2012-04-04,1413.09,1413.09,1394.09,1398.96,3938290000
2012-04-05,1398.79,1401.6,1392.92,1398.08,3303740000
2012-04-09,1397.45,1397.45,1378.24,1382.2,3468980000
2012-04-10,1382.1801,1383.01,1357.38,1358.59,4631730000
2012-04-11,1358.98,1374.71,1358.98,1368.71,3743040000
2012-04-12,1368.77,1388.13,1368.77,1387.5699,3618280000
2012-04-13,1387.61,1387.61,1369.85,1370.26,3631160000
2012-04-16,1370.27,1379.66,1365.38,1369.5699,3574780000
2012-04-17,1369.5699,1392.76,1369.5699,1390.78,3456200000
2012-04-18,1390.78,1390.78,1383.29,1385.14,3463140000
2012-04-19,1385.08,1390.46,1370.3,1376.92,4180020000
2012-04-20,1376.96,1387.4,1376.96,1378.53,3833320000
2012-04-23,1378.53,1378.53,1358.79,1366.9399,3654860000
2012-04-24,1366.97,1375.5699,1366.8199,1371.97,3617100000
2012-04-25,1372.11,1391.37,1372.11,1390.6899,3998430000
2012-04-26,1390.64,1402.09,1387.28,1399.98,4034700000
2012-04-27,1400.1899,1406.64,1397.3101,1403.36,3645830000
2012-04-30,1403.26,1403.26,1394.0,1397.91,3574010000
2012-05-01,1397.86,1415.3199,1395.73,1405.8199,3807950000
2012-05-02,1405.5,1405.5,1393.92,1402.3101,3803860000
2012-05-03,1402.3199,1403.0699,1388.71,1391.5699,4004910000
2012-05-04,1391.51,1391.51,1367.96,1369.1,3975140000
2012-05-07,1368.79,1373.91,1363.9399,1369.58,3559390000
2012-05-08,1369.16,1369.16,1347.75,1363.72,4261670000
2012-05-09,1363.2,1363.73,1343.13,1354.58,4288540000
2012-05-10,1354.58,1365.88,1354.58,1357.99,3727990000
2012-05-11,1358.11,1365.66,1348.89,1353.39,3869070000
2012-05-14,1351.9301,1351.9301,1336.61,1338.35,3688120000
2012-05-15,1338.36,1344.9399,1328.41,1330.66,4114040000
2012-05-16,1330.78,1341.78,1324.79,1324.8,4280420000
2012-05-17,1324.8199,1326.36,1304.86,1304.86,4664280000
2012-05-18,1305.05,1312.24,1291.98,1295.22,4512470000
2012-05-21,1295.73,1316.39,1295.73,1315.99,3786750000
2012-05-22,1316.09,1328.49,1310.04,1316.63,4123680000
2012-05-23,1316.02,1320.71,1296.53,1318.86,4108330000
2012-05-24,1318.72,1324.14,1310.5,1320.6801,3937670000
2012-05-25,1320.8101,1324.2,1314.23,1317.8199,2872660000
2012-05-29,1318.9,1334.9301,1318.9,1332.42,3441640000
2012-05-30,1331.25,1331.25,1310.76,1313.3199,3534290000
2012-05-31,1313.09,1319.74,1298.9,1310.33,4557620000
2012-06-01,1309.87,1309.87,1277.25,1278.04,4669350000
2012-06-04,1278.29,1282.55,1266.74,1278.1801,4011960000
2012-06-05,1277.8199,1287.62,1274.16,1285.5,3403230000
2012-06-06,1285.61,1315.13,1285.61,1315.13,4268360000
2012-06-07,1316.15,1329.05,1312.6801,1314.99,4258140000
2012-06-08,1314.99,1325.8101,1307.77,1325.66,3497190000
2012-06-11,1325.72,1335.52,1307.73,1308.9301,3537530000
2012-06-12,1309.4,1324.3101,1306.62,1324.1801,3442920000
2012-06-13,1324.02,1327.28,1310.51,1314.88,3506510000
2012-06-14,1314.88,1333.6801,1314.14,1329.1,3687720000
2012-06-15,1329.1899,1343.3199,1329.1899,1342.84,4401570000
2012-06-18,1342.42,1348.22,1334.46,1344.78,3259430000
2012-06-19,1344.83,1363.46,1344.83,1357.98,3815350000
2012-06-20,1358.04,1361.5699,1346.45,1355.6899,3695700000
2012-06-21,1355.4301,1358.27,1324.41,1325.51,4094470000
2012-06-22,1325.92,1337.8199,1325.92,1335.02,5271490000
2012-06-25,1334.9,1334.9,1309.27,1313.72,3501820000
2012-06-26,1314.09,1324.24,1310.3,1319.99,3412940000
2012-06-27,1320.71,1334.4,1320.71,1331.85,3286910000
2012-06-28,1331.52,1331.52,1313.29,1329.04,3969370000
2012-06-29,1330.12,1362.17,1330.12,1362.16,4590480000
2012-07-02,1362.33,1366.35,1355.7,1365.51,3301650000
2012-07-03,1365.75,1374.8101,1363.53,1374.02,2116390000
2012-07-05,1373.72,1373.85,1363.02,1367.58,3041520000
2012-07-06,1367.09,1367.09,1348.03,1354.6801,2745140000
2012-07-09,1354.66,1354.87,1346.65,1352.46,2904860000
2012-07-10,1352.96,1361.54,1336.27,1341.47,3470600000
2012-07-11,1341.4,1345.0,1333.25,1341.45,3426290000
2012-07-12,1341.29,1341.29,1325.41,1334.76,3654440000
2012-07-13,1334.8101,1357.7,1334.8101,1356.78,3212930000
2012-07-16,1356.5,1357.26,1348.51,1353.64,2862720000
2012-07-17,1353.6801,1365.36,1345.0699,1363.67,3566680000
2012-07-18,1363.58,1375.26,1358.96,1372.78,3642630000
2012-07-19,1373.01,1380.39,1371.21,1376.51,4043360000
2012-07-20,1376.51,1376.51,1362.1899,1362.66,3925020000
2012-07-23,1362.34,1362.34,1337.5601,1350.52,3717180000
2012-07-24,1350.52,1351.53,1329.24,1338.3101,3891290000
2012-07-25,1338.35,1343.98,1331.5,1337.89,3719170000
2012-07-26,1338.17,1363.13,1338.17,1360.02,4429300000
2012-07-27,1360.05,1389.1899,1360.05,1385.97,4399010000
2012-07-30,1385.9399,1391.74,1381.37,1385.3,3212060000
2012-07-31,1385.27,1387.16,1379.17,1379.3199,3821570000
2012-08-01,1379.3199,1385.03,1373.35,1375.3199,4440920000
2012-08-02,1375.13,1375.13,1354.65,1365.0,4193740000
2012-08-03,1365.45,1394.16,1365.45,1390.99,3751170000
2012-08-06,1391.04,1399.63,1391.04,1394.23,3122050000
2012-08-07,1394.46,1407.14,1394.46,1401.35,3682490000
2012-08-08,1401.23,1404.14,1396.13,1402.22,3221790000
2012-08-09,1402.26,1405.95,1398.8,1402.8,3119610000
2012-08-10,1402.58,1405.98,1395.62,1405.87,2767980000
2012-08-13,1405.87,1405.87,1397.3199,1404.11,2499990000
2012-08-14,1404.36,1410.03,1400.6,1403.9301,2930900000
2012-08-15,1403.89,1407.73,1401.83,1405.53,2655750000
2012-08-16,1405.5699,1417.4399,1404.15,1415.51,3114100000
2012-08-17,1415.84,1418.71,1414.67,1418.16,2922990000
2012-08-20,1417.85,1418.13,1412.12,1418.13,2766320000
2012-08-21,1418.13,1426.6801,1410.86,1413.17,3282950000
2012-08-22,1413.09,1416.12,1406.78,1413.49,3062690000
2012-08-23,1413.49,1413.49,1400.5,1402.08,3008240000
2012-08-24,1401.99,1413.46,1398.04,1411.13,2598790000
2012-08-27,1411.13,1416.17,1409.11,1410.4399,2472500000
2012-08-28,1410.4399,1413.63,1405.59,1409.3,2629090000
2012-08-29,1409.3199,1413.95,1406.5699,1410.49,2571220000
2012-08-30,1410.08,1410.08,1397.01,1399.48,2530280000
2012-08-31,1400.0699,1413.09,1398.96,1406.58,2938250000
2012-09-04,1406.54,1409.3101,1396.5601,1404.9399,3200310000
2012-09-05,1404.9399,1408.8101,1401.25,1403.4399,3389110000
2012-09-06,1403.74,1432.12,1403.74,1432.12,3952870000
2012-09-07,1432.12,1437.92,1431.45,1437.92,3717620000
2012-09-10,1437.92,1438.74,1428.98,1429.08,3223670000
2012-09-11,1429.13,1437.76,1429.13,1433.5601,3509630000
2012-09-12,1433.5601,1439.15,1432.99,1436.5601,3641200000
2012-09-13,1436.5601,1463.76,1435.34,1459.99,4606550000
2012-09-14,1460.0699,1474.51,1460.0699,1465.77,5041990000
2012-09-17,1465.42,1465.63,1457.55,1461.1899,3482430000
2012-09-18,1461.1899,1461.47,1456.13,1459.3199,3377390000
2012-09-19,1459.5,1465.15,1457.88,1461.05,3451360000
2012-09-20,1461.05,1461.23,1449.98,1460.26,3382520000
2012-09-21,1460.34,1467.0699,1459.51,1460.15,4833870000
2012-09-24,1459.76,1460.72,1452.0601,1456.89,3008920000
2012-09-25,1456.9399,1463.24,1441.59,1441.59,3739900000
2012-09-26,1441.6,1441.6,1430.53,1433.3199,3565380000
2012-09-27,1433.36,1450.2,1433.36,1447.15,3150330000
2012-09-28,1447.13,1447.13,1435.6,1440.67,3509230000
2012-10-01,1440.9,1457.14,1440.9,1444.49,3505080000
2012-10-02,1444.99,1451.52,1439.01,1445.75,3321790000
2012-10-03,1446.05,1454.3,1441.99,1450.99,3531640000
2012-10-04,1451.08,1463.14,1451.08,1461.4,3615860000
2012-10-05,1461.4,1470.96,1456.89,1460.9301,3172940000
2012-10-08,1460.9301,1460.9301,1453.1,1455.88,2328720000
2012-10-09,1455.9,1455.9,1441.1801,1441.48,3216320000
2012-10-10,1441.48,1442.52,1430.64,1432.5601,3225060000
2012-10-11,1432.8199,1443.9,1432.8199,1432.84,3672540000
2012-10-12,1432.84,1438.4301,1425.53,1428.59,3134750000
2012-10-15,1428.75,1441.3101,1427.24,1440.13,3483810000
2012-10-16,1440.3101,1455.51,1440.3101,1454.92,3568770000
2012-10-17,1454.22,1462.2,1453.35,1460.91,3655320000
2012-10-18,1460.9399,1464.02,1452.63,1457.34,3880030000
2012-10-19,1457.34,1457.34,1429.85,1433.1899,3875170000
2012-10-22,1433.21,1435.46,1422.0601,1433.8199,3216220000
2012-10-23,1433.74,1433.74,1407.5601,1413.11,3587670000
2012-10-24,1413.2,1420.04,1407.1,1408.75,3385970000
2012-10-25,1409.74,1421.12,1405.14,1412.97,3512640000
2012-10-26,1412.97,1417.09,1403.28,1411.9399,3284910000
2012-10-31,1410.99,1418.76,1405.95,1412.16,3577110000
2012-11-01,1412.2,1428.35,1412.2,1427.59,3929890000
2012-11-02,1427.59,1434.27,1412.91,1414.2,3732480000
2012-11-05,1414.02,1419.9,1408.13,1417.26,2921040000
2012-11-06,1417.26,1433.38,1417.26,1428.39,3306970000
2012-11-07,1428.27,1428.27,1388.14,1394.53,4356490000
2012-11-08,1394.53,1401.23,1377.51,1377.51,3779520000
2012-11-09,1377.55,1391.39,1373.03,1379.85,3647350000
2012-11-12,1379.86,1384.87,1377.1899,1380.03,2567540000
2012-11-13,1380.03,1388.8101,1371.39,1374.53,3455550000
2012-11-14,1374.64,1380.13,1352.5,1355.49,4109510000
2012-11-15,1355.41,1360.62,1348.05,1353.33,3928870000
2012-11-16,1353.36,1362.03,1343.35,1359.88,4045910000
2012-11-19,1359.88,1386.89,1359.88,1386.89,3374800000
2012-11-20,1386.8199,1389.77,1377.04,1387.8101,3207160000
2012-11-21,1387.79,1391.25,1386.39,1391.03,2667090000
2012-11-23,1391.03,1409.16,1391.03,1409.15,1504960000
2012-11-26,1409.15,1409.15,1397.6801,1406.29,2948960000
2012-11-27,1406.29,1409.01,1398.03,1398.9399,3323120000
2012-11-28,1398.77,1410.3101,1385.4301,1409.9301,3359250000
2012-11-29,1409.96,1419.7,1409.04,1415.95,3356850000
2012-11-30,1415.95,1418.86,1411.63,1416.1801,3966000000
2012-12-03,1416.34,1423.73,1408.46,1409.46,3074280000
2012-12-04,1409.46,1413.14,1403.65,1407.05,3247710000
2012-12-05,1407.05,1415.5601,1398.23,1409.28,4253920000
2012-12-06,1409.4301,1413.95,1405.9301,1413.9399,3229700000
2012-12-07,1413.95,1420.34,1410.9,1418.0699,3125160000
2012-12-10,1418.0699,1421.64,1415.64,1418.55,2999430000
2012-12-11,1418.55,1434.27,1418.55,1427.84,3650230000
2012-12-12,1427.84,1438.59,1426.76,1428.48,3709050000
2012-12-13,1428.48,1431.36,1416.0,1419.45,3349960000
2012-12-14,1419.45,1419.45,1411.88,1413.58,3210170000
2012-12-17,1413.54,1430.67,1413.54,1430.36,3455610000
2012-12-18,1430.47,1448.0,1430.47,1446.79,4302240000
2012-12-19,1446.79,1447.75,1435.8,1435.8101,3869800000
2012-12-20,1435.8101,1443.7,1432.8199,1443.6899,3686580000
2012-12-21,1443.67,1443.67,1422.58,1430.15,5229160000
2012-12-24,1430.15,1430.15,1424.66,1426.66,1248960000
2012-12-26,1426.66,1429.42,1416.4301,1419.83,2285030000
2012-12-27,1419.83,1422.8,1401.8,1418.1,2830180000
2012-12-28,1418.1,1418.1,1401.58,1402.4301,2426680000
2012-12-31,1402.4301,1426.74,1398.11,1426.1899,3204330000
2013-01-02,1426.1899,1462.4301,1426.1899,1462.42,4202600000
2013-01-03,1462.42,1465.47,1455.53,1459.37,3829730000
2013-01-04,1459.37,1467.9399,1458.99,1466.47,3424290000
2013-01-07,1466.47,1466.47,1456.62,1461.89,3304970000
2013-01-08,1461.89,1461.89,1451.64,1457.15,3601600000
2013-01-09,1457.15,1464.73,1457.15,1461.02,3674390000
2013-01-10,1461.02,1472.3,1461.02,1472.12,4081840000
2013-01-11,1472.12,1472.75,1467.58,1472.05,3340650000
2013-01-14,1472.05,1472.05,1465.6899,1470.6801,3003010000
2013-01-15,1470.67,1473.3101,1463.76,1472.34,3135350000
2013-01-16,1472.33,1473.96,1467.6,1472.63,3384080000
2013-01-17,1472.63,1485.16,1472.63,1480.9399,3706710000
2013-01-18,1480.95,1485.98,1475.8101,1485.98,3795740000
2013-01-22,1485.98,1492.5601,1481.16,1492.5601,3570950000
2013-01-23,1492.5601,1496.13,1489.9,1494.8101,3552010000
2013-01-24,1494.8101,1502.27,1489.46,1494.8199,3699430000
2013-01-25,1494.8199,1503.26,1494.8199,1502.96,3476290000
2013-01-28,1502.96,1503.23,1496.33,1500.1801,3388540000
2013-01-29,1500.1801,1509.35,1498.09,1507.84,3949640000
2013-01-30,1507.84,1509.9399,1500.11,1501.96,3726810000
2013-01-31,1501.96,1504.1899,1496.76,1498.11,3999880000
2013-02-01,1498.11,1514.41,1498.11,1513.17,3836320000
2013-02-04,1513.17,1513.17,1495.02,1495.71,3390000000
2013-02-05,1495.71,1514.96,1495.71,1511.29,3618360000
2013-02-06,1511.29,1512.53,1504.71,1512.12,3611570000
2013-02-07,1512.12,1512.9,1498.49,1509.39,3614580000
2013-02-08,1509.39,1518.3101,1509.39,1517.9301,2986150000
2013-02-11,1517.9301,1518.3101,1513.61,1517.01,2684100000
2013-02-12,1517.01,1522.29,1515.61,1519.4301,3414370000
2013-02-13,1519.4301,1524.6899,1515.9301,1520.33,3385880000
2013-02-14,1520.33,1523.14,1514.02,1521.38,3759740000
2013-02-15,1521.38,1524.24,1514.14,1519.79,3838510000
2013-02-19,1519.79,1530.9399,1519.79,1530.9399,3748910000
2013-02-20,1530.9399,1530.9399,1511.41,1511.95,4240570000
2013-02-21,1511.95,1511.95,1497.29,1502.42,4274600000
2013-02-22,1502.42,1515.64,1502.42,1515.6,3419320000
2013-02-25,1515.6,1525.84,1487.85,1487.85,4011050000
2013-02-26,1487.85,1498.99,1485.01,1496.9399,3975280000
2013-02-27,1496.9399,1520.08,1494.88,1515.99,3551850000
2013-02-28,1515.99,1525.34,1514.46,1514.6801,3912320000
2013-03-01,1514.6801,1519.99,1501.48,1518.2,3695610000
2013-03-04,1518.2,1525.27,1512.29,1525.2,3414430000
2013-03-05,1525.2,1543.47,1525.2,1539.79,3610690000
2013-03-06,1539.79,1545.25,1538.11,1541.46,3676890000
2013-03-07,1541.46,1545.78,1541.46,1544.26,3634710000
2013-03-08,1544.26,1552.48,1542.9399,1551.1801,3652260000
2013-03-11,1551.15,1556.27,1547.36,1556.22,3091080000
2013-03-12,1556.22,1556.77,1548.24,1552.48,3274910000
2013-03-13,1552.48,1556.39,1548.25,1554.52,3073830000
2013-03-14,1554.52,1563.3199,1554.52,1563.23,3459260000
2013-03-15,1563.21,1563.62,1555.74,1560.7,5175850000
2013-03-18,1560.7,1560.7,1545.13,1552.1,3164560000
2013-03-19,1552.1,1557.25,1538.5699,1548.34,3796210000
2013-03-20,1548.34,1561.5601,1548.34,1558.71,3349090000
2013-03-21,1558.71,1558.71,1543.55,1545.8,3243270000
2013-03-22,1545.9,1557.74,1545.9,1556.89,2948380000
2013-03-25,1556.89,1564.91,1546.22,1551.6899,3178170000
2013-03-26,1551.6899,1563.95,1551.6899,1563.77,2869260000
2013-03-27,1563.75,1564.0699,1551.9,1562.85,2914210000
2013-03-28,1562.86,1570.28,1561.08,1569.1899,3304440000
2013-04-01,1569.1801,1570.5699,1558.47,1562.17,2753110000
2013-04-02,1562.17,1573.66,1562.17,1570.25,3312160000
2013-04-03,1570.25,1571.47,1549.8,1553.6899,4060610000
2013-04-04,1553.6899,1562.6,1552.52,1559.98,3350670000
2013-04-05,1559.98,1559.98,1539.5,1553.28,3515410000
2013-04-08,1553.26,1563.0699,1548.63,1563.0699,2887120000
2013-04-09,1563.11,1573.89,1560.92,1568.61,3252780000
2013-04-10,1568.61,1589.0699,1568.61,1587.73,3453350000
2013-04-11,1587.73,1597.35,1586.17,1593.37,3393950000
2013-04-12,1593.3,1593.3,1579.97,1588.85,3206290000
2013-04-15,1588.84,1588.84,1552.28,1552.36,4660130000
2013-04-16,1552.36,1575.35,1552.36,1574.5699,3654700000
2013-04-17,1574.5699,1574.5699,1543.6899,1552.01,4250310000
2013-04-18,1552.03,1554.38,1536.03,1541.61,3890800000
2013-04-19,1541.61,1555.89,1539.4,1555.25,3569870000
2013-04-22,1555.25,1565.55,1548.1899,1562.5,2979880000
2013-04-23,1562.5,1579.58,1562.5,1578.78,3565150000
2013-04-24,1578.78,1583.0,1575.8,1578.79,3598240000
2013-04-25,1578.9301,1592.64,1578.9301,1585.16,3908580000
2013-04-26,1585.16,1585.78,1577.5601,1582.24,3198620000
2013-04-29,1582.34,1596.65,1582.34,1593.61,2891200000
2013-04-30,1593.58,1597.5699,1586.5,1597.5699,3745070000
2013-05-01,1597.55,1597.55,1581.28,1582.7,3530320000
2013-05-02,1582.77,1598.6,1582.77,1597.59,3366950000
2013-05-03,1597.6,1618.46,1597.6,1614.42,3603910000
2013-05-06,1614.4,1619.77,1614.21,1617.5,3062240000
2013-05-07,1617.55,1626.03,1616.64,1625.96,3309580000
2013-05-08,1625.95,1632.78,1622.7,1632.6899,3554700000
2013-05-09,1632.6899,1635.01,1623.09,1626.67,3457400000
2013-05-10,1626.6899,1633.7,1623.71,1633.7,3086470000
2013-05-13,1632.1,1636.0,1626.74,1633.77,2910600000
2013-05-14,1633.75,1651.1,1633.75,1650.34,3457790000
2013-05-15,1649.13,1661.49,1646.6801,1658.78,3657440000
2013-05-16,1658.0699,1660.51,1648.6,1650.47,3513130000
2013-05-17,1652.45,1667.47,1652.45,1667.47,3440710000
2013-05-20,1665.71,1672.84,1663.52,1666.29,3275080000
2013-05-21,1666.2,1674.9301,1662.67,1669.16,3513560000
2013-05-22,1669.39,1687.1801,1648.86,1655.35,4361020000
2013-05-23,1651.62,1655.5,1635.53,1650.51,3945510000
2013-05-24,1646.67,1649.78,1636.88,1649.6,2758080000
2013-05-28,1652.63,1674.21,1652.63,1660.0601,3457400000
2013-05-29,1656.5699,1656.5699,1640.05,1648.36,3587140000
2013-05-30,1649.14,1661.91,1648.61,1654.41,3498620000
2013-05-31,1652.13,1658.99,1630.74,1630.74,4099600000
2013-06-03,1631.71,1640.42,1622.72,1640.42,3952070000
2013-06-04,1640.73,1646.53,1623.62,1631.38,3653840000
2013-06-05,1629.05,1629.3101,1607.09,1608.9,3632350000
2013-06-06,1609.29,1622.5601,1598.23,1622.5601,3547380000
2013-06-07,1625.27,1644.4,1625.27,1643.38,3371990000
2013-06-10,1644.67,1648.6899,1639.26,1642.8101,2978730000
2013-06-11,1638.64,1640.13,1622.92,1626.13,3435710000
2013-06-12,1629.9399,1637.71,1610.92,1612.52,3202550000
2013-06-13,1612.15,1639.25,1608.0699,1636.36,3378620000
2013-06-14,1635.52,1640.8,1623.96,1626.73,2939400000
2013-06-17,1630.64,1646.5,1630.34,1639.04,3137080000
2013-06-18,1639.77,1654.1899,1639.77,1651.8101,3120980000
2013-06-19,1651.83,1652.45,1628.91,1628.9301,3545060000
2013-06-20,1624.62,1624.62,1584.3199,1588.1899,4858850000
2013-06-21,1588.62,1599.1899,1577.7,1592.4301,5797280000
2013-06-24,1588.77,1588.77,1560.33,1573.09,4733660000
2013-06-25,1577.52,1593.79,1577.09,1588.03,3761170000
2013-06-26,1592.27,1606.83,1592.27,1603.26,3558340000
2013-06-27,1606.4399,1620.0699,1606.4399,1613.2,3364540000
2013-06-28,1611.12,1615.9399,1601.0601,1606.28,4977190000
2013-07-01,1609.78,1626.61,1609.78,1614.96,3104690000
2013-07-02,1614.29,1624.26,1606.77,1614.08,3317130000
2013-07-03,1611.48,1618.97,1604.5699,1615.41,1966050000
2013-07-05,1618.65,1632.0699,1614.71,1631.89,2634140000
2013-07-08,1634.2,1644.6801,1634.2,1640.46,3514590000
2013-07-09,1642.89,1654.1801,1642.89,1652.3199,3155360000
2013-07-10,1651.5601,1657.92,1647.66,1652.62,3011010000
2013-07-11,1657.41,1676.63,1657.41,1675.02,3446340000
2013-07-12,1675.26,1680.1899,1672.33,1680.1899,3039070000
2013-07-15,1679.59,1684.51,1677.89,1682.5,2623200000
2013-07-16,1682.7,1683.73,1671.84,1676.26,3081710000
2013-07-17,1677.91,1684.75,1677.91,1680.91,3153440000
2013-07-18,1681.05,1693.12,1681.05,1689.37,3452370000
2013-07-19,1686.15,1692.09,1684.08,1692.09,3302580000
2013-07-22,1694.41,1697.61,1690.67,1695.53,2779130000
2013-07-23,1696.63,1698.78,1691.13,1692.39,3096180000
2013-07-24,1696.0601,1698.38,1682.5699,1685.9399,3336120000
2013-07-25,1685.21,1690.9399,1680.0699,1690.25,3322500000
2013-07-26,1687.3101,1691.85,1676.03,1691.65,2762770000
2013-07-29,1690.3199,1690.92,1681.86,1685.33,2840520000
2013-07-30,1687.92,1693.1899,1682.42,1685.96,3320530000
2013-07-31,1687.76,1698.4301,1684.9399,1685.73,3847390000
2013-08-01,1689.42,1707.85,1689.42,1706.87,3775170000
2013-08-02,1706.1,1709.67,1700.6801,1709.67,3136630000
2013-08-05,1708.01,1709.24,1703.55,1707.14,2529300000
2013-08-06,1705.79,1705.79,1693.29,1697.37,3141210000
2013-08-07,1695.3,1695.3,1684.91,1690.91,3010230000
2013-08-08,1693.35,1700.1801,1688.38,1697.48,3271660000
2013-08-09,1696.1,1699.42,1686.02,1691.42,2957670000
2013-08-12,1688.37,1691.49,1683.35,1689.47,2789160000
2013-08-13,1690.65,1696.8101,1682.62,1694.16,3035560000
2013-08-14,1693.88,1695.52,1684.83,1685.39,2871430000
2013-08-15,1679.61,1679.61,1658.59,1661.3199,3426690000
2013-08-16,1661.22,1663.6,1652.61,1655.83,3211450000
2013-08-19,1655.25,1659.1801,1645.84,1646.0601,2904530000
2013-08-20,1646.8101,1658.92,1646.08,1652.35,2994090000
2013-08-21,1650.66,1656.99,1639.4301,1642.8,2932180000
2013-08-22,1645.03,1659.55,1645.03,1656.96,2537460000
2013-08-23,1659.92,1664.85,1654.8101,1663.5,2582670000
2013-08-26,1664.29,1669.51,1656.02,1656.78,2430670000
2013-08-27,1652.54,1652.54,1629.05,1630.48,3219190000
2013-08-28,1630.25,1641.1801,1627.47,1634.96,2784010000
2013-08-29,1633.5,1646.41,1630.88,1638.17,2527550000
2013-08-30,1638.89,1640.08,1628.05,1632.97,2734300000
2013-09-03,1635.95,1651.35,1633.41,1639.77,3731610000
2013-09-04,1640.72,1655.72,1637.41,1653.08,3312150000
2013-09-05,1653.28,1659.17,1653.0699,1655.08,2957110000
2013-09-06,1657.4399,1664.83,1640.62,1655.17,3123880000
2013-09-09,1656.85,1672.4,1656.85,1671.71,3102780000
2013-09-10,1675.11,1684.09,1675.11,1683.99,3691800000
2013-09-11,1681.04,1689.13,1678.7,1689.13,3135460000
2013-09-12,1689.21,1689.97,1681.96,1683.42,3106290000
2013-09-13,1685.04,1688.73,1682.22,1687.99,2736500000
2013-09-16,1691.7,1704.95,1691.7,1697.6,3079800000
2013-09-17,1697.73,1705.52,1697.73,1704.76,2774240000
2013-09-18,1705.74,1729.4399,1700.35,1725.52,3989760000
2013-09-19,1727.34,1729.86,1720.2,1722.34,3740130000
2013-09-20,1722.4399,1725.23,1708.89,1709.91,5074030000
2013-09-23,1711.4399,1711.4399,1697.1,1701.84,3126950000
2013-09-24,1702.6,1707.63,1694.9,1697.42,3268930000
2013-09-25,1698.02,1701.71,1691.88,1692.77,3148730000
2013-09-26,1694.05,1703.85,1693.11,1698.67,2813930000
2013-09-27,1695.52,1695.52,1687.11,1691.75,2951700000
2013-09-30,1687.26,1687.26,1674.99,1681.55,3308630000
2013-10-01,1682.41,1696.55,1682.0699,1695.0,3238690000
2013-10-02,1691.9,1693.87,1680.34,1693.87,3148600000
2013-10-03,1692.35,1692.35,1670.36,1678.66,3279650000
2013-10-04,1678.79,1691.9399,1677.33,1690.5,2880270000
2013-10-07,1687.15,1687.15,1674.7,1676.12,2678490000
2013-10-08,1676.22,1676.79,1655.03,1655.45,3569230000
2013-10-09,1656.99,1662.47,1646.47,1656.4,3577840000
2013-10-10,1660.88,1692.5601,1660.88,1692.5601,3362300000
2013-10-11,1691.09,1703.4399,1688.52,1703.2,2944670000
2013-10-14,1699.86,1711.03,1692.13,1710.14,2580580000
2013-10-15,1709.17,1711.5699,1695.9301,1698.0601,3327740000
2013-10-16,1700.49,1721.76,1700.49,1721.54,3486180000
2013-10-17,1720.17,1733.45,1714.12,1733.15,3453590000
2013-10-18,1736.72,1745.3101,1735.74,1744.5,3664890000
2013-10-21,1745.2,1747.79,1740.67,1744.66,3052710000
2013-10-22,1746.48,1759.33,1746.48,1754.67,3850840000
2013-10-23,1752.27,1752.27,1740.5,1746.38,3713380000
2013-10-24,1747.48,1753.9399,1745.5,1752.0699,3671700000
2013-10-25,1756.01,1759.8199,1752.45,1759.77,3175720000
2013-10-28,1759.42,1764.99,1757.67,1762.11,3282300000
2013-10-29,1762.9301,1772.09,1762.9301,1771.95,3358460000
2013-10-30,1772.27,1775.22,1757.24,1763.3101,3523040000
2013-10-31,1763.24,1768.53,1755.72,1756.54,3826530000
2013-11-01,1758.7,1765.67,1752.7,1761.64,3686290000
2013-11-04,1763.4,1768.78,1761.5601,1767.9301,3194870000
2013-11-05,1765.67,1767.03,1755.76,1762.97,3516680000
2013-11-06,1765.0,1773.74,1764.4,1770.49,3322100000
2013-11-07,1770.74,1774.54,1746.2,1747.15,4143200000
2013-11-08,1748.37,1770.78,1747.63,1770.61,3837170000
2013-11-11,1769.96,1773.4399,1767.85,1771.89,2534060000
2013-11-12,1769.51,1771.78,1762.29,1767.6899,3221030000
2013-11-13,1764.37,1782.0,1760.64,1782.0,3327480000
2013-11-14,1782.75,1791.53,1780.22,1790.62,3139060000
2013-11-15,1790.66,1798.22,1790.66,1798.1801,3254820000
2013-11-18,1798.8199,1802.33,1788.0,1791.53,3168520000
2013-11-19,1790.79,1795.51,1784.72,1787.87,3224450000
2013-11-20,1789.59,1795.73,1777.23,1781.37,3109140000
2013-11-21,1783.52,1797.16,1783.52,1795.85,3256630000
2013-11-22,1797.21,1804.84,1794.7,1804.76,3055140000
2013-11-25,1806.33,1808.1,1800.58,1802.48,2998540000
2013-11-26,1802.87,1808.42,1800.77,1802.75,3427120000
2013-11-27,1803.48,1808.27,1802.77,1807.23,2613590000
2013-11-29,1808.6899,1813.55,1803.98,1805.8101,1598300000
2013-12-02,1806.55,1810.02,1798.6,1800.9,3095430000
2013-12-03,1800.1,1800.1,1787.85,1795.15,3475680000
2013-12-04,1793.15,1799.8,1779.09,1792.8101,3610540000
2013-12-05,1792.8199,1792.8199,1783.38,1785.03,3336880000
2013-12-06,1788.36,1806.04,1788.36,1805.09,3150030000
2013-12-09,1806.21,1811.52,1806.21,1808.37,3129500000
2013-12-10,1807.6,1808.52,1801.75,1802.62,3117150000
2013-12-11,1802.76,1802.97,1780.09,1782.22,3472240000
2013-12-12,1781.71,1782.99,1772.28,1775.5,3306640000
2013-12-13,1777.98,1780.92,1772.45,1775.3199,3061070000
2013-12-16,1777.48,1792.22,1777.48,1786.54,3209890000
2013-12-17,1786.47,1786.77,1777.05,1781.0,3270030000
2013-12-18,1781.46,1811.08,1767.99,1810.65,4327770000
2013-12-19,1809.0,1810.88,1801.35,1809.6,3497210000
2013-12-20,1810.39,1823.75,1810.25,1818.3199,5097700000
2013-12-23,1822.92,1829.75,1822.92,1827.99,2851540000
2013-12-24,1828.02,1833.3199,1828.02,1833.3199,1307630000
2013-12-26,1834.96,1842.84,1834.96,1842.02,1982270000
2013-12-27,1842.97,1844.89,1839.8101,1841.4,2052920000
2013-12-30,1841.47,1842.47,1838.77,1841.0699,2293860000
2013-12-31,1842.61,1849.4399,1842.41,1848.36,2312840000
2014-01-02,1845.86,1845.86,1827.74,1831.98,3080600000
2014-01-03,1833.21,1838.24,1829.13,1831.37,2774270000
2014-01-06,1832.3101,1837.16,1823.73,1826.77,3294850000
2014-01-07,1828.71,1840.1,1828.71,1837.88,3511750000
2014-01-08,1837.9,1840.02,1831.4,1837.49,3652140000
2014-01-09,1839.0,1843.23,1830.38,1838.13,3581150000
2014-01-10,1840.0601,1843.15,1832.4301,1842.37,3335710000
2014-01-13,1841.26,1843.45,1815.52,1819.2,3591350000
2014-01-14,1821.36,1839.26,1821.36,1838.88,3353270000
2014-01-15,1840.52,1850.84,1840.52,1848.38,3777800000
2014-01-16,1847.99,1847.99,1840.3,1845.89,3491310000
2014-01-17,1844.23,1846.04,1835.23,1838.7,3626120000
2014-01-21,1841.05,1849.3101,1832.38,1843.8,3782470000
2014-01-22,1844.71,1846.87,1840.88,1844.86,3374170000
2014-01-23,1842.29,1842.29,1820.0601,1828.46,3972250000
2014-01-24,1826.96,1826.96,1790.29,1790.29,4618450000
2014-01-27,1791.03,1795.98,1772.88,1781.5601,4045200000
2014-01-28,1783.0,1793.87,1779.49,1792.5,3437830000
2014-01-29,1790.15,1790.15,1770.45,1774.2,3964020000
2014-01-30,1777.17,1798.77,1777.17,1794.1899,3547510000
2014-01-31,1790.88,1793.88,1772.26,1782.59,4059690000
2014-02-03,1782.6801,1784.83,1739.66,1741.89,4726040000
2014-02-04,1743.8199,1758.73,1743.8199,1755.2,4068410000
2014-02-05,1753.38,1755.79,1737.92,1751.64,3984290000
2014-02-06,1752.99,1774.0601,1752.99,1773.4301,3825410000
2014-02-07,1776.01,1798.03,1776.01,1797.02,3775990000
2014-02-10,1796.2,1799.9399,1791.83,1799.84,3312160000
2014-02-11,1800.45,1823.54,1800.41,1819.75,3699380000
2014-02-12,1820.12,1826.55,1815.97,1819.26,3326380000
2014-02-13,1814.8199,1830.25,1809.22,1829.83,3289510000
2014-02-14,1828.46,1841.65,1825.59,1838.63,3114750000
2014-02-18,1839.03,1842.87,1835.01,1840.76,3421110000
2014-02-19,1838.9,1847.5,1826.99,1828.75,3661570000
2014-02-20,1829.24,1842.79,1824.58,1839.78,3404980000
2014-02-21,1841.0699,1846.13,1835.6,1836.25,3403880000
2014-02-24,1836.78,1858.71,1836.78,1847.61,4014530000
2014-02-25,1847.66,1852.91,1840.1899,1845.12,3515560000
2014-02-26,1845.79,1852.65,1840.66,1845.16,3716730000
2014-02-27,1844.9,1854.53,1841.13,1854.29,3547460000
2014-02-28,1855.12,1867.92,1847.67,1859.45,3917450000
2014-03-03,1857.6801,1857.6801,1834.4399,1845.73,3428220000
2014-03-04,1849.23,1876.23,1849.23,1873.91,3765770000
2014-03-05,1874.05,1876.53,1871.11,1873.8101,3392990000
2014-03-06,1874.1801,1881.9399,1874.1801,1877.03,3360450000
2014-03-07,1878.52,1883.5699,1870.5601,1878.04,3564740000
2014-03-10,1877.86,1877.87,1867.04,1877.17,3021350000
2014-03-11,1878.26,1882.35,1863.88,1867.63,3392400000
2014-03-12,1866.15,1868.38,1854.38,1868.2,3270860000
2014-03-13,1869.0601,1874.4,1841.86,1846.34,3670990000
2014-03-14,1845.0699,1852.4399,1839.5699,1841.13,3285460000
2014-03-17,1842.8101,1862.3,1842.8101,1858.83,2860490000
2014-03-18,1858.92,1873.76,1858.92,1872.25,2930190000
2014-03-19,1872.25,1874.14,1850.35,1860.77,3289210000
2014-03-20,1860.09,1873.49,1854.63,1872.01,3327540000
2014-03-21,1874.53,1883.97,1863.46,1866.52,5270710000
2014-03-24,1867.67,1873.34,1849.6899,1857.4399,3409000000
2014-03-25,1859.48,1871.87,1855.96,1865.62,3200560000
2014-03-26,1867.09,1875.92,1852.5601,1852.5601,3480850000
2014-03-27,1852.11,1855.55,1842.11,1849.04,3733430000
2014-03-28,1850.0699,1866.63,1850.0699,1857.62,2955520000
2014-03-31,1859.16,1875.1801,1859.16,1872.34,3274300000
2014-04-01,1873.96,1885.84,1873.96,1885.52,3336190000
2014-04-02,1886.61,1893.17,1883.79,1890.9,3131660000
2014-04-03,1891.4301,1893.8,1882.65,1888.77,3055600000
2014-04-04,1890.25,1897.28,1863.26,1865.09,3583750000
2014-04-07,1863.92,1864.04,1841.48,1845.04,3801540000
2014-04-08,1845.48,1854.95,1837.49,1851.96,3721450000
2014-04-09,1852.64,1872.4301,1852.38,1872.1801,3308650000
2014-04-10,1872.28,1872.53,1830.87,1833.08,3758780000
2014-04-11,1830.65,1835.0699,1814.36,1815.6899,3743460000
2014-04-14,1818.1801,1834.1899,1815.8,1830.61,3111540000
2014-04-15,1831.45,1844.02,1816.29,1842.98,3736440000
2014-04-16,1846.01,1862.3101,1846.01,1862.3101,3155080000
2014-04-17,1861.73,1869.63,1856.72,1864.85,3341430000
2014-04-21,1865.79,1871.89,1863.1801,1871.89,2642500000
2014-04-22,1872.5699,1884.89,1872.5699,1879.55,3215440000
2014-04-23,1879.3199,1879.75,1873.91,1875.39,3085720000
2014-04-24,1881.97,1884.0601,1870.24,1878.61,3191830000
2014-04-25,1877.72,1877.72,1859.7,1863.4,3213020000
2014-04-28,1865.0,1877.01,1850.61,1869.4301,4034680000
2014-04-29,1870.78,1880.6,1870.78,1878.33,3647820000
2014-04-30,1877.1,1885.2,1872.6899,1883.95,3779230000
2014-05-01,1884.39,1888.59,1878.04,1883.6801,3416740000
2014-05-02,1885.3,1891.33,1878.5,1881.14,3159560000
2014-05-05,1879.45,1885.51,1866.77,1884.66,2733730000
2014-05-06,1883.6899,1883.6899,1867.72,1867.72,3327260000
2014-05-07,1868.53,1878.83,1859.79,1878.21,3632950000
2014-05-08,1877.39,1889.0699,1870.05,1875.63,3393420000
2014-05-09,1875.27,1878.5699,1867.02,1878.48,3025020000
2014-05-12,1880.03,1897.13,1880.03,1896.65,3005740000
2014-05-13,1896.75,1902.17,1896.0601,1897.45,2915680000
2014-05-14,1897.13,1897.13,1885.77,1888.53,2822060000
2014-05-15,1888.16,1888.16,1862.36,1870.85,3552640000
2014-05-16,1871.1899,1878.28,1864.8199,1877.86,3173650000
2014-05-19,1876.66,1886.0,1872.42,1885.08,2664250000
2014-05-20,1884.88,1884.88,1868.14,1872.83,3007700000
2014-05-21,1873.34,1888.8,1873.34,1888.03,2777140000
2014-05-22,1888.1899,1896.33,1885.39,1892.49,2759800000
2014-05-23,1893.3199,1901.26,1893.3199,1900.53,2396280000
2014-05-27,1902.01,1912.28,1902.01,1911.91,2911020000
2014-05-28,1911.77,1914.46,1907.3,1909.78,2976450000
2014-05-29,1910.6,1920.03,1909.8199,1920.03,2709050000
2014-05-30,1920.33,1924.03,1916.64,1923.5699,3263490000
2014-06-02,1923.87,1925.88,1915.98,1924.97,2509020000
2014-06-03,1923.0699,1925.0699,1918.79,1924.24,2867180000
2014-06-04,1923.0601,1928.63,1918.6,1927.88,2793920000
2014-06-05,1928.52,1941.74,1922.9301,1940.46,3113270000
2014-06-06,1942.41,1949.4399,1942.41,1949.4399,2864300000
2014-06-09,1948.97,1955.55,1947.16,1951.27,2812180000
2014-06-10,1950.34,1950.86,1944.64,1950.79,2702360000
2014-06-11,1949.37,1949.37,1940.08,1943.89,2710620000
2014-06-12,1943.35,1943.35,1925.78,1930.11,3040480000
2014-06-13,1930.8,1937.3,1927.6899,1936.16,2598230000
2014-06-16,1934.84,1941.15,1930.91,1937.78,2926130000
2014-06-17,1937.15,1943.6899,1933.55,1941.99,2971260000
2014-06-18,1942.73,1957.74,1939.29,1956.98,3065220000
2014-06-19,1957.5,1959.87,1952.26,1959.48,2952150000
2014-06-20,1960.45,1963.91,1959.17,1962.87,4336240000
2014-06-23,1962.92,1963.74,1958.89,1962.61,2717630000
2014-06-24,1961.97,1968.17,1948.34,1949.98,3089700000
2014-06-25,1949.27,1960.83,1947.49,1959.53,3106710000
2014-06-26,1959.89,1959.89,1944.6899,1957.22,2778840000
2014-06-27,1956.5601,1961.47,1952.1801,1960.96,4290590000
2014-06-30,1960.79,1964.24,1958.22,1960.23,3037350000
2014-07-01,1962.29,1978.58,1962.29,1973.3199,3188240000
2014-07-02,1973.0601,1976.67,1972.58,1974.62,2851480000
2014-07-03,1975.88,1985.59,1975.88,1985.4399,1998090000
2014-07-07,1984.22,1984.22,1974.88,1977.65,2681260000
2014-07-08,1976.39,1976.39,1959.46,1963.71,3302430000
2014-07-09,1965.1,1974.15,1965.1,1972.83,2858800000
2014-07-10,1966.67,1969.84,1952.86,1964.6801,3165690000
2014-07-11,1965.76,1968.67,1959.63,1967.5699,2684630000
2014-07-14,1969.86,1979.85,1969.86,1977.1,2744920000
2014-07-15,1977.36,1982.52,1965.34,1973.28,3328740000
2014-07-16,1976.35,1983.9399,1975.67,1981.5699,3390950000
2014-07-17,1979.75,1981.8,1955.59,1958.12,3381680000
2014-07-18,1961.54,1979.91,1960.8199,1978.22,3106060000
2014-07-21,1976.9301,1976.9301,1965.77,1973.63,2611160000
2014-07-22,1975.65,1986.24,1975.65,1983.53,2890480000
2014-07-23,1985.3199,1989.23,1982.4399,1987.01,2869720000
2014-07-24,1988.0699,1991.39,1985.79,1987.98,3203530000
2014-07-25,1984.6,1984.6,1974.37,1978.34,2638960000
2014-07-28,1978.25,1981.52,1967.3101,1978.91,2803320000
2014-07-29,1980.03,1984.85,1969.95,1969.95,3183300000
2014-07-30,1973.21,1978.9,1962.42,1970.0699,3448250000
2014-07-31,1965.14,1965.14,1930.67,1930.67,4193000000
2014-08-01,1929.8,1937.35,1916.37,1925.15,3789660000
2014-08-04,1926.62,1942.92,1921.2,1938.99,3072920000
2014-08-05,1936.34,1936.34,1913.77,1920.21,3462520000
2014-08-06,1917.29,1927.91,1911.45,1920.24,3539150000
2014-08-07,1923.03,1928.89,1904.78,1909.5699,3230520000
2014-08-08,1910.35,1932.38,1909.01,1931.59,2902280000
2014-08-11,1933.4301,1944.9,1933.4301,1936.92,2784890000
2014-08-12,1935.73,1939.65,1928.29,1933.75,2611700000
2014-08-13,1935.6,1948.41,1935.6,1946.72,2718020000
2014-08-14,1947.41,1955.23,1947.41,1955.1801,2609460000
2014-08-15,1958.87,1964.04,1941.5,1955.0601,3023380000
2014-08-18,1958.36,1971.99,1958.36,1971.74,2638160000
2014-08-19,1972.73,1982.5699,1972.73,1981.6,2656430000
2014-08-20,1980.46,1988.5699,1977.6801,1986.51,2579560000
2014-08-21,1986.8199,1994.76,1986.8199,1992.37,2638920000
2014-08-22,1992.6,1993.54,1984.76,1988.4,2301860000
2014-08-25,1991.74,2001.95,1991.74,1997.92,2233880000
2014-08-26,1998.59,2005.04,1998.59,2000.02,2451950000
2014-08-27,2000.54,2002.14,1996.2,2000.12,2344350000
2014-08-28,1997.42,1998.55,1990.52,1996.74,2282400000
2014-08-29,1998.45,2003.38,1994.65,2003.37,2259130000
2014-09-02,2004.0699,2006.12,1994.85,2002.28,2819980000
2014-09-03,2003.5699,2009.28,1998.14,2000.72,2809980000
2014-09-04,2001.67,2011.17,1992.54,1997.65,3072410000
2014-09-05,1998.0,2007.71,1990.1,2007.71,2818300000
2014-09-08,2007.17,2007.17,1995.6,2001.54,2789090000
2014-09-09,2000.73,2001.01,1984.61,1988.4399,2882830000
2014-09-10,1988.41,1996.66,1982.99,1995.6899,2912430000
2014-09-11,1992.85,1997.65,1985.9301,1997.45,2941690000
2014-09-12,1996.74,1996.74,1980.26,1985.54,3206570000
2014-09-15,1986.04,1987.1801,1978.48,1984.13,2776530000
2014-09-16,1981.9301,2002.28,1979.0601,1998.98,3160310000
2014-09-17,1999.3,2010.74,1993.29,2001.5699,3209420000
2014-09-18,2003.0699,2012.34,2003.0699,2011.36,3235340000
2014-09-19,2012.74,2019.26,2006.59,2010.4,4880220000
2014-09-22,2009.08,2009.08,1991.01,1994.29,3349670000
2014-09-23,1992.78,1995.41,1982.77,1982.77,3279350000
2014-09-24,1983.34,1999.79,1978.63,1998.3,3313850000
2014-09-25,1997.3199,1997.3199,1965.99,1965.99,3273050000
2014-09-26,1966.22,1986.37,1966.22,1982.85,2929440000
2014-09-29,1978.96,1981.28,1964.04,1977.8,3094440000
2014-09-30,1978.21,1985.17,1968.96,1972.29,3951100000
2014-10-01,1971.4399,1971.4399,1941.72,1946.16,4188590000
2014-10-02,1945.83,1952.3199,1926.03,1946.17,4012510000
2014-10-03,1948.12,1971.1899,1948.12,1967.9,3560970000
2014-10-06,1970.01,1977.84,1958.4301,1964.8199,3358220000
2014-10-07,1962.36,1962.36,1934.87,1935.1,3687870000
2014-10-08,1935.55,1970.36,1925.25,1968.89,4441890000
2014-10-09,1967.6801,1967.6801,1927.5601,1928.21,4344020000
2014-10-10,1925.63,1936.98,1906.05,1906.13,4550540000
2014-10-13,1905.65,1912.09,1874.14,1874.74,4352580000
2014-10-14,1877.11,1898.71,1871.79,1877.7,4812010000
2014-10-15,1874.1801,1874.1801,1820.66,1862.49,6090800000
2014-10-16,1855.95,1876.01,1835.02,1862.76,5073150000
2014-10-17,1864.91,1898.16,1864.91,1886.76,4482120000
2014-10-20,1885.62,1905.03,1882.3,1904.01,3331210000
2014-10-21,1909.38,1942.45,1909.38,1941.28,3987090000
2014-10-22,1941.29,1949.3101,1926.83,1927.11,3761930000
2014-10-23,1931.02,1961.95,1931.02,1950.8199,3789250000
2014-10-24,1951.59,1965.27,1946.27,1964.58,3078380000
2014-10-27,1962.97,1964.64,1951.37,1961.63,3538860000
2014-10-28,1964.14,1985.05,1964.14,1985.05,3653260000
2014-10-29,1983.29,1991.4,1969.04,1982.3,3740350000
2014-10-30,1979.49,1999.4,1974.75,1994.65,3586150000
2014-10-31,2001.2,2018.1899,2001.2,2018.05,4292290000
2014-11-03,2018.21,2024.46,2013.6801,2017.8101,3555440000
2014-11-04,2015.8101,2015.98,2001.01,2012.1,3956260000
2014-11-05,2015.29,2023.77,2014.42,2023.5699,3766590000
2014-11-06,2023.33,2031.61,2015.86,2031.21,3669770000
2014-11-07,2032.36,2034.26,2025.0699,2031.92,3704280000
2014-11-10,2032.01,2038.7,2030.17,2038.26,3284940000
2014-11-11,2038.2,2041.28,2035.28,2039.6801,2958320000
2014-11-12,2037.75,2040.33,2031.95,2038.25,3246650000
2014-11-13,2039.21,2046.1801,2030.4399,2039.33,3455270000
2014-11-14,2039.74,2042.22,2035.2,2039.8199,3227130000
2014-11-17,2038.29,2043.0699,2034.46,2041.3199,3152890000
2014-11-18,2041.48,2056.0801,2041.48,2051.8,3416190000
2014-11-19,2051.1599,2052.1399,2040.37,2048.72,3390850000
2014-11-20,2045.87,2053.8401,2040.49,2052.75,3128290000
2014-11-21,2057.46,2071.46,2056.75,2063.5,3916420000
2014-11-24,2065.0701,2070.1699,2065.0701,2069.4099,3128060000
2014-11-25,2070.1499,2074.21,2064.75,2067.03,3392940000
2014-11-26,2067.3601,2073.29,2066.6201,2072.8301,2745260000
2014-11-28,2074.78,2075.76,2065.0601,2067.5601,2504640000
2014-12-01,2065.78,2065.78,2049.5701,2053.4399,4159010000
2014-12-02,2053.77,2068.77,2053.77,2066.55,3686650000
2014-12-03,2067.45,2076.28,2066.6499,2074.3301,3612680000
2014-12-04,2073.6399,2077.3401,2062.3401,2071.9199,3408340000
2014-12-05,2072.78,2079.47,2070.8101,2075.3701,3419620000
2014-12-08,2074.8401,2075.78,2054.27,2060.3101,3800990000
2014-12-09,2056.55,2060.6001,2034.17,2059.8201,3970150000
2014-12-10,2058.8601,2058.8601,2024.26,2026.14,4114440000
2014-12-11,2027.92,2055.53,2027.92,2035.33,3917950000
2014-12-12,2030.36,2032.25,2002.33,2002.33,4157650000
2014-12-15,2005.03,2018.6899,1982.26,1989.63,4361990000
2014-12-16,1986.71,2016.89,1972.5601,1972.74,4958680000
2014-12-17,1973.77,2016.75,1973.77,2012.89,4942370000
2014-12-18,2018.98,2061.23,2018.98,2061.23,4703380000
2014-12-19,2061.04,2077.8501,2061.03,2070.6499,6465530000
2014-12-22,2069.28,2078.76,2069.28,2078.54,3369520000
2014-12-23,2081.48,2086.73,2079.77,2082.1699,3043950000
2014-12-24,2083.25,2087.5601,2081.8601,2081.8799,1416980000
2014-12-26,2084.3,2092.7,2084.3,2088.77,1735230000
2014-12-29,2087.6299,2093.55,2085.75,2090.5701,2452360000
2014-12-30,2088.49,2088.49,2079.53,2080.3501,2440280000
2014-12-31,2082.1101,2085.5801,2057.9399,2058.8999,2606070000
2015-01-02,2058.8999,2072.3601,2046.04,2058.2,2708700000
2015-01-05,2054.4399,2054.4399,2017.34,2020.58,3799120000
2015-01-06,2022.15,2030.25,1992.4399,2002.61,4460110000
2015-01-07,2005.55,2029.61,2005.55,2025.9,3805480000
2015-01-08,2030.61,2064.0801,2030.61,2062.1399,3934010000
2015-01-09,2063.45,2064.4299,2038.33,2044.8101,3364140000
2015-01-12,2046.13,2049.3,2022.58,2028.26,3456460000
2015-01-13,2031.58,2056.9299,2008.25,2023.03,4107300000
2015-01-14,2018.4,2018.4,1988.4399,2011.27,4378680000
2015-01-15,2013.75,2021.35,1991.47,1992.67,4276720000
2015-01-16,1992.25,2020.46,1988.12,2019.42,4056410000
2015-01-20,2020.76,2028.9399,2004.49,2022.55,3944340000
2015-01-21,2020.1899,2038.29,2012.04,2032.12,3730070000
2015-01-22,2034.3,2064.6201,2026.38,2063.1499,4176050000
2015-01-23,2062.98,2062.98,2050.54,2051.8201,3573560000
2015-01-26,2050.4199,2057.6201,2040.97,2057.0901,3465760000
2015-01-27,2047.86,2047.86,2019.91,2029.55,3329810000
2015-01-28,2032.34,2042.49,2001.49,2002.16,4067530000
2015-01-29,2002.45,2024.64,1989.1801,2021.25,4127140000
2015-01-30,2019.35,2023.3199,1993.38,1994.99,4568650000
2015-02-02,1996.67,2021.66,1980.9,2020.85,4008330000
2015-02-03,2022.71,2050.3,2022.71,2050.03,4615900000
2015-02-04,2048.8601,2054.74,2036.72,2041.51,4141920000
2015-02-05,2043.45,2063.55,2043.45,2062.52,3821990000
2015-02-06,2062.28,2072.3999,2049.97,2055.47,4232970000
2015-02-09,2053.47,2056.1599,2041.88,2046.74,3549540000
2015-02-10,2049.3799,2070.8601,2048.6201,2068.5901,3669850000
2015-02-11,2068.55,2073.48,2057.99,2068.53,3596860000
2015-02-12,2069.98,2088.53,2069.98,2088.48,3788350000
2015-02-13,2088.78,2097.03,2086.7,2096.99,3527450000
2015-02-17,2096.47,2101.3,2089.8,2100.3401,3361750000
2015-02-18,2099.1599,2100.23,2092.1499,2099.6799,3370020000
2015-02-19,2099.25,2102.1299,2090.79,2097.45,3247100000
2015-02-20,2097.6499,2110.6101,2085.4399,2110.3,3281600000
2015-02-23,2109.8301,2110.05,2103.0,2109.6599,3093680000
2015-02-24,2109.1001,2117.9399,2105.8701,2115.48,3199840000
2015-02-25,2115.3,2119.5901,2109.8899,2113.8601,3312340000
2015-02-26,2113.9099,2113.9099,2103.76,2110.74,3408690000
2015-02-27,2110.8799,2112.74,2103.75,2104.5,3547380000
2015-03-02,2105.23,2117.52,2104.5,2117.3899,3409490000
2015-03-03,2115.76,2115.76,2098.26,2107.78,3262300000
2015-03-04,2107.72,2107.72,2094.49,2098.53,3421110000
2015-03-05,2098.54,2104.25,2095.22,2101.04,3103030000
2015-03-06,2100.9099,2100.9099,2067.27,2071.26,3853570000
2015-03-09,2072.25,2083.49,2072.21,2079.4299,3349090000
2015-03-10,2076.1399,2076.1399,2044.16,2044.16,3668900000
2015-03-11,2044.6899,2050.0801,2039.6899,2040.24,3406570000
2015-03-12,2041.1,2066.4099,2041.1,2065.95,3405860000
2015-03-13,2064.5601,2064.5601,2041.17,2053.3999,3498560000
2015-03-16,2055.3501,2081.4099,2055.3501,2081.1899,3295600000
2015-03-17,2080.5901,2080.5901,2065.0801,2074.28,3221840000
2015-03-18,2072.8401,2106.8501,2061.23,2099.5,4128210000
2015-03-19,2098.6899,2098.6899,2085.5601,2089.27,3305220000
2015-03-20,2090.3201,2113.9199,2090.3201,2108.1001,5554120000
2015-03-23,2107.99,2114.8601,2104.4199,2104.4199,3267960000
2015-03-24,2103.9399,2107.6299,2091.5,2091.5,3189820000
2015-03-25,2093.1001,2097.4299,2061.05,2061.05,3521140000
2015-03-26,2059.9399,2067.1499,2045.5,2056.1499,3510670000
2015-03-27,2055.78,2062.8301,2052.96,2061.02,3008550000
2015-03-30,2064.1101,2088.97,2064.1101,2086.24,2917690000
2015-03-31,2084.05,2084.05,2067.04,2067.8899,3376550000
2015-04-01,2067.6299,2067.6299,2048.3799,2059.6899,3543270000
2015-04-02,2060.03,2072.1699,2057.3201,2066.96,3095960000
2015-04-06,2064.8701,2086.99,2056.52,2080.6201,3302970000
2015-04-07,2080.79,2089.8101,2076.1001,2076.3301,3065510000
2015-04-08,2076.9399,2086.6899,2073.3,2081.8999,3265330000
2015-04-09,2081.29,2093.3101,2074.29,2091.1799,3172360000
2015-04-10,2091.51,2102.6101,2091.51,2102.0601,3156200000
2015-04-13,2102.03,2107.6499,2092.3301,2092.4299,2908420000
2015-04-14,2092.28,2098.6201,2083.24,2095.8401,3301270000
2015-04-15,2097.8201,2111.9099,2097.8201,2106.6299,4013760000
2015-04-16,2105.96,2111.3,2100.02,2104.99,3434120000
2015-04-17,2102.5801,2102.5801,2072.3701,2081.1799,3627600000
2015-04-20,2084.1101,2103.9399,2084.1101,2100.3999,3000160000
2015-04-21,2102.8201,2109.6399,2094.3799,2097.29,3243410000
2015-04-22,2098.27,2109.98,2091.05,2107.96,3348480000
2015-04-23,2107.21,2120.49,2103.1899,2112.9299,3636670000
2015-04-24,2112.8,2120.9199,2112.8,2117.6899,3375780000
2015-04-27,2119.29,2125.9199,2107.04,2108.9199,3438750000
2015-04-28,2108.3501,2116.04,2094.8899,2114.76,3546270000
2015-04-29,2112.49,2113.6499,2097.4099,2106.8501,4074970000
2015-04-30,2105.52,2105.52,2077.5901,2085.51,4509680000
2015-05-01,2087.3799,2108.4099,2087.3799,2108.29,3379390000
2015-05-04,2110.23,2120.95,2110.23,2114.49,3091580000
2015-05-05,2112.6299,2115.24,2088.46,2089.46,3793950000
2015-05-06,2091.26,2098.4199,2067.9299,2080.1499,3792210000
2015-05-07,2079.96,2092.8999,2074.99,2088.0,3676640000
2015-05-08,2092.1299,2117.6599,2092.1299,2116.1001,3399440000
2015-05-11,2115.5601,2117.6899,2104.5801,2105.3301,2992670000
2015-05-12,2102.8701,2105.0601,2085.5701,2099.1201,3139520000
2015-05-13,2099.6201,2110.1899,2096.04,2098.48,3374260000
2015-05-14,2100.4299,2121.45,2100.4299,2121.1001,3225740000
2015-05-15,2122.0701,2123.8899,2116.8101,2122.73,3092080000
2015-05-18,2121.3,2131.78,2120.01,2129.2,2888190000
2015-05-19,2129.45,2133.02,2124.5,2127.8301,3296030000
2015-05-20,2127.79,2134.72,2122.5901,2125.8501,3025880000
2015-05-21,2125.55,2134.28,2122.95,2130.8201,3070460000
2015-05-22,2130.3601,2132.1499,2126.0601,2126.0601,2571860000
2015-05-26,2125.3401,2125.3401,2099.1799,2104.2,3342130000
2015-05-27,2105.1299,2126.22,2105.1299,2123.48,3127960000
2015-05-28,2122.27,2122.27,2112.8601,2120.79,2980350000
2015-05-29,2120.6599,2120.6599,2104.8899,2107.3899,3927390000
2015-06-01,2108.6399,2119.1499,2102.54,2111.73,3011710000
2015-06-02,2110.4099,2117.5901,2099.1399,2109.6001,3049350000
2015-06-03,2110.6399,2121.9199,2109.6101,2114.0701,3099980000
2015-06-04,2112.3501,2112.8899,2093.23,2095.8401,3200050000
2015-06-05,2095.0901,2100.99,2085.6699,2092.8301,3243690000
2015-06-08,2092.3401,2093.01,2079.1101,2079.28,2917150000
2015-06-09,2079.0701,2085.6201,2072.1399,2080.1499,3034580000
2015-06-10,2081.1201,2108.5,2081.1201,2105.2,3414320000
2015-06-11,2106.24,2115.02,2106.24,2108.8601,3128600000
2015-06-12,2107.4299,2107.4299,2091.3301,2094.1101,2719400000
2015-06-15,2091.3401,2091.3401,2072.49,2084.4299,3061570000
2015-06-16,2084.26,2097.3999,2082.1001,2096.29,2919900000
2015-06-17,2097.3999,2106.79,2088.8601,2100.4399,3222240000
2015-06-18,2101.5801,2126.6499,2101.5801,2121.24,3520360000
2015-06-19,2121.0601,2121.6399,2109.45,2109.99,4449810000
2015-06-22,2112.5,2129.8701,2112.5,2122.8501,3030020000
2015-06-23,2123.1599,2128.03,2119.8899,2124.2,3091190000
2015-06-24,2123.6499,2125.1001,2108.5801,2108.5801,3102480000
2015-06-25,2109.96,2116.04,2101.78,2102.3101,3214610000
2015-06-26,2102.6201,2108.9199,2095.3799,2101.49,5025470000
2015-06-29,2098.6299,2098.6299,2056.6399,2057.6399,3678960000
2015-06-30,2061.1899,2074.28,2056.3201,2063.1101,4078540000
2015-07-01,2067.0,2082.78,2067.0,2077.4199,3727260000
2015-07-02,2078.03,2085.0601,2071.02,2076.78,2996540000
2015-07-06,2073.95,2078.6101,2058.3999,2068.76,3486360000
2015-07-07,2069.52,2083.74,2044.02,2081.3401,4458660000
2015-07-08,2077.6599,2077.6599,2044.66,2046.6801,3608780000
2015-07-09,2049.73,2074.28,2049.73,2051.3101,3446810000
2015-07-10,2052.74,2081.3101,2052.74,2076.6201,3065070000
2015-07-13,2080.03,2100.6699,2080.03,2099.6001,3096730000
2015-07-14,2099.72,2111.98,2098.1799,2108.95,3002120000
2015-07-15,2109.01,2114.1399,2102.49,2107.3999,3261810000
2015-07-16,2110.55,2124.4199,2110.55,2124.29,3227080000
2015-07-17,2126.8,2128.9099,2119.8799,2126.6399,3362750000
2015-07-20,2126.8501,2132.8201,2123.6599,2128.28,3245870000
2015-07-21,2127.55,2128.49,2115.3999,2119.21,3343690000
2015-07-22,2118.21,2118.51,2110.0,2114.1499,3694070000
2015-07-23,2114.1599,2116.8701,2098.6299,2102.1499,3772810000
2015-07-24,2102.24,2106.01,2077.0901,2079.6499,3870040000
2015-07-27,2078.1899,2078.1899,2063.52,2067.6399,3836750000
2015-07-28,2070.75,2095.6001,2069.0901,2093.25,4117740000
2015-07-29,2094.7,2110.6001,2094.0801,2108.5701,4038900000
2015-07-30,2106.78,2110.48,2094.97,2108.6299,3579410000
2015-07-31,2111.6001,2114.24,2102.0701,2103.8401,3681340000
2015-08-03,2104.49,2105.7,2087.3101,2098.04,3476770000
2015-08-04,2097.6799,2102.51,2088.6001,2093.3201,3546710000
2015-08-05,2095.27,2112.6599,2095.27,2099.8401,3968680000
2015-08-06,2100.75,2103.3201,2075.53,2083.5601,4246570000
2015-08-07,2082.6101,2082.6101,2067.9099,2077.5701,3602320000
2015-08-10,2080.98,2105.3501,2080.98,2104.1799,3514460000
2015-08-11,2102.6599,2102.6599,2076.49,2084.0701,3708880000
2015-08-12,2081.1001,2089.0601,2052.0901,2086.05,4269130000
2015-08-13,2086.1899,2092.9299,2078.26,2083.3899,3221300000
2015-08-14,2083.1499,2092.45,2080.6101,2091.54,2795590000
2015-08-17,2089.7,2102.8701,2079.3,2102.4399,2867690000
2015-08-18,2101.99,2103.47,2094.1399,2096.9199,2949990000
2015-08-19,2095.6899,2096.1699,2070.53,2079.6101,3512920000
2015-08-20,2076.6101,2076.6101,2035.73,2035.73,3922470000
2015-08-21,2034.08,2034.08,1970.89,1970.89,5018240000
2015-08-24,1965.15,1965.15,1867.01,1893.21,6612690000
2015-08-25,1898.08,1948.04,1867.08,1867.61,5183560000
2015-08-26,1872.75,1943.09,1872.75,1940.51,5338250000
2015-08-27,1942.77,1989.6,1942.77,1987.66,5006390000
2015-08-28,1986.0601,1993.48,1975.1899,1988.87,3949080000
2015-08-31,1986.73,1986.73,1965.98,1972.1801,3915100000
2015-09-01,1970.09,1970.09,1903.0699,1913.85,4371850000
2015-09-02,1916.52,1948.91,1916.52,1948.86,3742620000
2015-09-03,1950.79,1975.01,1944.72,1951.13,3520700000
2015-09-04,1947.76,1947.76,1911.21,1921.22,3167090000
2015-09-08,1927.3,1970.42,1927.3,1969.41,3548650000
2015-09-09,1971.45,1988.63,1937.88,1942.04,3652120000
2015-09-10,1941.59,1965.29,1937.1899,1952.29,3626320000
2015-09-11,1951.45,1961.05,1939.1899,1961.05,3218590000
2015-09-14,1963.0601,1963.0601,1948.27,1953.03,3000200000
2015-09-15,1955.1,1983.1899,1954.3,1978.09,3239860000
2015-09-16,1978.02,1997.26,1977.9301,1995.3101,3630680000
2015-09-17,1995.33,2020.86,1986.73,1990.2,4183790000
2015-09-18,1989.66,1989.66,1953.45,1958.03,6021240000
2015-09-21,1960.84,1979.64,1955.8,1966.97,3269350000
2015-09-22,1961.39,1961.39,1929.22,1942.74,3808260000
2015-09-23,1943.24,1949.52,1932.5699,1938.76,3190530000
2015-09-24,1934.8101,1937.17,1908.92,1932.24,4091530000
2015-09-25,1935.9301,1952.89,1921.5,1931.34,3721870000
2015-09-28,1929.1801,1929.1801,1879.21,1881.77,4326660000
2015-09-29,1881.9,1899.48,1871.91,1884.09,4132390000
2015-09-30,1887.14,1920.53,1887.14,1920.03,4525070000
2015-10-01,1919.65,1927.21,1900.7,1923.8199,3983600000
2015-10-02,1921.77,1951.36,1893.7,1951.36,4378570000
2015-10-05,1954.33,1989.17,1954.33,1987.05,4334490000
2015-10-06,1986.63,1991.62,1971.99,1979.92,4202400000
2015-10-07,1982.34,1999.3101,1976.4399,1995.83,4666470000
2015-10-08,1994.01,2016.5,1987.53,2013.4301,3939140000
2015-10-09,2013.73,2020.13,2007.61,2014.89,3706900000
2015-10-12,2015.65,2018.66,2010.55,2017.46,2893250000
2015-10-13,2015.0,2022.34,2001.78,2003.6899,3401920000
2015-10-14,2003.66,2009.5601,1990.73,1994.24,3644590000
2015-10-15,1996.47,2024.15,1996.47,2023.86,3746290000
2015-10-16,2024.37,2033.54,2020.46,2033.11,3595430000
2015-10-19,2031.73,2034.45,2022.3101,2033.66,3287320000
2015-10-20,2033.13,2039.12,2026.61,2030.77,3331500000
2015-10-21,2033.47,2037.97,2017.22,2018.9399,3627790000
2015-10-22,2021.88,2055.2,2021.88,2052.51,4430850000
2015-10-23,2058.1899,2079.74,2058.1899,2075.1499,4108460000
2015-10-26,2075.0801,2075.1399,2066.53,2071.1799,3385800000
2015-10-27,2068.75,2070.3701,2058.8401,2065.8899,4216880000
2015-10-28,2066.48,2090.3501,2063.1101,2090.3501,4698110000
2015-10-29,2088.3501,2092.52,2082.6299,2089.4099,4008940000
2015-10-30,2090.0,2094.3201,2079.3401,2079.3601,4256200000
2015-11-02,2080.76,2106.2,2080.76,2104.05,3760020000
2015-11-03,2102.6299,2116.48,2097.51,2109.79,4272060000
2015-11-04,2110.6001,2114.5901,2096.98,2102.3101,4078870000
2015-11-05,2101.6799,2108.78,2090.4099,2099.9299,4051890000
2015-11-06,2098.6001,2101.9099,2083.74,2099.2,4369020000
2015-11-09,2096.5601,2096.5601,2068.24,2078.5801,3882350000
2015-11-10,2077.1899,2083.6699,2069.9099,2081.72,3821440000
2015-11-11,2083.4099,2086.9399,2074.8501,2075.0,3692410000
2015-11-12,2072.29,2072.29,2045.66,2045.97,4016370000
2015-11-13,2044.64,2044.64,2022.02,2023.04,4278750000
2015-11-16,2022.08,2053.22,2019.39,2053.1899,3741240000
2015-11-17,2053.6699,2066.6899,2045.9,2050.4399,4427350000
2015-11-18,2051.99,2085.3101,2051.99,2083.5801,3926390000
2015-11-19,2083.7,2086.74,2078.76,2081.24,3628110000
2015-11-20,2082.8201,2097.0601,2082.8201,2089.1699,3929600000
2015-11-23,2089.4099,2095.6101,2081.3899,2086.5901,3587980000
2015-11-24,2084.4199,2094.1201,2070.29,2089.1399,3884930000
2015-11-25,2089.3,2093.0,2086.3,2088.8701,2852940000
2015-11-27,2088.8201,2093.29,2084.1299,2090.1101,1466840000
2015-11-30,2090.95,2093.8101,2080.4099,2080.4099,4275030000
2015-12-01,2082.9299,2103.3701,2082.9299,2102.6299,3712120000
2015-12-02,2101.71,2104.27,2077.1101,2079.51,3950640000
2015-12-03,2080.71,2085.0,2042.35,2049.6201,4306490000
2015-12-04,2051.24,2093.8401,2051.24,2091.6899,4214910000
2015-12-07,2090.4199,2090.4199,2066.78,2077.0701,4043820000
2015-12-08,2073.3899,2073.8501,2052.3201,2063.5901,4173570000
2015-12-09,2061.1699,2080.3301,2036.53,2047.62,4385250000
2015-12-10,2047.9301,2067.6499,2045.67,2052.23,3715150000
2015-12-11,2047.27,2047.27,2008.8,2012.37,4301060000
2015-12-14,2013.37,2022.92,1993.26,2021.9399,4612440000
2015-12-15,2025.55,2053.8701,2025.55,2043.41,4353540000
2015-12-16,2046.5,2076.72,2042.4301,2073.0701,4635450000
2015-12-17,2073.76,2076.3701,2041.66,2041.89,4327390000
2015-12-18,2040.8101,2040.8101,2005.33,2005.55,6683070000
2015-12-21,2010.27,2022.9,2005.9301,2021.15,3760280000
2015-12-22,2023.15,2042.74,2020.49,2038.97,3520860000
2015-12-23,2042.2,2064.73,2042.2,2064.29,3484090000
2015-12-24,2063.52,2067.3601,2058.73,2060.99,1411860000
2015-12-28,2057.77,2057.77,2044.2,2056.5,2492510000
2015-12-29,2060.54,2081.5601,2060.54,2078.3601,2542000000
2015-12-30,2077.3401,2077.3401,2061.97,2063.3601,2367430000
2015-12-31,2060.5901,2062.54,2043.62,2043.9399,2655330000
2016-01-04,2038.2,2038.2,1989.6801,2012.66,4304880000
2016-01-05,2013.78,2021.9399,2004.17,2016.71,3706620000
2016-01-06,2011.71,2011.71,1979.05,1990.26,4336660000
2016-01-07,1985.3199,1985.3199,1938.83,1943.09,5076590000
2016-01-08,1945.97,1960.4,1918.46,1922.03,4664940000
2016-01-11,1926.12,1935.65,1901.1,1923.67,4607290000
2016-01-12,1927.83,1947.38,1914.35,1938.6801,4887260000
2016-01-13,1940.34,1950.33,1886.41,1890.28,5087030000
2016-01-14,1891.6801,1934.47,1878.9301,1921.84,5241110000
2016-01-15,1916.6801,1916.6801,1857.83,1880.33,5468460000
2016-01-19,1888.66,1901.4399,1864.6,1881.33,4928350000
2016-01-20,1876.1801,1876.1801,1812.29,1859.33,6416070000
2016-01-21,1861.46,1889.85,1848.98,1868.99,5078810000
2016-01-22,1877.4,1908.85,1877.4,1906.9,4901760000
2016-01-25,1906.28,1906.28,1875.97,1877.08,4401380000
2016-01-26,1878.79,1906.73,1878.79,1903.63,4357940000
2016-01-27,1902.52,1916.99,1872.7,1882.95,4754040000
2016-01-28,1885.22,1902.96,1873.65,1893.36,4693010000
2016-01-29,1894.0,1940.24,1894.0,1940.24,5497570000
2016-02-01,1936.9399,1947.2,1920.3,1939.38,4322530000
2016-02-02,1935.26,1935.26,1897.29,1903.03,4463190000
2016-02-03,1907.0699,1918.01,1872.23,1912.53,5172950000
2016-02-04,1911.67,1927.35,1900.52,1915.45,5193320000
2016-02-05,1913.0699,1913.0699,1872.65,1880.05,4929940000
2016-02-08,1873.25,1873.25,1828.46,1853.4399,5636460000
2016-02-09,1848.46,1868.25,1834.9399,1852.21,5183220000
2016-02-10,1857.1,1881.6,1850.3199,1851.86,4471170000
2016-02-11,1847.0,1847.0,1810.1,1829.08,5500800000
2016-02-12,1833.4,1864.78,1833.4,1864.78,4696920000
2016-02-16,1871.4399,1895.77,1871.4399,1895.58,4570670000
2016-02-17,1898.8,1930.6801,1898.8,1926.8199,5011540000
2016-02-18,1927.5699,1930.0,1915.09,1917.83,4436490000
2016-02-19,1916.74,1918.78,1902.17,1917.78,4142850000
2016-02-22,1924.4399,1946.7,1924.4399,1945.5,4054710000
2016-02-23,1942.38,1942.38,1919.4399,1921.27,3890650000
2016-02-24,1917.5601,1932.08,1891.0,1929.8,4317250000
2016-02-25,1931.87,1951.83,1925.41,1951.7,4118210000
2016-02-26,1954.95,1962.96,1945.78,1948.05,4348510000
2016-02-29,1947.13,1958.27,1931.8101,1932.23,4588180000
2016-03-01,1937.09,1978.35,1937.09,1978.35,4819750000
2016-03-02,1976.6,1986.51,1968.8,1986.45,4666610000
2016-03-03,1985.6,1993.6899,1977.37,1993.4,5081700000
2016-03-04,1994.01,2009.13,1986.77,1999.99,6049930000
2016-03-07,1996.11,2006.12,1989.38,2001.76,4968180000
2016-03-08,1996.88,1996.88,1977.4301,1979.26,4641650000
2016-03-09,1981.4399,1992.6899,1979.84,1989.26,4038120000
2016-03-10,1990.97,2005.08,1969.25,1989.5699,4376790000
2016-03-11,1994.71,2022.37,1994.71,2022.1899,4078620000
2016-03-14,2019.27,2024.5699,2012.05,2019.64,3487850000
2016-03-15,2015.27,2015.9399,2005.23,2015.9301,3560280000
2016-03-16,2014.24,2032.02,2010.04,2027.22,4057020000
2016-03-17,2026.9,2046.24,2022.16,2040.59,4530480000
2016-03-18,2041.16,2052.3601,2041.16,2049.5801,6503140000
2016-03-21,2047.88,2053.9099,2043.14,2051.6001,3376600000
2016-03-22,2048.6399,2056.6001,2040.5699,2049.8,3418460000
2016-03-23,2048.55,2048.55,2034.86,2036.71,3639510000
2016-03-24,2032.48,2036.04,2022.49,2035.9399,3407720000
2016-03-28,2037.89,2042.67,2031.96,2037.05,2809090000
2016-03-29,2035.75,2055.9099,2028.3101,2055.01,3822330000
2016-03-30,2058.27,2072.21,2058.27,2063.95,3590310000
2016-03-31,2063.77,2067.9199,2057.46,2059.74,3715280000
2016-04-01,2056.6201,2075.0701,2043.98,2072.78,3749990000
2016-04-04,2073.1899,2074.02,2062.5701,2066.1299,3485710000
2016-04-05,2062.5,2062.5,2042.5601,2045.17,4154920000
2016-04-06,2045.5601,2067.3301,2043.09,2066.6599,3750800000
2016-04-07,2063.01,2063.01,2033.8,2041.91,3801250000
2016-04-08,2045.54,2060.6299,2041.6899,2047.6,3359530000
2016-04-11,2050.23,2062.9299,2041.88,2041.99,3567840000
2016-04-12,2043.72,2065.05,2039.74,2061.72,4239740000
2016-04-13,2065.9199,2083.1799,2065.9199,2082.4199,4191830000
2016-04-14,2082.8899,2087.8401,2078.1299,2082.78,3765870000
2016-04-15,2083.1001,2083.22,2076.3101,2080.73,3701450000
2016-04-18,2078.8301,2094.6599,2073.6499,2094.3401,3316880000
2016-04-19,2096.05,2104.05,2091.6799,2100.8,3896830000
2016-04-20,2101.52,2111.05,2096.3201,2102.3999,4184880000
2016-04-21,2102.0901,2103.78,2088.52,2091.48,4175290000
2016-04-22,2091.49,2094.3201,2081.2,2091.5801,3790580000
2016-04-25,2089.3701,2089.3701,2077.52,2087.79,3319740000
2016-04-26,2089.8401,2096.8701,2085.8,2091.7,3557190000
2016-04-27,2092.3301,2099.8899,2082.3101,2095.1499,4100110000
2016-04-28,2090.9299,2099.3,2071.6201,2075.8101,4309840000
2016-04-29,2071.8201,2073.8501,2052.28,2065.3,4704720000
2016-05-02,2067.1699,2083.4199,2066.1101,2081.4299,3841110000
2016-05-03,2077.1799,2077.1799,2054.8899,2063.3701,4173390000
2016-05-04,2060.3,2060.3,2045.55,2051.1201,4058560000
2016-05-05,2052.95,2060.23,2045.77,2050.6299,4008530000
2016-05-06,2047.77,2057.72,2039.45,2057.1399,3796350000
2016-05-09,2057.55,2064.1499,2054.3101,2058.6899,3788620000
2016-05-10,2062.6299,2084.8701,2062.6299,2084.3899,3600200000
2016-05-11,2083.29,2083.29,2064.46,2064.46,3821980000
2016-05-12,2067.1699,2073.99,2053.1299,2064.1101,3782390000
2016-05-13,2062.5,2066.79,2043.13,2046.61,3579880000
2016-05-16,2046.53,2071.8799,2046.53,2066.6599,3501360000
2016-05-17,2065.04,2065.6899,2040.8199,2047.21,4108960000
2016-05-18,2044.38,2060.6101,2034.49,2047.63,4101320000
2016-05-19,2044.21,2044.21,2025.91,2040.04,3846770000
2016-05-20,2041.88,2058.3501,2041.88,2052.3201,3507650000
2016-05-23,2052.23,2055.5801,2047.26,2048.04,3055480000
2016-05-24,2052.6499,2079.6699,2052.6499,2076.0601,3627340000
2016-05-25,2078.9299,2094.73,2078.9299,2090.54,3859160000
2016-05-26,2091.4399,2094.3,2087.0801,2090.1001,3230990000
2016-05-27,2090.0601,2099.0601,2090.0601,2099.0601,3079150000
2016-05-31,2100.1299,2103.48,2088.6599,2096.95,4514410000
2016-06-01,2093.9399,2100.97,2085.1001,2099.3301,3525170000
2016-06-02,2097.71,2105.26,2088.5901,2105.26,3632720000
2016-06-03,2104.0701,2104.0701,2085.3601,2099.1299,3627780000
2016-06-06,2100.8301,2113.3601,2100.8301,2109.4099,3442020000
2016-06-07,2110.1799,2119.22,2110.1799,2112.1299,3534730000
2016-06-08,2112.71,2120.55,2112.71,2119.1201,3562060000
2016-06-09,2115.6499,2117.6399,2107.73,2115.48,3290320000
2016-06-10,2109.5701,2109.5701,2089.96,2096.0701,3515010000
2016-06-13,2091.75,2098.1201,2078.46,2079.0601,3392030000
2016-06-14,2076.6499,2081.3,2064.1001,2075.3201,3759770000
2016-06-15,2077.6001,2085.6499,2069.8,2071.5,3544720000
2016-06-16,2066.3601,2079.6201,2050.3701,2077.99,3628280000
2016-06-17,2078.2,2078.2,2062.8401,2071.22,4952630000
2016-06-20,2075.5801,2100.6599,2075.5801,2083.25,3467440000
2016-06-21,2085.1899,2093.6599,2083.02,2088.8999,3232880000
2016-06-22,2089.75,2099.71,2084.3601,2085.45,3168160000
2016-06-23,2092.8,2113.3201,2092.8,2113.3201,3297940000
2016-06-24,2103.8101,2103.8101,2032.5699,2037.41,7597450000
2016-06-27,2031.45,2031.45,1991.6801,2000.54,5431220000
2016-06-28,2006.67,2036.09,2006.67,2036.09,4385810000
2016-06-29,2042.6899,2073.1299,2042.6899,2070.77,4241740000
2016-06-30,2073.1699,2098.9399,2070.0,2098.8601,4622820000
2016-07-01,2099.3401,2108.71,2097.8999,2102.95,3458890000
2016-07-05,2095.05,2095.05,2080.8601,2088.55,3658380000
2016-07-06,2084.4299,2100.72,2074.02,2099.73,3909380000
2016-07-07,2100.4199,2109.0801,2089.3899,2097.8999,3604550000
2016-07-08,2106.97,2131.71,2106.97,2129.8999,3607500000
2016-07-11,2131.72,2143.1599,2131.72,2137.1599,3253340000
2016-07-12,2139.5,2155.3999,2139.5,2152.1399,4097820000
2016-07-13,2153.8101,2156.45,2146.21,2152.4299,3502320000
2016-07-14,2157.8799,2168.99,2157.8799,2163.75,3465610000
2016-07-15,2165.1299,2169.05,2155.79,2161.74,3122600000
2016-07-18,2162.04,2168.3501,2159.6299,2166.8899,3009310000
2016-07-19,2163.79,2164.6299,2159.01,2163.78,2968340000
2016-07-20,2166.1001,2175.6299,2164.8899,2173.02,3211860000
2016-07-21,2172.9099,2174.5601,2159.75,2165.1699,3438900000
2016-07-22,2166.47,2175.1101,2163.24,2175.03,3023280000
2016-07-25,2173.71,2173.71,2161.95,2168.48,3057240000
2016-07-26,2168.97,2173.54,2160.1799,2169.1799,3442350000
2016-07-27,2169.8101,2174.98,2159.0701,2166.5801,3995500000
2016-07-28,2166.05,2172.8501,2159.74,2170.0601,3664240000
2016-07-29,2168.8301,2177.0901,2163.49,2173.6001,4038840000
2016-08-01,2173.1499,2178.29,2166.21,2170.8401,3505990000
2016-08-02,2169.9399,2170.2,2147.5801,2157.03,3848750000
2016-08-03,2156.8101,2163.79,2152.5601,2163.79,3786530000
2016-08-04,2163.51,2168.1899,2159.0701,2164.25,3709200000
2016-08-05,2168.79,2182.8701,2168.79,2182.8701,3663070000
2016-08-08,2183.76,2185.4399,2177.8501,2180.8899,3327550000
2016-08-09,2182.24,2187.6599,2178.6101,2181.74,3334300000
2016-08-10,2182.8101,2183.4099,2172.0,2175.49,3254950000
2016-08-11,2177.97,2188.45,2177.97,2185.79,3423160000
2016-08-12,2183.74,2186.28,2179.4199,2184.05,3000660000
2016-08-15,2186.0801,2193.8101,2186.0801,2190.1499,3078530000
2016-08-16,2186.24,2186.24,2178.1399,2178.1499,3196400000
2016-08-17,2177.8401,2183.0801,2168.5,2182.22,3388910000
2016-08-18,2181.8999,2187.03,2180.46,2187.02,3300570000
2016-08-19,2184.24,2185.0,2175.1299,2183.8701,3084800000
2016-08-22,2181.5801,2185.1499,2175.96,2182.6399,2777550000
2016-08-23,2187.8101,2193.4199,2186.8,2186.8999,3041490000
2016-08-24,2185.0901,2186.6599,2171.25,2175.4399,3148280000
2016-08-25,2173.29,2179.0,2169.74,2172.47,2969310000
2016-08-26,2175.1001,2187.9399,2160.3899,2169.04,3342340000
2016-08-29,2170.1899,2183.48,2170.1899,2180.3799,2654780000
2016-08-30,2179.45,2182.27,2170.4099,2176.1201,3006800000
2016-08-31,2173.5601,2173.79,2161.3501,2170.95,3766390000
2016-09-01,2171.3301,2173.5601,2157.0901,2170.8601,3392120000
2016-09-02,2177.49,2184.8701,2173.5901,2179.98,3091120000
2016-09-06,2181.6101,2186.5701,2175.1001,2186.48,3447650000
2016-09-07,2185.1699,2187.8701,2179.0701,2186.1599,3319420000
2016-09-08,2182.76,2184.9399,2177.49,2181.3,3727840000
2016-09-09,2169.0801,2169.0801,2127.8101,2127.8101,4233960000
2016-09-12,2120.8601,2163.3,2119.1201,2159.04,4010480000
2016-09-13,2150.47,2150.47,2120.27,2127.02,4141670000
2016-09-14,2127.8601,2141.3301,2119.8999,2125.77,3664100000
2016-09-15,2125.3601,2151.3101,2122.3601,2147.26,3373720000
2016-09-16,2146.48,2146.48,2131.2,2139.1599,5014360000
2016-09-19,2143.99,2153.6101,2135.9099,2139.1201,3141820000
2016-09-20,2145.9399,2150.8,2139.1699,2139.76,3117380000
2016-09-21,2144.5801,2165.1101,2139.5701,2163.1201,3685450000
2016-09-22,2170.9399,2179.99,2170.9399,2177.1799,3523860000
2016-09-23,2173.29,2173.75,2163.97,2164.6899,3289860000
2016-09-26,2158.54,2158.54,2145.04,2146.1001,3199910000
2016-09-27,2146.04,2161.1299,2141.55,2159.9299,3414090000
2016-09-28,2161.8501,2172.3999,2151.79,2171.3701,3860390000
2016-09-29,2168.8999,2172.6699,2145.2,2151.1299,4215620000
2016-09-30,2156.51,2175.3,2156.51,2168.27,4158800000
2016-10-03,2164.3301,2164.4099,2154.77,2161.2,3113850000
2016-10-04,2163.3701,2165.46,2144.01,2150.49,3716100000
2016-10-05,2155.1499,2163.95,2155.1499,2159.73,3883710000
2016-10-06,2158.22,2162.9299,2150.28,2160.77,3438040000
2016-10-07,2164.1899,2165.8601,2144.8501,2153.74,3578770000
2016-10-10,2160.3899,2169.6001,2160.3899,2163.6599,2881970000
2016-10-11,2161.3501,2161.5601,2128.8401,2136.73,3393060000
2016-10-12,2137.6699,2145.3601,2132.77,2139.1799,2959510000
2016-10-13,2130.26,2138.1899,2114.72,2132.55,3538030000
2016-10-14,2139.6799,2149.1899,2132.98,2132.98,3187910000
2016-10-17,2132.95,2135.6101,2124.4299,2126.5,2832440000
2016-10-18,2138.3101,2144.3799,2135.49,2139.6001,3172940000
2016-10-19,2140.8101,2148.4399,2138.1499,2144.29,3364990000
2016-10-20,2142.51,2147.1799,2133.4399,2141.3401,3339320000
2016-10-21,2139.4299,2142.6299,2130.0901,2141.1599,3456390000
2016-10-24,2148.5,2154.79,2146.9099,2151.3301,3359950000
2016-10-25,2149.72,2151.4399,2141.9299,2143.1599,3756200000
2016-10-26,2136.97,2145.73,2131.5901,2139.4299,3778120000
2016-10-27,2144.0601,2147.1299,2132.52,2133.04,4209400000
2016-10-28,2132.23,2140.72,2119.3601,2126.4099,4028270000
2016-10-31,2129.78,2133.25,2125.53,2126.1499,3926560000
2016-11-01,2128.6799,2131.45,2097.8501,2111.72,4539190000
2016-11-02,2109.4299,2111.76,2094.0,2097.9399,4289120000
2016-11-03,2098.8,2102.5601,2085.23,2088.6599,3892100000
2016-11-04,2083.79,2099.0701,2083.79,2085.1799,3841910000
2016-11-07,2100.5901,2132.0,2100.5901,2131.52,3739720000
2016-11-08,2129.9199,2146.8701,2123.5601,2139.5601,3921850000
2016-11-09,2131.5601,2170.1001,2125.3501,2163.26,6267590000
2016-11-10,2167.49,2182.3,2151.1699,2167.48,6458450000
2016-11-11,2162.71,2165.9199,2152.49,2164.45,4993990000
2016-11-14,2165.6399,2171.3601,2156.0801,2164.2,5373670000
2016-11-15,2168.29,2180.8401,2166.3799,2180.3899,4548110000
2016-11-16,2177.53,2179.22,2172.2,2176.9399,3847900000
2016-11-17,2178.6101,2188.0601,2176.6499,2187.1201,3811730000
2016-11-18,2186.8501,2189.8899,2180.3799,2181.8999,3580900000
2016-11-21,2186.4299,2198.7,2186.4299,2198.1799,3611500000
2016-11-22,2201.5601,2204.8,2194.51,2202.9399,3960520000
2016-11-23,2198.55,2204.72,2194.51,2204.72,3419850000
2016-11-25,2206.27,2213.3501,2206.27,2213.3501,1584590000
2016-11-28,2210.21,2211.1399,2200.3601,2201.72,3515100000
2016-11-29,2200.76,2210.46,2198.1499,2204.6599,3709190000
2016-11-30,2204.97,2214.1001,2198.8101,2198.8101,5538400000
2016-12-01,2200.1699,2202.6001,2187.4399,2191.0801,5067470000
2016-12-02,2191.1201,2197.95,2188.3701,2191.95,3782370000
2016-12-05,2200.6499,2209.4199,2199.97,2204.71,3898530000
2016-12-06,2207.26,2212.78,2202.21,2212.23,3857290000
2016-12-07,2210.72,2241.6299,2208.9299,2241.3501,4504070000
2016-12-08,2241.1299,2251.6899,2237.5701,2246.1899,4203270000
2016-12-09,2249.73,2259.8,2249.23,2259.53,3886460000
2016-12-12,2258.8301,2264.03,2252.3701,2256.96,4038850000
2016-12-13,2263.3201,2277.53,2263.3201,2271.72,3875630000
2016-12-14,2268.3501,2276.2,2248.4399,2253.28,4409670000
2016-12-15,2253.77,2272.1201,2253.77,2262.03,4173360000
2016-12-16,2266.8101,2268.05,2254.24,2258.0701,5928980000
2016-12-19,2259.24,2267.47,2258.21,2262.53,3252840000
2016-12-20,2266.5,2272.5601,2266.1399,2270.76,3306250000
2016-12-21,2270.54,2271.23,2265.1499,2265.1799,2854880000
2016-12-22,2262.9299,2263.1799,2256.0801,2260.96,2880670000
2016-12-23,2260.25,2263.79,2258.8401,2263.79,2021230000
2016-12-27,2266.23,2273.8201,2266.1499,2268.8799,1989730000
2016-12-28,2270.23,2271.3101,2249.1101,2249.9199,2402750000
2016-12-29,2249.5,2254.51,2244.5601,2249.26,2338700000
2016-12-30,2251.6101,2253.5801,2233.6201,2238.8301,2671550000
2017-01-03,2251.5701,2263.8799,2245.1299,2257.8301,3773010000
2017-01-04,2261.6001,2272.8201,2261.6001,2270.75,3768890000
2017-01-05,2268.1799,2271.5,2260.45,2269.0,3785080000
2017-01-06,2271.1399,2282.1001,2264.0601,2276.98,3342080000
2017-01-09,2273.5901,2275.49,2268.8999,2268.8999,3219730000
2017-01-10,2269.72,2279.27,2265.27,2268.8999,3640560000
2017-01-11,2268.6001,2275.3201,2260.8301,2275.3201,3625080000
2017-01-12,2271.1399,2271.78,2254.25,2270.4399,3466220000
2017-01-13,2272.74,2278.6799,2271.51,2274.6399,3090680000
2017-01-17,2269.1399,2272.0801,2262.8101,2267.8899,3586950000
2017-01-18,2269.1399,2272.01,2263.3501,2271.8899,3317670000
2017-01-19,2271.8999,2274.3301,2258.4099,2263.6899,3168390000
2017-01-20,2269.96,2276.96,2265.01,2271.3101,3536850000
2017-01-23,2267.78,2271.78,2257.02,2265.2,3155240000
2017-01-24,2267.8799,2284.6299,2266.6799,2280.0701,3816950000
2017-01-25,2288.8799,2299.55,2288.8799,2298.3701,3849340000
2017-01-26,2298.6299,2300.99,2294.0801,2296.6799,3611510000
2017-01-27,2299.02,2299.02,2291.6201,2294.6899,3137420000
2017-01-30,2286.01,2286.01,2268.04,2280.8999,3595040000
2017-01-31,2274.02,2279.0901,2267.21,2278.8701,4089730000
2017-02-01,2285.5901,2289.1399,2272.4399,2279.55,3919190000
2017-02-02,2276.6899,2283.97,2271.6499,2280.8501,3809760000
2017-02-03,2288.54,2298.3101,2287.8799,2297.4199,3605970000
2017-02-06,2294.28,2296.1799,2288.5701,2292.5601,3112390000
2017-02-07,2295.8701,2299.3999,2290.1599,2293.0801,3452460000
2017-02-08,2289.55,2295.9099,2285.3799,2294.6699,3611950000
2017-02-09,2296.7,2311.0801,2296.6101,2307.8701,3681600000
2017-02-10,2312.27,2319.23,2311.1001,2316.1001,3496600000
2017-02-13,2321.72,2331.5801,2321.4199,2328.25,3352370000
2017-02-14,2326.1201,2337.5801,2322.1699,2337.5801,3528040000
2017-02-15,2335.5801,2351.3,2334.8101,2349.25,3785870000
2017-02-16,2349.6399,2351.3101,2338.8701,2347.22,3675900000
2017-02-17,2343.01,2351.1599,2339.5801,2351.1599,3516830000
2017-02-21,2354.9099,2366.71,2354.9099,2365.3799,3587520000
2017-02-22,2361.1101,2365.1299,2358.3401,2362.8201,3473170000
2017-02-23,2367.5,2368.26,2355.0901,2363.8101,4021770000
2017-02-24,2355.73,2367.3401,2352.8701,2367.3401,3832410000
2017-02-27,2365.23,2371.54,2361.8701,2369.75,3584680000
2017-02-28,2366.0801,2367.79,2358.96,2363.6399,4212460000
2017-03-01,2380.1299,2400.98,2380.1299,2395.96,4347630000
2017-03-02,2394.75,2394.75,2380.1699,2381.9199,3824030000
2017-03-03,2380.9199,2383.8899,2375.3899,2383.1201,3556670000
2017-03-06,2375.23,2378.8,2367.98,2375.3101,3251800000
2017-03-07,2370.74,2375.1201,2365.51,2368.3899,3526300000
2017-03-08,2369.8101,2373.0901,2361.01,2362.98,3814080000
2017-03-09,2363.49,2369.0801,2354.54,2364.8701,3718450000
2017-03-10,2372.52,2376.8601,2363.04,2372.6001,3434400000
2017-03-13,2371.5601,2374.4199,2368.52,2373.47,3166650000
2017-03-14,2368.55,2368.55,2358.1799,2365.45,3173760000
2017-03-15,2370.3401,2390.01,2368.9399,2385.26,3909490000
2017-03-16,2387.71,2388.1001,2377.1799,2381.3799,3368880000
2017-03-17,2383.71,2385.71,2377.6399,2378.25,5179820000
2017-03-20,2378.24,2379.55,2369.6599,2373.47,3061560000
2017-03-21,2379.3201,2381.9299,2341.8999,2344.02,4278890000
2017-03-22,2343.0,2351.8101,2336.45,2348.45,3575160000
2017-03-23,2345.97,2358.9199,2342.1299,2345.96,3262400000
2017-03-24,2350.4199,2356.22,2335.74,2343.98,2978530000
2017-03-27,2329.1101,2344.8999,2322.25,2341.5901,3242300000
2017-03-28,2339.79,2363.78,2337.6299,2358.5701,3369120000
2017-03-29,2356.54,2363.3601,2352.9399,2361.1299,3107670000
2017-03-30,2361.3101,2370.4199,2358.5801,2368.0601,3159680000
2017-03-31,2364.8201,2370.3501,2362.6001,2362.72,3356740000
2017-04-03,2362.3401,2365.8701,2344.73,2358.8401,3418730000
2017-04-04,2354.76,2360.53,2350.72,2360.1599,3208340000
2017-04-05,2366.5901,2378.3601,2350.52,2352.95,3780650000
2017-04-06,2353.79,2364.1599,2348.8999,2357.49,3203250000
2017-04-07,2356.5901,2363.76,2350.74,2355.54,3054700000
2017-04-10,2357.1599,2366.3701,2351.5,2357.1599,2792570000
2017-04-11,2353.9199,2355.22,2337.25,2353.78,3120900000
2017-04-12,2352.1499,2352.72,2341.1799,2344.9299,3201300000
2017-04-13,2341.98,2348.26,2328.95,2328.95,3146380000
2017-04-17,2332.6201,2349.1399,2332.51,2349.01,2826890000
2017-04-18,2342.53,2348.3501,2334.54,2342.1899,3272210000
2017-04-19,2346.79,2352.6299,2335.05,2338.1699,3521160000
2017-04-20,2342.6899,2361.3701,2340.9099,2355.8401,3648990000
2017-04-21,2354.74,2356.1799,2344.51,2348.6899,3524160000
2017-04-24,2370.3301,2376.98,2369.1899,2374.1499,3711170000
2017-04-25,2381.51,2392.48,2381.1499,2388.6101,4005820000
2017-04-26,2388.98,2398.1599,2386.78,2387.45,4111350000
2017-04-27,2389.7,2392.1001,2382.6799,2388.77,4099940000
2017-04-28,2393.6799,2393.6799,2382.3601,2384.2,3721350000
2017-05-01,2388.5,2394.49,2384.8301,2388.3301,3201500000
2017-05-02,2391.05,2392.9299,2385.8201,2391.1699,3861360000
2017-05-03,2386.5,2389.8201,2379.75,2388.1299,3896760000
2017-05-04,2389.79,2391.4299,2380.3501,2389.52,4367860000
2017-05-05,2392.3701,2399.29,2389.3799,2399.29,3543240000
2017-05-08,2399.9399,2401.3601,2393.9199,2399.3799,3429990000
2017-05-09,2401.5801,2403.8701,2392.4399,2396.9199,3657840000
2017-05-10,2396.79,2399.74,2392.79,2399.6299,3649370000
2017-05-11,2394.8401,2395.72,2381.74,2394.4399,3727710000
2017-05-12,2392.4399,2392.4399,2387.1899,2390.8999,3304620000
2017-05-15,2393.98,2404.05,2393.9399,2402.3201,3490080000
2017-05-16,2404.55,2405.77,2396.05,2400.6699,3421810000
2017-05-17,2382.95,2384.8701,2356.21,2357.03,4164760000
2017-05-18,2354.6899,2375.74,2352.72,2365.72,4319440000
2017-05-19,2371.3701,2389.0601,2370.4299,2381.73,3831700000
2017-05-22,2387.21,2395.46,2386.9199,2394.02,3176580000
2017-05-23,2397.04,2400.8501,2393.8799,2398.4199,3216560000
2017-05-24,2401.4099,2405.5801,2397.99,2404.3899,3389240000
2017-05-25,2409.54,2418.71,2408.01,2415.0701,3538210000
2017-05-26,2414.5,2416.6799,2412.2,2415.8201,2806930000
2017-05-30,2411.6699,2415.26,2409.4299,2412.9099,3205860000
2017-05-31,2415.6299,2415.99,2403.5901,2411.8,4518040000
2017-06-01,2415.6499,2430.0601,2413.54,2430.0601,3860620000
2017-06-02,2431.28,2440.23,2427.71,2439.0701,3465500000
2017-06-05,2437.8301,2439.55,2434.3201,2436.1001,2916720000
2017-06-06,2431.9199,2436.21,2428.1201,2429.3301,3376750000
2017-06-07,2432.03,2435.28,2424.75,2433.1399,3576220000
2017-06-08,2434.27,2439.27,2427.9399,2433.79,3735980000
2017-06-09,2436.3899,2446.2,2415.7,2431.77,4029860000
2017-06-12,2425.8799,2430.3799,2419.97,2429.3899,4031840000
2017-06-13,2434.1499,2441.49,2431.28,2440.3501,3278240000
2017-06-14,2443.75,2443.75,2428.3401,2437.9199,3558640000
2017-06-15,2424.1399,2433.95,2418.53,2432.46,3371980000
2017-06-16,2431.24,2433.1499,2422.8799,2433.1499,5299380000
2017-06-19,2442.55,2453.8201,2441.79,2453.46,3271480000
2017-06-20,2450.6599,2450.6599,2436.6001,2437.03,3422700000
2017-06-21,2439.3101,2442.23,2430.74,2435.6101,3599190000
2017-06-22,2437.3999,2441.6201,2433.27,2434.5,3477250000
2017-06-23,2434.6499,2441.3999,2431.1101,2438.3,5282460000
2017-06-26,2443.3201,2450.4199,2437.03,2439.0701,3243660000
2017-06-27,2436.3401,2440.1499,2419.3799,2419.3799,3564770000
2017-06-28,2428.7,2442.97,2428.02,2440.6899,3479980000
2017-06-29,2442.3799,2442.73,2405.7,2419.7,3869560000
2017-06-30,2429.2,2432.71,2421.6499,2423.4099,3366030000
2017-07-03,2431.3899,2439.1699,2428.6899,2429.01,1901480000
2017-07-05,2430.78,2434.8999,2422.05,2432.54,3368150000
2017-07-06,2423.4399,2424.28,2407.7,2409.75,3368710000
2017-07-07,2413.52,2426.9199,2413.52,2425.1799,2929390000
2017-07-10,2424.51,2432.0,2422.27,2427.4299,3009880000
2017-07-11,2427.3501,2429.3,2412.79,2425.53,3108800000
2017-07-12,2435.75,2445.76,2435.75,2443.25,3176900000
2017-07-13,2444.99,2449.3201,2441.6899,2447.8301,3068510000
2017-07-14,2449.1599,2463.54,2446.6899,2459.27,2738460000
2017-07-17,2459.5,2462.8201,2457.1599,2459.1399,2800580000
2017-07-18,2455.8799,2460.9199,2450.3401,2460.6101,2974090000
2017-07-19,2463.8501,2473.8301,2463.8501,2473.8301,3063810000
2017-07-20,2475.5601,2477.6201,2468.4299,2473.45,3223820000
2017-07-21,2467.3999,2472.54,2465.0601,2472.54,3066880000
2017-07-24,2472.04,2473.1001,2466.3201,2469.9099,3019920000
2017-07-25,2477.8799,2481.24,2474.9099,2477.1299,4116360000
2017-07-26,2479.97,2481.6899,2474.9399,2477.8301,3597830000
2017-07-27,2482.76,2484.04,2459.9299,2475.4199,4035740000
2017-07-28,2469.1201,2473.53,2464.6599,2472.1001,3302850000
2017-07-31,2475.9399,2477.96,2468.53,2470.3,3475930000
2017-08-01,2477.1001,2478.51,2471.1399,2476.3501,3470260000
2017-08-02,2480.3799,2480.3799,2466.48,2477.5701,3487150000
2017-08-03,2476.03,2476.03,2468.8501,2472.1599,3662410000
2017-08-04,2476.8799,2480.0,2472.0801,2476.8301,3239980000
2017-08-07,2477.1399,2480.95,2475.8799,2480.9099,2935130000
2017-08-08,2478.3501,2490.8701,2470.3201,2474.9199,3347480000
2017-08-09,2465.3501,2474.4099,2462.0801,2474.02,3310960000
2017-08-10,2465.3799,2465.3799,2437.75,2438.21,3635820000
2017-08-11,2441.04,2448.0901,2437.8501,2441.3201,3161830000
2017-08-14,2454.96,2468.22,2454.96,2465.8401,2824320000
2017-08-15,2468.6599,2468.8999,2461.6101,2464.6101,2922430000
2017-08-16,2468.6299,2474.9299,2463.8601,2468.1101,2956570000
2017-08-17,2462.95,2465.02,2430.01,2430.01,3164950000
2017-08-18,2427.6399,2440.27,2420.6899,2425.55,3426970000
2017-08-21,2425.5,2430.5801,2417.3501,2428.3701,2803650000
2017-08-22,2433.75,2454.77,2433.6699,2452.51,2780990000
2017-08-23,2444.8799,2448.9099,2441.4199,2444.04,2796950000
2017-08-24,2447.9099,2450.3899,2436.1899,2438.97,2849680000
2017-08-25,2444.72,2453.96,2442.22,2443.05,2593350000
2017-08-28,2447.3501,2449.1201,2439.03,2444.24,2682920000
2017-08-29,2431.9399,2449.1899,2428.2,2446.3,2739460000
2017-08-30,2446.0601,2460.3101,2443.77,2457.5901,2637780000
2017-08-31,2462.6499,2475.01,2462.6499,2471.6499,3353860000
2017-09-01,2474.4199,2480.3799,2473.8501,2476.55,2712780000
2017-09-05,2470.3501,2471.97,2446.55,2457.8501,3502190000
2017-09-06,2463.8301,2469.6399,2459.2,2465.54,3400200000
2017-09-07,2468.0601,2468.6201,2460.29,2465.1001,3365780000
2017-09-08,2462.25,2467.1101,2459.3999,2461.4299,3308360000
2017-09-11,2474.52,2488.95,2474.52,2488.1101,3293460000
2017-09-12,2491.9399,2496.77,2490.3701,2496.48,3234280000
2017-09-13,2493.8899,2498.3701,2492.1399,2498.3701,3371370000
2017-09-14,2494.5601,2498.4299,2491.3501,2495.6201,3422470000
2017-09-15,2495.6699,2500.23,2493.1599,2500.23,4862970000
2017-09-18,2502.51,2508.3201,2499.9199,2503.8701,3204700000
2017-09-19,2506.29,2507.8401,2503.1899,2506.6499,3253760000
2017-09-20,2506.8401,2508.8501,2496.6699,2508.24,3584570000
2017-09-21,2507.1599,2507.1599,2499.0,2500.6001,2965590000
2017-09-22,2497.26,2503.47,2496.54,2502.22,2877980000
2017-09-25,2499.3899,2502.54,2488.03,2496.6599,3314530000
2017-09-26,2501.04,2503.51,2495.1201,2496.8401,3070770000
2017-09-27,2503.3,2511.75,2495.9099,2507.04,3485070000
2017-09-28,2503.4099,2510.8101,2502.9299,2510.0601,3173030000
2017-09-29,2509.96,2519.4399,2507.99,2519.3601,3220260000
2017-10-02,2521.2,2529.23,2520.3999,2529.1201,3226370000
2017-10-03,2530.3401,2535.1299,2528.8501,2534.5801,3073480000
2017-10-04,2533.48,2540.53,2531.8,2537.74,3020770000
2017-10-05,2540.8601,2552.51,2540.02,2552.0701,3059730000
2017-10-06,2547.4399,2549.4099,2543.79,2549.3301,2898270000
2017-10-09,2551.3899,2551.8201,2541.6001,2544.73,2486940000
2017-10-10,2549.99,2555.23,2544.8601,2550.6399,2962610000
2017-10-11,2550.6201,2555.24,2547.95,2555.24,2991320000
2017-10-12,2552.8799,2555.3301,2548.3101,2550.9299,3157280000
2017-10-13,2555.6599,2557.6499,2552.0901,2553.1699,3150470000
2017-10-16,2555.5701,2559.47,2552.6399,2557.6399,2918030000
2017-10-17,2557.1699,2559.71,2554.6899,2559.3601,2901890000
2017-10-18,2562.8701,2564.1101,2559.6699,2561.26,2999320000
2017-10-19,2553.3899,2562.3601,2547.9199,2562.1001,3019520000
2017-10-20,2567.5601,2575.4399,2567.5601,2575.21,3394450000
2017-10-23,2578.0801,2578.29,2564.3301,2564.98,3214470000
2017-10-24,2568.6599,2572.1799,2565.5801,2569.1299,3435660000
2017-10-25,2566.52,2567.3999,2544.0,2557.1499,3885470000
2017-10-26,2560.0801,2567.0701,2559.8,2560.3999,3891750000
2017-10-27,2570.26,2582.98,2565.9399,2581.0701,3896100000
2017-10-30,2577.75,2580.03,2568.25,2572.8301,3660230000
2017-10-31,2575.99,2578.29,2572.1499,2575.26,3844420000
2017-11-01,2583.21,2588.3999,2574.9199,2579.3601,3841200000
2017-11-02,2579.46,2581.1101,2566.1699,2579.8501,4050140000
2017-11-03,2581.9299,2588.4199,2576.77,2587.8401,3568710000
2017-11-06,2587.47,2593.3799,2585.6599,2591.1299,3541970000
2017-11-07,2592.1101,2597.02,2584.3501,2590.6399,3815190000
2017-11-08,2588.71,2595.47,2585.02,2594.3799,3898450000
2017-11-09,2584.0,2586.5,2566.3301,2584.6201,3844100000
2017-11-10,2580.1799,2583.8101,2575.5701,2582.3,3489740000
2017-11-13,2576.53,2587.6599,2574.48,2584.8401,3405200000
2017-11-14,2577.75,2579.6599,2566.5601,2578.8701,3643580000
2017-11-15,2569.45,2572.8401,2557.45,2564.6201,3586590000
2017-11-16,2572.95,2590.0901,2572.95,2585.6399,3329730000
2017-11-17,2582.9399,2583.96,2577.6201,2578.8501,3309800000
2017-11-20,2579.49,2584.6399,2578.24,2582.1399,3023940000
2017-11-21,2589.1699,2601.1899,2589.1699,2599.03,3351230000
2017-11-22,2600.3101,2600.9399,2595.23,2597.0801,2764110000
2017-11-24,2600.4199,2604.21,2600.4199,2602.4199,1385890000
2017-11-27,2602.6599,2606.4099,2598.8701,2601.4199,3017720000
2017-11-28,2605.9399,2627.6899,2605.4399,2627.04,3493340000
2017-11-29,2627.8201,2634.8899,2620.3201,2626.0701,4090630000
2017-11-30,2633.9299,2657.74,2633.9299,2647.5801,4965700000
2017-12-01,2645.1001,2650.6201,2605.52,2642.22,3950930000
2017-12-04,2657.1899,2665.1899,2639.03,2639.4399,4025840000
2017-12-05,2639.78,2648.72,2627.73,2629.5701,3547570000
2017-12-06,2626.24,2634.4099,2624.75,2629.27,3253080000
2017-12-07,2628.3799,2640.99,2626.53,2636.98,3297060000
2017-12-08,2646.21,2651.6499,2644.1001,2651.5,3126750000
2017-12-11,2652.1899,2660.3301,2651.47,2659.99,3141480000
2017-12-12,2661.73,2669.72,2659.78,2664.1101,3568910000
2017-12-13,2667.5901,2671.8799,2662.8501,2662.8501,3568360000
2017-12-14,2665.8701,2668.0901,2652.01,2652.01,3442760000
2017-12-15,2660.6299,2679.6299,2659.1399,2675.8101,5736910000
2017-12-18,2685.9199,2694.97,2685.9199,2690.1599,3727770000
2017-12-19,2692.71,2694.4399,2680.74,2681.47,3407680000
2017-12-20,2688.1799,2691.01,2676.1101,2679.25,3246230000
2017-12-21,2683.02,2692.6399,2682.3999,2684.5701,3293130000
2017-12-22,2684.22,2685.3501,2678.1299,2683.3401,2401030000
2017-12-26,2679.0901,2682.74,2677.96,2680.5,1970660000
2017-12-27,2682.1001,2685.6399,2678.9099,2682.6201,2202900000
2017-12-28,2686.1001,2687.6599,2682.6899,2687.54,2174890000
2017-12-29,2689.1499,2692.1201,2673.6101,2673.6101,2447760000
2018-01-02,2683.73,2695.8899,2682.3601,2695.8101,3397430000
2018-01-03,2697.8501,2714.3701,2697.77,2713.0601,3544030000
2018-01-04,2719.3101,2729.29,2719.0701,2723.99,3697340000
2018-01-05,2731.3301,2743.45,2727.9199,2743.1499,3239280000
2018-01-08,2742.6699,2748.51,2737.6001,2747.71,3246160000
2018-01-09,2751.1499,2759.1399,2747.8601,2751.29,3467460000
2018-01-10,2745.55,2750.8,2736.0601,2748.23,3579900000
2018-01-11,2752.97,2767.5601,2752.78,2767.5601,3645690000
2018-01-12,2770.1799,2787.8501,2769.6399,2786.24,3587220000
2018-01-16,2798.96,2807.54,2768.6399,2776.4199,4362880000
2018-01-17,2784.99,2807.04,2778.3799,2802.5601,3790340000
2018-01-18,2802.3999,2805.8301,2792.5601,2798.03,3703300000
2018-01-19,2802.6001,2810.3301,2798.0801,2810.3,3724230000
2018-01-22,2809.1599,2833.03,2808.1201,2832.97,3489480000
2018-01-23,2835.05,2842.24,2830.5901,2839.1299,3541140000
2018-01-24,2845.4199,2852.97,2824.8101,2837.54,4079270000
2018-01-25,2846.24,2848.5601,2830.9399,2839.25,3873100000
2018-01-26,2847.48,2872.8701,2846.1799,2872.8701,3474680000
2018-01-29,2867.23,2870.6201,2851.48,2853.53,3587420000
2018-01-30,2832.74,2837.75,2818.27,2822.4299,4012070000
2018-01-31,2832.4099,2839.26,2813.04,2823.8101,4276270000
2018-02-01,2816.45,2835.96,2812.7,2821.98,3977380000
2018-02-02,2808.9199,2808.9199,2759.97,2762.1299,4340220000
2018-02-05,2741.0601,2763.3899,2638.1699,2648.9399,5310840000
2018-02-06,2614.78,2701.04,2593.0701,2695.1399,5917350000
2018-02-07,2690.95,2727.6699,2681.3301,2681.6599,4646300000
2018-02-08,2685.01,2685.27,2580.5601,2581.0,5333840000
2018-02-09,2601.78,2638.6699,2532.6899,2619.55,5690110000
2018-02-12,2636.75,2672.6101,2622.45,2656.0,4069220000
2018-02-13,2646.27,2668.8401,2637.0801,2662.9399,3503540000
2018-02-14,2651.21,2702.1001,2648.8701,2698.6299,4011940000
2018-02-15,2713.46,2731.51,2689.8201,2731.2,3696140000
2018-02-16,2727.1399,2754.4199,2725.1101,2732.22,3646920000
2018-02-20,2722.99,2737.6001,2706.76,2716.26,3646920000
2018-02-21,2720.53,2747.75,2701.29,2701.3301,3789040000
2018-02-22,2710.4199,2731.26,2697.77,2703.96,3720620000
2018-02-23,2715.8,2747.76,2713.74,2747.3,3200360000
2018-02-26,2757.3701,2780.6399,2753.78,2779.6001,3436590000
2018-02-27,2780.45,2789.1499,2744.22,2744.28,3752070000
2018-02-28,2753.78,2761.52,2713.54,2713.8301,4244570000
2018-03-01,2715.22,2730.8899,2659.6499,2677.6699,4514490000
2018-03-02,2658.8899,2696.25,2647.3201,2691.25,3891250000
2018-03-05,2681.0601,2728.0901,2675.75,2720.9399,3733640000
2018-03-06,2730.1799,2732.0801,2711.26,2728.1201,3389030000
2018-03-07,2710.1799,2730.6001,2701.74,2726.8,3406690000
2018-03-08,2732.75,2740.45,2722.6499,2738.97,3206040000
2018-03-09,2752.9099,2786.5701,2751.54,2786.5701,3376870000
2018-03-12,2790.54,2796.98,2779.26,2783.02,3216960000
2018-03-13,2792.3101,2801.8999,2758.6799,2765.3101,3324290000
2018-03-14,2774.0601,2777.1101,2744.3799,2749.48,3394630000
2018-03-15,2754.27,2763.03,2741.47,2747.3301,3543710000
2018-03-16,2750.5701,2761.8501,2749.97,2752.01,5429140000
2018-03-19,2741.3799,2741.3799,2694.5901,2712.9199,3327460000
2018-03-20,2715.05,2724.22,2710.05,2716.9399,3272590000
2018-03-21,2714.99,2739.1399,2709.79,2711.9299,3434780000
2018-03-22,2691.3601,2695.6799,2641.5901,2643.6899,3765460000
2018-03-23,2646.71,2657.6699,2585.8899,2588.26,3829380000
2018-03-26,2619.3501,2661.3601,2601.8101,2658.55,3538080000
2018-03-27,2667.5701,2674.78,2596.1201,2612.6201,3761320000
2018-03-28,2611.3,2632.6499,2593.0601,2605.0,3875720000
2018-03-29,2614.4099,2659.0701,2609.72,2640.8701,3572360000
2018-04-02,2633.45,2638.3,2553.8,2581.8799,3635780000
2018-04-03,2592.1699,2619.1399,2575.49,2614.45,3395840000
2018-04-04,2584.04,2649.8601,2573.6101,2644.6899,3369230000
2018-04-05,2657.3601,2672.0801,2649.5801,2662.8401,3230430000
2018-04-06,2645.8201,2656.8799,2586.27,2604.47,3312390000
2018-04-09,2617.1799,2653.55,2610.79,2613.1599,3076140000
2018-04-10,2638.4099,2665.45,2635.78,2656.8701,3579130000
2018-04-11,2643.8899,2661.4299,2639.25,2642.1899,3054520000
2018-04-12,2653.8301,2674.72,2653.8301,2663.99,3045330000
2018-04-13,2676.8999,2680.26,2645.05,2656.3,2988540000
2018-04-16,2670.1001,2686.49,2665.1599,2677.8401,3020740000
2018-04-17,2692.74,2713.3401,2692.05,2706.3899,3286190000
2018-04-18,2710.1101,2717.49,2703.6299,2708.6399,3412030000
2018-04-19,2701.1599,2702.8401,2681.8999,2693.1299,3375120000
2018-04-20,2692.5601,2693.9399,2660.6101,2670.1399,3428260000
2018-04-23,2675.3999,2682.8601,2657.99,2670.29,3030390000
2018-04-24,2680.8,2683.55,2617.3201,2634.5601,3716020000
2018-04-25,2634.9199,2645.3,2612.6699,2639.3999,3563680000
2018-04-26,2651.6499,2676.48,2647.1599,2666.9399,3690920000
2018-04-27,2675.47,2677.3501,2659.01,2669.9099,3234510000
2018-04-30,2682.51,2682.8701,2648.04,2648.05,3749510000
2018-05-01,2642.96,2655.27,2625.4099,2654.8,3562820000
2018-05-02,2654.24,2660.8701,2631.7,2635.6699,4047020000
2018-05-03,2628.0801,2637.1399,2594.6201,2629.73,3867530000
2018-05-04,2621.45,2670.9299,2615.3201,2663.4199,3335260000
2018-05-07,2680.3401,2683.3501,2664.7,2672.6299,3266810000
2018-05-08,2670.26,2676.3401,2655.2,2671.9199,3745100000
2018-05-09,2678.1201,2701.27,2674.1399,2697.79,3913650000
2018-05-10,2705.02,2726.1101,2704.54,2723.0701,3380640000
2018-05-11,2722.7,2732.8601,2717.45,2727.72,2874850000
2018-05-14,2738.47,2742.1001,2725.47,2730.1299,2994360000
2018-05-15,2718.5901,2718.5901,2701.9099,2711.45,3291190000
2018-05-16,2712.6201,2727.76,2712.1699,2722.46,3248480000
2018-05-17,2719.71,2731.96,2711.3601,2720.1299,3478150000
2018-05-18,2717.3501,2719.5,2709.1799,2712.97,3383270000
2018-05-21,2735.3899,2739.1899,2725.7,2733.01,3053480000
2018-05-22,2738.3401,2742.24,2721.8799,2724.4399,3384140000
2018-05-23,2713.98,2733.3301,2709.54,2733.29,3333160000
2018-05-24,2730.9399,2731.97,2707.3799,2727.76,3285750000
2018-05-25,2723.6001,2727.3601,2714.99,2721.3301,3015260000
2018-05-29,2705.1101,2710.6699,2676.8101,2689.8601,3743310000
2018-05-30,2702.4299,2729.3401,2702.4299,2724.01,3566490000
2018-05-31,2720.98,2722.5,2700.6799,2705.27,4241100000
2018-06-01,2718.7,2736.9299,2718.7,2734.6201,3694310000
2018-06-04,2741.6699,2749.1599,2740.54,2746.8701,3410090000
2018-06-05,2748.46,2752.6101,2739.51,2748.8,3523550000
2018-06-06,2753.25,2772.3899,2748.46,2772.3501,3662780000
2018-06-07,2774.8401,2779.8999,2760.1599,2770.3701,3742080000
2018-06-08,2765.8401,2779.3899,2763.5901,2779.03,3138850000
2018-06-11,2780.1799,2790.21,2780.1699,2782.0,3262130000
2018-06-12,2785.6001,2789.8,2778.78,2786.8501,3435700000
2018-06-13,2787.9399,2791.47,2774.6499,2775.6299,3820770000
2018-06-14,2783.21,2789.0601,2776.52,2782.49,3540930000
2018-06-15,2777.78,2782.8101,2761.73,2779.6599,5451990000
2018-06-18,2765.79,2774.99,2757.1201,2773.75,3316120000
2018-06-19,2752.01,2765.05,2743.1899,2762.5901,3671160000
2018-06-20,2769.73,2774.8601,2763.9099,2767.3201,3332140000
2018-06-21,2769.28,2769.28,2744.3899,2749.76,3336580000
2018-06-22,2760.79,2764.1699,2752.6799,2754.8799,5468110000
2018-06-25,2742.9399,2742.9399,2698.6699,2717.0701,3663280000
2018-06-26,2722.1201,2732.9099,2715.6001,2723.0601,3568900000
2018-06-27,2728.45,2746.0901,2699.3799,2699.6299,3803990000
2018-06-28,2698.6899,2724.3401,2691.99,2716.3101,3461100000
2018-06-29,2727.1299,2743.26,2718.03,2718.3701,3586800000
2018-07-02,2704.95,2727.26,2698.95,2726.71,3095040000
2018-07-03,2733.27,2736.5801,2711.1599,2713.22,1911460000
2018-07-05,2724.1899,2737.8301,2716.02,2736.6101,2980160000
2018-07-06,2737.6799,2764.4099,2733.52,2759.8201,2590250000
2018-07-09,2775.6201,2784.6499,2770.73,2784.1699,3070060000
2018-07-10,2788.5601,2795.5801,2786.24,2793.8401,3080140000
2018-07-11,2779.8201,2785.9099,2770.77,2774.02,2986180000
2018-07-12,2783.1399,2799.22,2781.53,2798.29,2834230000
2018-07-13,2796.9299,2804.53,2791.6899,2801.3101,2619790000
2018-07-16,2797.3601,2801.1899,2793.3899,2798.4299,2819860000
2018-07-17,2789.3401,2814.1899,2789.24,2809.55,3064920000
2018-07-18,2811.3501,2816.76,2805.8899,2815.6201,3111560000
2018-07-19,2809.3701,2812.05,2799.77,2804.49,3278360000
2018-07-20,2804.55,2809.7,2800.01,2801.8301,3243250000
2018-07-23,2799.1699,2808.6101,2795.1399,2806.98,2928490000
2018-07-24,2820.6799,2829.99,2811.1201,2820.3999,3430410000
2018-07-25,2817.73,2848.03,2817.73,2846.0701,3584400000
2018-07-26,2835.49,2845.5701,2835.26,2837.4399,3667290000
2018-07-27,2842.3501,2843.1699,2808.3401,2818.8201,3434370000
2018-07-30,2819.0,2821.74,2798.1101,2802.6001,3261190000
2018-07-31,2809.73,2824.46,2808.0601,2816.29,3906890000
2018-08-01,2821.1699,2825.8301,2805.8501,2813.3601,3501350000
2018-08-02,2800.48,2829.9099,2796.3401,2827.22,3501380000
2018-08-03,2829.6201,2840.3799,2827.3701,2840.3501,3043690000
2018-08-06,2840.29,2853.29,2835.98,2850.3999,2879020000
2018-08-07,2855.9199,2863.4299,2855.9199,2858.45,3185440000
2018-08-08,2856.79,2862.4399,2853.0901,2857.7,2978070000
2018-08-09,2857.1899,2862.48,2851.98,2853.5801,3066180000
2018-08-10,2838.8999,2842.2,2825.8101,2833.28,3265590000
2018-08-13,2835.46,2843.3999,2819.8799,2821.9299,3173630000
2018-08-14,2827.8799,2843.1101,2826.5801,2839.96,2986500000
2018-08-15,2827.95,2827.95,2802.49,2818.3701,3656680000
2018-08-16,2831.4399,2850.49,2831.4399,2840.6899,3232000000
2018-08-17,2838.3201,2855.6299,2833.73,2850.1299,3037640000
2018-08-20,2853.9299,2859.76,2850.6201,2857.05,2757150000
2018-08-21,2861.51,2873.23,2861.3201,2862.96,3174010000
2018-08-22,2860.99,2867.54,2856.05,2861.8201,2701250000
2018-08-23,2860.29,2868.78,2854.03,2856.98,2724450000
2018-08-24,2862.3501,2876.1599,2862.3501,2874.6899,2603010000
2018-08-27,2884.6899,2898.25,2884.6899,2896.74,2865070000
2018-08-28,2901.45,2903.77,2893.5,2897.52,2687770000
2018-08-29,2900.6201,2916.5,2898.3999,2914.04,2805520000
2018-08-30,2908.9399,2912.46,2895.22,2901.1299,2810450000
2018-08-31,2898.3701,2906.3201,2891.73,2901.52,2887220000
2018-09-04,2896.96,2900.1799,2885.1299,2896.72,3087420000
2018-09-05,2891.5901,2894.21,2876.9199,2888.6001,3248780000
2018-09-06,2888.6399,2892.05,2867.29,2878.05,3144240000
2018-09-07,2868.26,2883.8101,2864.1201,2871.6799,2976580000
2018-09-10,2881.3899,2886.9299,2875.9399,2877.1299,2751100000
2018-09-11,2871.5701,2892.52,2866.78,2887.8899,2904500000
2018-09-12,2888.29,2894.6499,2879.2,2888.9199,3341280000
2018-09-13,2896.8501,2906.76,2896.3899,2904.1799,3274090000
2018-09-14,2906.3799,2908.3,2895.77,2904.98,3179410000
2018-09-17,2903.8301,2904.6499,2886.1599,2888.8,2967980000
2018-09-18,2890.74,2911.1699,2890.4299,2904.3101,3091190000
2018-09-19,2906.6001,2912.3601,2903.8201,2907.95,3302460000
2018-09-20,2919.73,2934.8,2919.73,2930.75,3406520000
2018-09-21,2936.76,2940.9099,2927.1101,2929.6699,5652470000
2018-09-24,2921.8301,2923.79,2912.6299,2919.3701,3392030000
2018-09-25,2921.75,2923.95,2913.7,2915.5601,3330880000
2018-09-26,2916.98,2931.1499,2903.28,2905.97,3417540000
2018-09-27,2911.6499,2927.22,2909.27,2914.0,3101360000
2018-09-28,2910.03,2920.53,2907.5,2913.98,3461680000
2018-10-01,2926.29,2937.0601,2917.9099,2924.5901,3375890000
2018-10-02,2923.8,2931.4199,2919.3701,2923.4299,3432620000
2018-10-03,2931.6899,2939.8601,2921.3601,2925.51,3625510000
2018-10-04,2919.3501,2919.78,2883.9199,2901.6101,3510370000
2018-10-05,2902.54,2909.6399,2869.29,2885.5701,3340820000
2018-10-08,2877.53,2889.45,2862.0801,2884.4299,3381820000
2018-10-09,2882.51,2894.8301,2874.27,2880.3401,3531690000
2018-10-10,2873.8999,2874.02,2784.8601,2785.6799,4554260000
2018-10-11,2776.8701,2795.1399,2710.51,2728.3701,4914090000
2018-10-12,2770.54,2775.77,2729.4399,2767.1299,4024010000
2018-10-15,2763.8301,2775.99,2749.03,2750.79,3327160000
2018-10-16,2767.05,2813.46,2766.9099,2809.9199,3460260000
2018-10-17,2811.6699,2816.9399,2781.8101,2809.21,3347090000
2018-10-18,2802.0,2806.04,2755.1799,2768.78,3639300000
2018-10-19,2775.6599,2797.77,2760.27,2767.78,3593940000
2018-10-22,2773.9399,2778.9399,2749.22,2755.8799,3331270000
2018-10-23,2721.03,2753.5901,2691.4299,2740.6899,4373710000
2018-10-24,2737.8701,2742.5901,2651.8899,2656.1001,4738670000
2018-10-25,2674.8799,2722.7,2667.8401,2705.5701,4663930000
2018-10-26,2667.8601,2692.3799,2628.1599,2658.6899,4804330000
2018-10-29,2682.6499,2706.8501,2603.54,2641.25,4701260000
2018-10-30,2640.6799,2685.4299,2635.3401,2682.6299,5125600000
2018-10-31,2705.6001,2736.6899,2705.6001,2711.74,5133380000
2018-11-01,2717.5801,2741.6699,2708.8501,2740.3701,4730250000
2018-11-02,2745.45,2756.55,2700.4399,2723.0601,4261230000
2018-11-05,2726.3701,2744.27,2717.9399,2738.3101,3650910000
2018-11-06,2738.3999,2756.8201,2737.0801,2755.45,3543800000
2018-11-07,2774.1299,2815.1499,2774.1299,2813.8899,3929080000
2018-11-08,2806.3799,2814.75,2794.99,2806.8301,3673550000
2018-11-09,2794.1001,2794.1001,2764.24,2781.01,4029030000
2018-11-12,2773.9299,2775.99,2722.0,2726.22,3701570000
2018-11-13,2730.05,2754.6001,2714.98,2722.1799,4112820000
2018-11-14,2737.8999,2746.8,2685.75,2701.5801,4449060000
2018-11-15,2693.52,2735.3799,2670.75,2730.2,4204960000
2018-11-16,2718.54,2746.75,2712.1599,2736.27,3996970000
2018-11-19,2730.74,2733.1599,2681.0901,2690.73,3806940000
2018-11-20,2654.6001,2669.4399,2631.52,2641.8899,4370820000
2018-11-21,2657.74,2670.73,2649.8201,2649.9299,3237400000
2018-11-23,2633.3601,2647.55,2631.0901,2632.5601,1651680000
2018-11-26,2649.97,2674.3501,2649.97,2673.45,3523520000
2018-11-27,2663.75,2682.53,2655.8899,2682.1699,3494380000
2018-11-28,2691.45,2744.0,2684.3799,2743.79,3984540000
2018-11-29,2736.97,2753.75,2722.9399,2737.8,3599200000
2018-11-30,2737.76,2760.8799,2732.76,2760.1699,4668310000
2018-12-03,2790.5,2800.1799,2773.3799,2790.3701,4221580000
2018-12-04,2782.4299,2785.9299,2697.1799,2700.0601,4515710000
2018-12-06,2663.51,2696.1499,2621.53,2695.95,5180430000
2018-12-07,2691.26,2708.54,2623.1399,2633.0801,4242240000
2018-12-10,2630.8601,2647.51,2583.23,2637.72,4162880000
2018-12-11,2664.4399,2674.3501,2621.3,2636.78,3963440000
2018-12-12,2658.23,2685.4399,2650.26,2651.0701,4029300000
2018-12-13,2658.7,2670.1899,2637.27,2650.54,3978340000
2018-12-14,2629.6799,2635.0701,2593.8401,2599.95,4064370000
2018-12-17,2590.75,2601.1299,2530.54,2545.9399,4661420000
2018-12-18,2559.8999,2573.99,2528.71,2546.1599,4519190000
2018-12-19,2547.05,2585.29,2488.96,2506.96,5152830000
2018-12-20,2496.77,2509.6299,2441.1799,2467.4199,5619780000
2018-12-21,2465.3799,2504.4099,2408.55,2416.6201,7657890000
2018-12-24,2400.5601,2410.3401,2351.1001,2351.1001,2613670000
2018-12-26,2363.1201,2467.76,2346.5801,2467.7,4249740000
2018-12-27,2442.5,2489.1001,2397.9399,2488.8301,4139010000
2018-12-28,2498.77,2520.27,2472.8899,2485.74,3728440000
2018-12-31,2498.9399,2509.24,2482.8201,2506.8501,3461920000
2019-01-02,2476.96,2519.49,2467.47,2510.03,3733160000
2019-01-03,2491.9199,2493.1399,2443.96,2447.8899,3858830000
2019-01-04,2474.3301,2538.0701,2474.3301,2531.9399,4234140000
2019-01-07,2535.6101,2566.1599,2524.5601,2549.6899,4133120000
2019-01-08,2568.1101,2579.8201,2547.5601,2574.4099,4120060000
2019-01-09,2580.0,2595.3201,2568.8899,2584.96,4088740000
2019-01-10,2573.51,2597.8201,2562.02,2596.6399,3721300000
2019-01-11,2588.1101,2596.27,2577.3999,2596.26,3447460000
2019-01-14,2580.3101,2589.3201,2570.4099,2582.6101,3689370000
2019-01-15,2585.1001,2613.0801,2585.1001,2610.3,3601180000
2019-01-16,2614.75,2625.76,2612.6799,2616.1001,3882180000
2019-01-17,2609.28,2645.0601,2606.3601,2635.96,3802410000
2019-01-18,2651.27,2675.47,2647.5801,2670.71,4009010000
2019-01-22,2657.8799,2657.8799,2617.27,2632.8999,3923950000
2019-01-23,2643.48,2653.1899,2612.8601,2638.7,3358770000
2019-01-24,2638.8401,2647.2,2627.01,2642.3301,3449230000
2019-01-25,2657.4399,2672.3799,2657.3301,2664.76,3821000000
2019-01-28,2644.97,2644.97,2624.0601,2643.8501,3630820000
2019-01-29,2644.8899,2650.9299,2631.05,2640.0,3518070000
2019-01-30,2653.6201,2690.4399,2648.3401,2681.05,3883270000
2019-01-31,2685.49,2708.95,2678.6499,2704.1001,4953800000
2019-02-01,2702.3201,2716.6599,2696.8799,2706.53,3782490000
2019-02-04,2706.49,2724.99,2698.75,2724.8701,3369450000
2019-02-05,2728.3401,2738.98,2724.03,2737.7,3597620000
2019-02-06,2735.05,2738.0801,2724.1499,2731.6101,3486590000
2019-02-07,2717.53,2719.3201,2687.26,2706.05,4114040000
2019-02-08,2692.3601,2708.0701,2681.8301,2707.8799,3649510000
2019-02-11,2712.3999,2718.05,2703.79,2709.8,3395330000
2019-02-12,2722.6101,2748.1899,2722.6101,2744.73,3843020000
2019-02-13,2750.3,2761.8501,2748.6299,2753.03,3684910000
2019-02-14,2743.5,2757.8999,2731.23,2745.73,3845390000
2019-02-15,2760.24,2775.6599,2760.24,2775.6001,3648680000
2019-02-19,2769.28,2787.3301,2767.29,2779.76,3535270000
2019-02-20,2779.05,2789.8799,2774.0601,2784.7,3904830000
2019-02-21,2780.24,2781.5801,2764.55,2774.8799,3598260000
2019-02-22,2780.6699,2794.2,2779.1101,2792.6699,3429350000
2019-02-25,2804.3501,2813.49,2794.99,2796.1101,3860260000
2019-02-26,2792.3601,2803.1201,2789.47,2793.8999,3676200000
2019-02-27,2787.5,2795.76,2775.1299,2792.3799,3771790000
2019-02-28,2788.1101,2793.73,2782.51,2784.49,4445780000
2019-03-01,2798.22,2808.02,2787.3799,2803.6899,3994950000
2019-03-04,2814.3701,2816.8799,2767.6599,2792.8101,3949730000
2019-03-05,2794.4099,2796.4399,2782.97,2789.6499,3631380000
2019-03-06,2790.27,2790.27,2768.6899,2771.45,3800180000
2019-03-07,2766.53,2767.25,2739.0901,2748.9299,3932150000
2019-03-08,2730.79,2744.1299,2722.27,2743.0701,3424300000
2019-03-11,2747.6101,2784.0,2747.6101,2783.3,3764850000
2019-03-12,2787.3401,2798.3201,2786.73,2791.52,3432340000
2019-03-13,2799.78,2821.24,2799.78,2810.9199,3782250000
2019-03-14,2810.3799,2815.0,2803.46,2808.48,3505670000
2019-03-15,2810.79,2830.73,2810.79,2822.48,5969780000
2019-03-18,2822.6101,2835.4099,2821.99,2832.9399,3620770000
2019-03-19,2840.76,2852.4199,2823.27,2832.5701,3650740000
2019-03-20,2831.3401,2843.54,2812.4299,2824.23,3779160000
2019-03-21,2819.72,2860.3101,2817.3799,2854.8799,3612620000
2019-03-22,2844.52,2846.1599,2800.47,2800.71,4253730000
2019-03-25,2796.01,2809.79,2785.02,2798.3601,3406110000
2019-03-26,2812.6599,2829.8701,2803.99,2818.46,3288570000
2019-03-27,2819.72,2825.5601,2787.72,2805.3701,3422400000
2019-03-28,2809.3999,2819.71,2798.77,2815.4399,3185460000
2019-03-29,2828.27,2836.03,2819.23,2834.3999,3752520000
2019-04-01,2848.6299,2869.3999,2848.6299,2867.1899,3560090000
2019-04-02,2868.24,2872.8999,2858.75,2867.24,3267210000
2019-04-03,2876.0901,2885.25,2865.1699,2873.3999,3570000000
2019-04-04,2873.99,2881.28,2867.1399,2879.3899,3038740000
2019-04-05,2884.1599,2893.24,2882.99,2892.74,3155970000
2019-04-08,2888.46,2895.95,2880.78,2895.77,3056460000
2019-04-09,2886.5801,2886.8799,2873.3301,2878.2,3032480000
2019-04-10,2881.3701,2889.71,2879.1299,2888.21,3092230000
2019-04-11,2891.9199,2893.4199,2881.99,2888.3201,2970650000
2019-04-12,2900.8601,2910.54,2898.3701,2907.4099,3726050000
2019-04-15,2908.3201,2909.6001,2896.48,2905.5801,3114530000
2019-04-16,2912.26,2916.0601,2900.71,2907.0601,3403120000
2019-04-17,2916.04,2918.0,2895.45,2900.45,3648100000
2019-04-18,2904.8101,2908.3999,2891.8999,2905.03,3507100000
2019-04-22,2898.78,2909.51,2896.3501,2907.97,3010130000
2019-04-23,2909.99,2936.3101,2908.53,2933.6799,3674480000
2019-04-24,2934.0,2936.8301,2926.05,2927.25,3468480000
2019-04-25,2928.99,2933.1001,2912.8401,2926.1699,3440010000
2019-04-26,2925.8101,2939.8799,2917.5601,2939.8799,3264390000
2019-04-29,2940.5801,2949.52,2939.3501,2943.03,3150390000
2019-04-30,2937.1399,2948.22,2924.1101,2945.8301,3939760000
2019-05-01,2952.3301,2954.1299,2923.3601,2923.73,3669330000
2019-05-02,2922.1599,2931.6799,2900.5,2917.52,3802290000
2019-05-03,2929.21,2947.8501,2929.21,2945.6399,3357180000
2019-05-06,2908.8899,2937.3201,2898.21,2932.47,3203260000
2019-05-07,2913.03,2913.03,2862.6001,2884.05,3793060000
2019-05-08,2879.6101,2897.96,2873.28,2879.4199,3543110000
2019-05-09,2859.8401,2875.97,2836.3999,2870.72,3659050000
2019-05-10,2863.1001,2891.3101,2825.3899,2881.3999,3566780000
2019-05-13,2840.1899,2840.1899,2801.4299,2811.8701,3900270000
2019-05-14,2820.1201,2852.54,2820.1201,2834.4099,3354860000
2019-05-15,2820.3799,2858.6799,2815.0801,2850.96,3140900000
2019-05-16,2855.8,2892.1499,2855.8,2876.3201,3338470000
2019-05-17,2858.6001,2885.48,2854.23,2859.53,3316040000
2019-05-20,2841.9399,2853.8601,2831.29,2840.23,3293750000
2019-05-21,2854.02,2868.8799,2854.02,2864.3601,3223050000
2019-05-22,2856.0601,2865.47,2851.1101,2856.27,3194000000
2019-05-23,2836.7,2836.7,2805.49,2822.24,3899320000
2019-05-24,2832.4099,2841.3601,2820.1899,2826.0601,2889230000
2019-05-28,2830.03,2840.51,2801.5801,2802.3899,4146980000
2019-05-29,2790.25,2792.03,2766.0601,2783.02,3701110000
2019-05-30,2786.9399,2799.0,2776.74,2788.8601,3276030000
2019-05-31,2766.1499,2768.98,2750.52,2752.0601,3982670000
2019-06-03,2751.53,2763.0701,2728.8101,2744.45,3952360000
2019-06-04,2762.6399,2804.49,2762.6399,2803.27,3814130000
2019-06-05,2818.0901,2827.28,2800.9199,2826.1499,3570760000
2019-06-06,2828.51,2852.1001,2822.45,2843.49,3445140000
2019-06-07,2852.8701,2884.97,2852.8701,2873.3401,3244380000
2019-06-10,2885.8301,2904.77,2885.51,2886.73,3209890000
2019-06-11,2903.27,2910.6101,2878.53,2885.72,3551000000
2019-06-12,2882.73,2888.5701,2874.6799,2879.8401,3039870000
2019-06-13,2886.24,2895.24,2881.99,2891.6399,3100640000
2019-06-14,2886.8201,2894.45,2879.6201,2886.98,2992810000
2019-06-17,2889.75,2897.27,2887.3,2889.6699,2828400000
2019-06-18,2906.71,2930.79,2905.4399,2917.75,3441540000
2019-06-19,2920.55,2931.74,2911.4299,2926.46,3300220000
2019-06-20,2949.6001,2958.0601,2931.5,2954.1799,3943060000
2019-06-21,2952.71,2964.1499,2946.8701,2950.46,5003540000
2019-06-24,2951.4199,2954.9199,2944.05,2945.3501,3136960000
2019-06-25,2945.78,2946.52,2916.01,2917.3799,3579430000
2019-06-26,2926.0701,2932.5901,2912.99,2913.78,3511350000
2019-06-27,2919.6599,2929.3,2918.5701,2924.9199,3162500000
2019-06-28,2932.9399,2943.98,2929.05,2941.76,5422650000
2019-07-01,2971.4099,2977.9299,2952.22,2964.3301,3524860000
2019-07-02,2964.6599,2973.21,2955.9199,2973.01,3224490000
2019-07-03,2978.0801,2995.8401,2977.96,2995.8201,1963570000
2019-07-05,2984.25,2994.03,2967.97,2990.4099,2434680000
2019-07-08,2979.77,2980.76,2970.0901,2975.95,2922360000
2019-07-09,2965.52,2981.8999,2963.4399,2979.6299,3033330000
2019-07-10,2989.3,3002.98,2984.6201,2993.0701,3157800000
2019-07-11,2999.6201,3002.3301,2988.8,2999.9099,3155710000
2019-07-12,3003.3601,3013.9199,3001.8701,3013.77,2984140000
2019-07-15,3017.8,3017.8,3008.77,3014.3,2876100000
2019-07-16,3012.1299,3015.02,3001.1499,3004.04,3297030000
2019-07-17,3005.1001,3005.26,2984.25,2984.4199,3185650000
2019-07-18,2978.8701,2998.28,2973.0901,2995.1101,3369820000
2019-07-19,3004.26,3006.02,2975.8601,2976.6101,3285890000
2019-07-22,2981.9299,2990.71,2976.6499,2985.03,3016200000
2019-07-23,2994.74,3005.8999,2988.5601,3005.47,3333810000
2019-07-24,2998.77,3019.5901,2996.8201,3019.5601,3433220000
2019-07-25,3016.26,3016.3101,2997.24,3003.6699,3657050000
2019-07-26,3013.25,3027.98,3012.5901,3025.8601,3260170000
2019-07-29,3024.47,3025.6101,3014.3,3020.97,3224490000
2019-07-30,3007.6599,3017.1899,3000.9399,3013.1799,3632770000
2019-07-31,3016.22,3017.3999,2958.0801,2980.3799,4626330000
2019-08-01,2980.3201,3013.5901,2945.23,2953.5601,4793810000
2019-08-02,2943.8999,2945.5,2914.1101,2932.05,3882810000
2019-08-05,2898.0701,2898.0701,2822.1201,2844.74,4542850000
2019-08-06,2861.1799,2884.3999,2847.4199,2881.77,4156640000
2019-08-07,2858.6499,2892.1699,2825.71,2883.98,4512720000
2019-08-08,2896.21,2938.72,2894.47,2938.0901,4118530000
2019-08-09,2930.51,2935.75,2900.1499,2918.6499,3356850000
2019-08-12,2907.0701,2907.5801,2873.1399,2882.7,3328570000
2019-08-13,2880.72,2943.3101,2877.05,2926.3201,3857190000
2019-08-14,2894.1499,2894.1499,2839.6399,2840.6001,4325150000
2019-08-15,2846.2,2856.6699,2825.51,2847.6001,4041720000
2019-08-16,2864.74,2893.6299,2864.74,2888.6799,3524080000
2019-08-19,2913.48,2931.0,2913.48,2923.6499,3221050000
2019-08-20,2919.01,2923.6299,2899.6001,2900.51,3067710000
2019-08-21,2922.04,2928.73,2917.9099,2924.4299,3016540000
2019-08-22,2930.9399,2939.0801,2904.51,2922.95,2893660000
2019-08-23,2911.0701,2927.01,2834.97,2847.1101,3942520000
2019-08-26,2866.7,2879.27,2856.0,2878.3799,2859790000
2019-08-27,2893.1399,2898.79,2860.5901,2869.1599,3537490000
2019-08-28,2861.28,2890.03,2853.05,2887.9399,3102480000
2019-08-29,2910.3701,2930.5,2905.6699,2924.5801,3177150000
2019-08-30,2937.0901,2940.4299,2913.3201,2926.46,3009910000
2019-09-03,2909.01,2914.3899,2891.8501,2906.27,3427830000
2019-09-04,2924.6699,2938.8401,2921.8601,2937.78,3167900000
2019-09-05,2960.6001,2985.8601,2960.6001,2976.0,3902600000
2019-09-06,2980.3301,2985.03,2972.51,2978.71,3209340000
2019-09-09,2988.4299,2989.4299,2969.3899,2978.4299,4031120000
2019-09-10,2971.01,2979.3899,2957.01,2979.3899,4393040000
2019-09-11,2981.4099,3000.9299,2975.3101,3000.9299,3934370000
2019-09-12,3009.0801,3020.74,3000.9199,3009.5701,3796990000
2019-09-13,3012.21,3017.3301,3002.8999,3007.3899,3557010000
2019-09-16,2996.4099,3002.1899,2990.6699,2997.96,4285860000
2019-09-17,2995.6699,3006.21,2993.73,3005.7,3673250000
2019-09-18,3001.5,3007.8301,2978.5701,3006.73,3458800000
2019-09-19,3010.3601,3021.99,3003.1599,3006.79,3265660000
2019-09-20,3008.4199,3016.3701,2984.6799,2992.0701,6103440000
2019-09-23,2983.5,2999.1499,2982.23,2991.78,3187250000
2019-09-24,3002.4299,3007.98,2957.73,2966.6001,3872800000
2019-09-25,2968.3501,2989.8201,2952.8601,2984.8701,3331200000
2019-09-26,2985.73,2987.28,2963.71,2977.6201,3084910000
2019-09-27,2985.47,2987.3101,2945.53,2961.79,3246480000
2019-09-30,2967.0701,2983.8501,2967.0701,2976.74,3249130000
2019-10-01,2983.6899,2992.53,2938.7,2940.25,3560750000
2019-10-02,2924.78,2924.78,2874.9299,2887.6101,3914180000
2019-10-03,2885.3799,2911.1299,2855.9399,2910.6299,3515130000
2019-10-04,2918.5601,2953.74,2918.5601,2952.01,3005600000
2019-10-07,2944.23,2959.75,2935.6799,2938.79,2959050000
2019-10-08,2920.3999,2925.47,2892.6599,2893.0601,3370700000
2019-10-09,2911.1001,2929.3201,2907.4099,2919.3999,2735350000
2019-10-10,2918.55,2948.46,2917.1201,2938.1299,3234400000
2019-10-11,2963.0701,2993.28,2963.0701,2970.27,3581320000
2019-10-14,2965.8101,2972.8401,2962.9399,2966.1499,2559270000
2019-10-15,2973.6101,3003.28,2973.6101,2995.6799,3345090000
2019-10-16,2989.6799,2997.54,2985.2,2989.6899,3230320000
2019-10-17,3000.77,3008.29,2991.79,2997.95,3103470000
2019-10-18,2996.8401,3000.0,2976.3101,2986.2,3268970000
2019-10-21,2996.48,3007.3301,2995.3501,3006.72,3271960000
2019-10-22,3010.73,3014.5701,2995.04,2995.99,3527540000
2019-10-23,2994.01,3004.78,2991.21,3004.52,3413600000
2019-10-24,3014.78,3016.0701,3000.4199,3010.29,3696510000
2019-10-25,3003.3201,3027.3899,3001.9399,3022.55,3379060000
2019-10-28,3032.1201,3044.0801,3032.1201,3039.4199,3524970000
2019-10-29,3035.3899,3047.8701,3034.8101,3036.8899,3594430000
2019-10-30,3039.74,3050.1001,3025.96,3046.77,3779660000
2019-10-31,3046.8999,3046.8999,3023.1899,3037.5601,4149310000
2019-11-01,3050.72,3066.95,3050.72,3066.9099,3956290000
2019-11-04,3078.96,3085.2,3074.8701,3078.27,4178040000
2019-11-05,3080.8,3083.95,3072.1499,3074.6201,4490590000
2019-11-06,3075.1001,3078.3401,3065.8899,3076.78,4465510000
2019-11-07,3087.02,3097.77,3080.23,3085.1799,4151990000
2019-11-08,3081.25,3093.0901,3073.5801,3093.0801,3508160000
2019-11-11,3080.3301,3088.3301,3075.8201,3087.01,3041120000
2019-11-12,3089.28,3102.6101,3084.73,3091.8401,3495560000
2019-11-13,3084.1799,3098.0601,3078.8,3094.04,3513720000
2019-11-14,3090.75,3098.2,3083.26,3096.6299,3282090000
2019-11-15,3107.9199,3120.46,3104.6001,3120.46,3359800000
2019-11-18,3117.9099,3124.1699,3112.0601,3122.03,3440140000
2019-11-19,3127.45,3127.6399,3113.47,3120.1799,3613670000
2019-11-20,3114.6599,3118.97,3091.4099,3108.46,4041010000
2019-11-21,3108.49,3110.1101,3094.55,3103.54,3744010000
2019-11-22,3111.4099,3112.8701,3099.26,3110.29,3235270000
2019-11-25,3117.4399,3133.8301,3117.4399,3133.6399,3514310000
2019-11-26,3134.8501,3142.6899,3131.0,3140.52,4600450000
2019-11-27,3145.49,3154.26,3143.4099,3153.6299,3035470000
2019-11-29,3147.1799,3150.3,3139.3401,3140.98,1743420000
2019-12-02,3143.8501,3144.3101,3110.78,3113.8701,3285750000
2019-12-03,3087.4099,3094.97,3070.3301,3093.2,3671580000
2019-12-04,3103.5,3119.3799,3102.53,3112.76,3702980000
2019-12-05,3119.21,3119.45,3103.76,3117.4299,3360480000
2019-12-06,3134.6201,3150.6001,3134.6201,3145.9099,3483310000
2019-12-09,3141.8601,3148.8701,3135.46,3135.96,3400470000
2019-12-10,3135.3601,3142.1201,3126.0901,3132.52,3346310000
2019-12-11,3135.75,3143.98,3133.21,3141.6299,3257650000
2019-12-12,3141.23,3176.28,3138.47,3168.5701,4003200000
2019-12-13,3166.6499,3182.6799,3156.51,3168.8,3757650000
2019-12-16,3183.6299,3197.71,3183.6299,3191.45,4070200000
2019-12-17,3195.3999,3198.22,3191.03,3192.52,3842940000
2019-12-18,3195.21,3198.48,3191.1399,3191.1399,4029950000
2019-12-19,3192.3201,3205.48,3192.3201,3205.3701,3784360000
2019-12-20,3223.3301,3225.6499,3216.03,3221.22,6457480000
2019-12-23,3226.05,3227.78,3222.3,3224.01,3064530000
2019-12-24,3225.45,3226.4299,3220.51,3223.3799,1296530000
2019-12-26,3227.2,3240.0801,3227.2,3239.9099,2164540000
2019-12-27,3247.23,3247.9299,3234.3701,3240.02,2429150000
2019-12-30,3240.0901,3240.9199,3216.5701,3221.29,3021720000
2019-12-31,3215.1799,3231.72,3212.03,3230.78,2894760000
2020-01-02,3244.6699,3258.1399,3235.53,3257.8501,3459930000
2020-01-03,3226.3601,3246.1499,3222.3401,3234.8501,3484700000
2020-01-06,3217.55,3246.8401,3214.6399,3246.28,3702460000
2020-01-07,3241.8601,3244.9099,3232.4299,3237.1799,3435910000
2020-01-08,3238.5901,3267.0701,3236.6699,3253.05,3726840000
2020-01-09,3266.03,3275.5801,3263.6699,3274.7,3641230000
2020-01-10,3281.8101,3282.99,3260.8601,3265.3501,3214580000
2020-01-13,3271.1299,3288.1299,3268.4299,3288.1299,3459390000
2020-01-14,3285.3501,3294.25,3277.1899,3283.1499,3687620000
2020-01-15,3282.27,3298.6599,3280.6899,3289.29,3721490000
2020-01-16,3302.97,3317.1101,3302.8201,3316.8101,3540580000
2020-01-17,3323.6599,3329.8799,3318.8601,3329.6201,3726220000
2020-01-21,3321.03,3329.79,3316.6101,3320.79,4104840000
2020-01-22,3330.02,3337.77,3320.04,3321.75,3623780000
2020-01-23,3315.77,3326.8799,3301.8701,3325.54,3766710000
2020-01-24,3333.1001,3333.1799,3281.53,3295.47,3708780000
2020-01-27,3247.1599,3258.8501,3234.5,3243.6299,3831050000
2020-01-28,3255.3501,3285.78,3253.22,3276.24,3531570000
2020-01-29,3289.46,3293.47,3271.8899,3273.3999,3600250000
2020-01-30,3256.45,3285.9099,3242.8,3283.6599,3790350000
2020-01-31,3282.3301,3282.3301,3214.6799,3225.52,4529700000
2020-02-03,3235.6599,3268.4399,3235.6599,3248.9199,3760460000
2020-02-04,3280.6101,3306.9199,3280.6101,3297.5901,3996900000
2020-02-05,3324.9099,3337.5801,3313.75,3334.6899,4121480000
2020-02-06,3344.9199,3347.96,3334.3899,3345.78,3887250000
2020-02-07,3335.54,3341.4199,3322.1201,3327.71,3733920000
2020-02-10,3318.28,3352.26,3317.77,3352.0901,3462730000
2020-02-11,3365.8701,3375.6299,3352.72,3357.75,3762940000
2020-02-12,3370.5,3381.47,3369.72,3379.45,3930910000
2020-02-13,3365.8999,3385.0901,3360.52,3373.9399,3500890000
2020-02-14,3378.0801,3380.6899,3366.1499,3380.1599,3419700000
2020-02-18,3369.04,3375.01,3355.6101,3370.29,3750400000
2020-02-19,3380.3899,3393.52,3378.8301,3386.1499,3614200000
2020-02-20,3380.45,3389.1499,3341.02,3373.23,4019180000
2020-02-21,3360.5,3360.76,3328.45,3337.75,3908780000
2020-02-24,3257.6101,3259.8101,3214.6499,3225.8899,4851160000
2020-02-25,3238.9399,3246.99,3118.77,3128.21,5596760000
2020-02-26,3139.8999,3182.51,3108.99,3116.3899,5484650000
2020-02-27,3062.54,3097.0701,2977.3899,2978.76,7064710000
2020-02-28,2916.8999,2959.72,2855.8401,2954.22,8569570000
2020-03-02,2974.28,3090.96,2945.1899,3090.23,6381330000
2020-03-03,3096.46,3136.72,2976.6299,3003.3701,6376510000
2020-03-04,3045.75,3130.97,3034.3799,3130.1201,5073020000
2020-03-05,3075.7,3083.04,2999.8301,3023.9399,5579290000
2020-03-06,2954.2,2985.9299,2901.54,2972.3701,6555240000
2020-03-09,2863.8899,2863.8899,2734.4299,2746.5601,8441290000
2020-03-10,2813.48,2882.5901,2734.0,2882.23,7642040000
2020-03-11,2825.6001,2825.6001,2707.22,2741.3799,7431200000
2020-03-12,2630.8601,2660.95,2478.8601,2480.6399,8850810000
2020-03-13,2569.99,2711.3301,2492.3701,2711.02,8299070000
2020-03-16,2508.5901,2562.98,2380.9399,2386.1299,7805450000
2020-03-17,2425.6599,2553.9299,2367.04,2529.1899,8370250000
2020-03-18,2436.5,2453.5701,2280.52,2398.1001,8799300000
2020-03-19,2393.48,2466.97,2319.78,2409.3899,7956100000
2020-03-20,2431.9399,2453.01,2295.5601,2304.9199,9053950000
2020-03-23,2290.71,2300.73,2191.8601,2237.3999,7411380000
2020-03-24,2344.4399,2449.71,2344.4399,2447.3301,7563150000
2020-03-25,2457.77,2571.4199,2407.53,2475.5601,8300010000
2020-03-26,2501.29,2637.01,2500.72,2630.0701,7766990000
2020-03-27,2555.8701,2615.9099,2520.02,2541.47,6201670000
2020-03-30,2558.98,2631.8,2545.28,2626.6499,5751120000
2020-03-31,2614.6899,2641.3899,2571.1499,2584.5901,6576210000
2020-04-01,2498.0801,2522.75,2447.49,2470.5,5964000000
2020-04-02,2458.54,2533.22,2455.79,2526.8999,6464190000
2020-04-03,2514.9199,2538.1799,2459.96,2488.6499,6096970000
2020-04-06,2578.28,2676.8501,2574.5701,2663.6799,6403840000
2020-04-07,2738.6499,2756.8899,2657.6699,2659.4099,7050410000
2020-04-08,2685.0,2760.75,2663.3,2749.98,5875710000
2020-04-09,2776.99,2818.5701,2762.3601,2789.8201,7899550000
2020-04-13,2782.46,2782.46,2721.1699,2761.6299,5319530000
2020-04-14,2805.1001,2851.8501,2805.1001,2846.0601,5615730000
2020-04-15,2795.6399,2801.8799,2761.54,2783.3601,5208000000
2020-04-16,2799.3401,2806.51,2764.3201,2799.55,5228810000
2020-04-17,2842.4299,2879.22,2830.8799,2874.5601,5804810000
2020-04-20,2845.6201,2868.98,2820.4299,2823.1599,5228630000
2020-04-21,2784.8101,2785.54,2727.1001,2736.5601,5121010000
2020-04-22,2787.8899,2815.1001,2775.95,2799.3101,5084920000
2020-04-23,2810.4199,2844.8999,2794.26,2797.8,5773530000
2020-04-24,2812.6399,2842.71,2791.76,2836.74,5382810000
2020-04-27,2854.6499,2887.72,2852.8899,2878.48,5203930000
2020-04-28,2909.96,2921.1499,2860.71,2863.3899,5691160000
2020-04-29,2918.46,2954.8601,2912.1599,2939.51,6645640000
2020-04-30,2930.9099,2930.9099,2892.47,2912.4299,6544980000
2020-05-01,2869.0901,2869.0901,2821.6101,2830.71,4759810000
2020-05-04,2815.01,2844.24,2797.8501,2842.74,4735930000
2020-05-05,2868.8799,2898.23,2863.55,2868.4399,5140290000
2020-05-06,2883.1399,2891.1101,2847.6499,2848.4199,4892570000
2020-05-07,2878.26,2901.9199,2876.48,2881.1899,5178790000
2020-05-08,2908.8301,2932.1599,2902.8799,2929.8,4876030000
2020-05-11,2915.46,2944.25,2903.4399,2930.1899,4819730000
2020-05-12,2939.5,2945.8201,2869.5901,2870.1201,5119630000
2020-05-13,2865.8601,2874.1399,2793.1499,2820.0,6151650000
2020-05-14,2794.54,2852.8,2766.6399,2852.5,5651130000
2020-05-15,2829.95,2865.01,2816.78,2863.7,5507700000
2020-05-18,2913.8601,2968.0901,2913.8601,2953.9099,6373670000
2020-05-19,2948.5901,2964.21,2922.3501,2922.9399,4984330000
2020-05-20,2953.6299,2980.29,2953.6299,2971.6101,5005380000
2020-05-21,2969.95,2978.5,2938.5701,2948.51,4976620000
2020-05-22,2948.05,2956.76,2933.5901,2955.45,3970860000
2020-05-26,3004.0801,3021.72,2988.1699,2991.77,5848500000
2020-05-27,3015.6499,3036.25,2969.75,3036.1299,6398000000
2020-05-28,3046.6101,3068.6699,3023.3999,3029.73,5447020000
2020-05-29,3025.1699,3049.1699,2998.6101,3044.3101,7297550000
2020-06-01,3038.78,3062.1799,3031.54,3055.73,4684170000
2020-06-02,3064.78,3081.0701,3051.6399,3080.8201,5197150000
2020-06-03,3098.8999,3130.9399,3098.8999,3122.8701,6005560000
2020-06-04,3111.5601,3128.9099,3090.4099,3112.3501,6451290000
2020-06-05,3163.8401,3211.72,3163.8401,3193.9299,8639300000
2020-06-08,3199.9199,3233.1299,3196.0,3232.3899,8498300000
2020-06-09,3213.3201,3222.71,3193.1101,3207.1799,6410930000
2020-06-10,3213.4199,3223.27,3181.49,3190.1399,6598870000
2020-06-11,3123.53,3123.53,2999.49,3002.1001,7037320000
2020-06-12,3071.04,3088.4199,2984.47,3041.3101,5845330000
2020-06-15,2993.76,3079.76,2965.6599,3066.5901,5757480000
2020-06-16,3131.0,3153.45,3076.0601,3124.74,5845810000
2020-06-17,3136.1299,3141.1599,3108.03,3113.49,4560450000
2020-06-18,3101.6399,3120.0,3093.51,3115.3401,4448690000
2020-06-19,3140.29,3155.53,3083.1101,3097.74,8346650000
2020-06-22,3094.4199,3120.9199,3079.3899,3117.8601,4686690000
2020-06-23,3138.7,3154.8999,3127.1201,3131.29,4711850000
2020-06-24,3114.3999,3115.01,3032.1299,3050.3301,5597680000
2020-06-25,3046.6001,3086.25,3024.01,3083.76,4847690000
2020-06-26,3073.2,3073.73,3004.6299,3009.05,8107850000
2020-06-29,3018.5901,3053.8899,2999.74,3053.24,4473970000
2020-06-30,3050.2,3111.51,3047.8301,3100.29,4705850000
2020-07-01,3105.9199,3128.4399,3101.1699,3115.8601,4449230000
2020-07-02,3143.6399,3165.8101,3124.52,3130.01,4197720000
2020-07-06,3155.29,3182.5901,3155.29,3179.72,4759160000
2020-07-07,3166.4399,3184.1499,3142.9299,3145.3201,4571330000
2020-07-08,3153.0701,3171.8,3136.53,3169.9399,4937310000
2020-07-09,3176.1699,3179.78,3115.7,3152.05,4843650000
2020-07-10,3152.47,3186.8201,3136.22,3185.04,4524190000
2020-07-13,3205.0801,3235.3201,3149.4299,3155.22,4902440000
2020-07-14,3141.1101,3200.95,3127.6599,3197.52,4507140000
2020-07-15,3225.98,3238.28,3200.76,3226.5601,4686830000
2020-07-16,3208.3601,3220.3899,3198.5901,3215.5701,3972860000
2020-07-17,3224.21,3233.52,3205.6499,3224.73,4012850000
2020-07-20,3224.29,3258.6101,3215.1599,3251.8401,3979340000
2020-07-21,3268.52,3277.29,3247.77,3257.3,4556610000
2020-07-22,3254.8601,3279.3201,3253.1001,3276.02,4267160000
2020-07-23,3271.6399,3279.99,3222.6599,3235.6599,4296760000
2020-07-24,3218.5801,3227.26,3200.05,3215.6299,3689410000
2020-07-27,3219.8401,3241.4299,3214.25,3239.4099,3970310000
2020-07-28,3234.27,3243.72,3216.1699,3218.4399,4053180000
2020-07-29,3227.22,3264.74,3227.22,3258.4399,4478200000
2020-07-30,3231.76,3250.9199,3204.1299,3246.22,4264920000
2020-07-31,3270.45,3272.1699,3220.26,3271.1201,5007530000
2020-08-03,3288.26,3302.73,3284.53,3294.6101,4438940000
2020-08-04,3289.9199,3306.8401,3286.3701,3306.51,4414380000
2020-08-05,3317.3701,3330.77,3317.3701,3327.77,4535060000
2020-08-06,3323.1699,3351.03,3318.1399,3349.1599,4278930000
2020-08-07,3340.05,3352.54,3328.72,3351.28,4110030000
2020-08-10,3356.04,3363.29,3335.4399,3360.47,4327920000
2020-08-11,3370.3401,3381.01,3326.4399,3333.6899,4880540000
2020-08-12,3355.46,3387.8899,3355.46,3380.3501,3772250000
2020-08-13,3372.95,3387.24,3363.3501,3373.4299,3438730000
2020-08-14,3368.6599,3378.51,3361.6399,3372.8501,3200060000
2020-08-17,3380.8601,3387.5901,3379.22,3381.99,3460330000
2020-08-18,3387.04,3395.0601,3370.1499,3389.78,3669550000
2020-08-19,3392.51,3399.54,3369.6599,3374.8501,3679480000
2020-08-20,3360.48,3390.8,3354.6899,3385.51,3431040000
2020-08-21,3386.01,3399.96,3379.3101,3397.1599,3505010000
2020-08-24,3418.0901,3432.0901,3413.1299,3431.28,3743410000
2020-08-25,3435.95,3444.21,3425.8401,3443.6201,3627650000
2020-08-26,3449.97,3481.0701,3444.1499,3478.73,3780530000
2020-08-27,3485.1399,3501.3799,3468.3501,3484.55,3955890000
2020-08-28,3494.6899,3509.23,3484.3201,3508.01,3868510000
2020-08-31,3509.73,3514.77,3493.25,3500.3101,4348280000
2020-09-01,3507.4399,3528.03,3494.6001,3526.6499,4101490000
2020-09-02,3543.76,3588.1101,3535.23,3580.8401,4295640000
2020-09-03,3564.74,3564.8501,3427.4099,3455.0601,4911830000
2020-09-04,3453.6001,3479.1499,3349.6299,3426.96,4438720000
2020-09-08,3371.8799,3379.97,3329.27,3331.8401,4694330000
2020-09-09,3369.8201,3424.77,3366.8401,3398.96,3932520000
2020-09-10,3412.5601,3425.55,3329.25,3339.1899,4208630000
2020-09-11,3352.7,3368.95,3310.47,3340.97,3710090000
2020-09-14,3363.5601,3402.9299,3363.5601,3383.54,3839580000
2020-09-15,3407.73,3419.48,3389.25,3401.2,4057190000
2020-09-16,3411.23,3428.9199,3384.45,3385.49,4718900000
2020-09-17,3346.8601,3375.1699,3328.8201,3357.01,4379840000
2020-09-18,3357.3799,3362.27,3292.3999,3319.47,7076400000
2020-09-21,3285.5701,3285.5701,3229.1001,3281.0601,4836070000
2020-09-22,3295.75,3320.3101,3270.95,3315.5701,3974510000
2020-09-23,3320.1101,3323.3501,3232.5701,3236.9199,4378650000
2020-09-24,3226.1399,3278.7,3209.45,3246.5901,4601920000
2020-09-25,3236.6599,3306.8799,3228.4399,3298.46,3803330000
2020-09-28,3333.8999,3360.74,3332.9099,3351.6001,3950910000
2020-09-29,3350.9199,3357.9199,3327.54,3335.47,3661590000
2020-09-30,3341.21,3393.5601,3340.47,3363.0,4738640000
2020-10-01,3385.8701,3397.1799,3361.3899,3380.8,4076340000
2020-10-02,3338.9399,3369.1001,3323.6899,3348.4199,3975180000
2020-10-05,3367.27,3409.5701,3367.27,3408.6001,3692720000
2020-10-06,3408.74,3431.5601,3354.54,3360.97,4453390000
2020-10-07,3384.5601,3426.26,3384.5601,3419.4399,3814750000
2020-10-08,3434.28,3447.28,3428.1499,3446.8301,3867640000
2020-10-09,3459.6699,3482.3401,3458.0701,3477.1399,3944090000
2020-10-12,3500.02,3549.8501,3499.6101,3534.22,3435760000
2020-10-13,3534.01,3534.01,3500.8601,3511.9299,3611100000
2020-10-14,3515.47,3527.9399,3480.55,3488.6699,3858510000
2020-10-15,3453.72,3489.0801,3440.8899,3483.3401,3724550000
2020-10-16,3493.5,3515.76,3480.45,3483.8101,4688030000
2020-10-19,3493.6599,3502.4199,3419.9299,3426.9199,4091080000
2020-10-20,3439.3799,3476.9299,3435.6499,3443.1201,3917850000
2020-10-21,3439.9099,3464.8601,3433.0601,3435.5601,4103960000
2020-10-22,3438.5,3460.53,3415.3401,3453.49,4172060000
2020-10-23,3464.8999,3466.46,3440.45,3465.3899,3651600000
2020-10-26,3441.4199,3441.4199,3364.8601,3400.97,4002210000
2020-10-27,3403.1499,3409.51,3388.71,3390.6799,3962400000
2020-10-28,3342.48,3342.48,3268.8899,3271.03,5139970000
2020-10-29,3277.1699,3341.05,3259.8201,3310.1101,4911860000
2020-10-30,3293.5901,3304.9299,3233.9399,3269.96,4843930000
2020-11-02,3296.2,3330.1399,3279.74,3310.24,4314690000
2020-11-03,3336.25,3389.49,3336.25,3369.1599,4241380000
2020-11-04,3406.46,3486.25,3405.1699,3443.4399,4790400000
2020-11-05,3485.74,3529.05,3485.74,3510.45,4858150000
2020-11-06,3508.3401,3521.5801,3484.3401,3509.4399,4842460000
2020-11-09,3583.04,3645.99,3547.48,3550.5,8570510000
2020-11-10,3543.26,3557.22,3511.9099,3545.53,6037470000
2020-11-11,3563.22,3581.1599,3557.0,3572.6599,4635560000
2020-11-12,3562.6699,3569.02,3518.5801,3537.01,4909660000
2020-11-13,3552.5701,3593.6599,3552.5701,3585.1499,4719580000
2020-11-16,3600.1599,3628.51,3600.1599,3626.9099,5295510000
2020-11-17,3610.3101,3623.1101,3588.6799,3609.53,4812180000
2020-11-18,3612.0901,3619.0901,3567.3301,3567.79,5284810000
2020-11-19,3559.4099,3585.22,3543.8401,3581.8701,4363370000
2020-11-20,3579.3101,3581.23,3556.8501,3557.54,4236370000
2020-11-23,3566.8201,3589.8101,3552.77,3577.5901,5057550000
2020-11-24,3594.52,3642.3101,3594.52,3635.4099,6280290000
2020-11-25,3635.5,3635.5,3617.76,3629.6499,4910440000
2020-11-27,3638.55,3644.3101,3629.3301,3638.3501,2778390000
2020-11-30,3634.1799,3634.1799,3594.3899,3621.6299,6308410000
2020-12-01,3645.8701,3678.45,3645.8701,3662.45,5418480000
2020-12-02,3653.78,3670.96,3644.8401,3669.01,5041250000
2020-12-03,3668.28,3682.73,3657.1699,3666.72,5065340000
2020-12-04,3670.9399,3699.2,3670.9399,3699.1201,5099620000
2020-12-07,3694.73,3697.4099,3678.8799,3691.96,4804500000
2020-12-08,3683.05,3708.45,3678.8301,3702.25,4584390000
2020-12-09,3705.98,3712.3899,3660.54,3672.8201,5232800000
2020-12-10,3659.1299,3678.49,3645.1799,3668.1001,4658480000
2020-12-11,3656.0801,3665.9099,3633.3999,3663.46,4375470000
2020-12-14,3675.27,3697.6101,3645.8401,3647.49,4623850000
2020-12-15,3666.4099,3695.29,3659.6201,3694.6201,4387080000
2020-12-16,3696.25,3711.27,3688.5701,3701.1699,4067040000
2020-12-17,3713.6499,3725.1201,3710.8701,3722.48,4192810000
2020-12-18,3722.3899,3726.7,3685.8401,3709.4099,7097100000
2020-12-21,3684.28,3702.8999,3636.48,3694.9199,4748580000
2020-12-22,3698.0801,3698.26,3676.1599,3687.26,4053310000
2020-12-23,3693.4199,3711.24,3689.28,3690.01,3779160000
2020-12-24,3694.03,3703.8201,3689.3201,3703.0601,1883780000
2020-12-28,3723.03,3740.51,3723.03,3735.3601,3535460000
2020-12-29,3750.01,3756.1201,3723.3101,3727.04,3393290000
2020-12-30,3736.1899,3744.6299,3730.21,3732.04,3154850000
2020-12-31,3733.27,3760.2,3726.8799,3756.0701,3179040000
2021-01-04,3764.6101,3769.99,3662.71,3700.6499,5015000000
2021-01-05,3698.02,3737.8301,3695.0701,3726.8601,4591020000
2021-01-06,3712.2,3783.04,3705.3401,3748.1399,6064110000
2021-01-07,3764.71,3811.55,3764.71,3803.79,5099160000
2021-01-08,3815.05,3826.6899,3783.6001,3824.6799,4773040000
2021-01-11,3803.1399,3817.8601,3789.02,3799.6101,4465430000
2021-01-12,3801.6201,3810.78,3776.51,3801.1899,4994950000
2021-01-13,3802.23,3820.96,3791.5,3809.8401,4602510000
2021-01-14,3814.98,3823.6001,3792.8601,3795.54,5198480000
2021-01-15,3788.73,3788.73,3749.6201,3768.25,5369820000
2021-01-19,3781.8799,3804.53,3780.3701,3798.9099,5014440000
2021-01-20,3816.22,3859.75,3816.22,3851.8501,4566190000
2021-01-21,3857.46,3861.45,3845.05,3853.0701,4501760000
2021-01-22,3844.24,3852.3101,3830.4099,3841.47,5110890000
2021-01-25,3851.6799,3859.23,3797.1599,3855.3601,7000840000
2021-01-26,3862.96,3870.8999,3847.78,3849.6201,6137500000
2021-01-27,3836.8301,3836.8301,3732.48,3750.77,9976520000
2021-01-28,3755.75,3830.5,3755.75,3787.3799,6992770000
2021-01-29,3778.05,3778.05,3694.1201,3714.24,6643370000
2021-02-01,3731.1699,3784.3201,3725.6201,3773.8601,5436230000
2021-02-02,3791.8401,3843.0901,3791.8401,3826.3101,5514090000
2021-02-03,3840.27,3847.51,3816.6799,3830.1699,4864870000
2021-02-04,3836.6599,3872.4199,3836.6599,3871.74,4879240000
2021-02-05,3878.3,3894.5601,3874.9299,3886.8301,4879470000
2021-02-08,3892.5901,3915.77,3892.5901,3915.5901,4648360000
2021-02-09,3910.49,3918.3501,3902.6399,3911.23,4568320000
2021-02-10,3920.78,3931.5,3884.9399,3909.8799,4837070000
2021-02-11,3916.3999,3925.99,3890.3899,3916.3799,4590960000
2021-02-12,3911.6499,3937.23,3905.78,3934.8301,4135060000
2021-02-16,3939.6101,3950.4299,3923.8501,3932.5901,5058990000
2021-02-17,3918.5,3933.6101,3900.4299,3931.3301,4730650000
2021-02-18,3915.8601,3921.98,3885.03,3913.97,4793650000
2021-02-19,3921.1599,3930.4099,3903.0701,3906.71,4845320000
2021-02-22,3885.55,3902.9199,3874.71,3876.5,5917100000
2021-02-23,3857.0701,3895.98,3805.5901,3881.3701,6296610000
2021-02-24,3873.71,3928.6499,3859.6001,3925.4299,6012790000
2021-02-25,3915.8,3925.02,3814.04,3829.3401,6547470000
2021-02-26,3839.6599,3861.0801,3789.54,3811.1499,6526070000
2021-03-01,3842.51,3914.5,3842.51,3901.8201,5114820000
2021-03-02,3903.6399,3906.4099,3868.5701,3870.29,5536010000
2021-03-03,3863.99,3874.47,3818.8601,3819.72,6173660000
2021-03-04,3818.53,3843.6699,3723.3401,3768.47,7195400000
2021-03-05,3793.5801,3851.6899,3730.1899,3841.9399,6851070000
2021-03-08,3844.3899,3881.0601,3819.25,3821.3501,5871710000
2021-03-09,3851.9299,3903.76,3851.9299,3875.4399,5513560000
2021-03-10,3891.99,3917.3501,3885.73,3898.8101,5847380000
2021-03-11,3915.54,3960.27,3915.54,3939.3401,5312880000
2021-03-12,3924.52,3944.99,3915.21,3943.3401,4476280000
2021-03-15,3942.96,3970.0801,3923.54,3968.9399,4900100000
2021-03-16,3973.5901,3981.04,3953.4399,3962.71,4613080000
2021-03-17,3949.5701,3983.8701,3935.74,3974.1201,4561660000
2021-03-18,3953.5,3969.6201,3910.8601,3915.46,5118590000
2021-03-19,3913.1399,3930.1201,3886.75,3913.1001,7757420000
2021-03-22,3916.48,3955.3101,3914.1599,3940.5901,4316260000
2021-03-23,3937.6001,3949.1299,3901.5701,3910.52,4669010000
2021-03-24,3919.9299,3942.0801,3889.0701,3889.1399,4783020000
2021-03-25,3879.3401,3919.54,3853.5,3909.52,4948340000
2021-03-26,3917.1201,3978.1899,3917.1201,3974.54,5483160000
2021-03-29,3969.3101,3981.8301,3943.25,3971.0901,4628180000
2021-03-30,3963.3401,3968.01,3944.3501,3958.55,4121510000
2021-03-31,3967.25,3994.4099,3966.98,3972.8899,4578050000
2021-04-01,3992.78,4020.6299,3992.78,4019.8701,4162130000
2021-04-05,4034.4399,4083.4199,4034.4399,4077.9099,4005030000
2021-04-06,4075.5701,4086.23,4068.1399,4073.9399,4081270000
2021-04-07,4074.29,4083.1299,4068.3101,4079.95,4120810000
2021-04-08,4089.95,4098.1899,4082.54,4097.1699,3907100000
2021-04-09,4096.1099,4129.48,4095.51,4128.7998,3640390000
2021-04-12,4124.71,4131.7598,4114.8198,4127.9902,3588900000
2021-04-13,4130.1001,4148.0,4124.4302,4141.5898,3734720000
2021-04-14,4141.5801,4151.6899,4120.8701,4124.6602,3985350000
2021-04-15,4139.7598,4173.4902,4139.7598,4170.4199,4033420000
2021-04-16,4174.1401,4191.3101,4170.75,4185.4702,4163820000
2021-04-19,4179.7998,4180.8101,4150.4702,4163.2598,3810290000
2021-04-20,4159.1802,4159.1802,4118.3799,4134.9399,4342650000
2021-04-21,4128.4199,4175.02,4126.3501,4173.4199,3887250000
2021-04-22,4170.46,4179.5698,4123.6899,4134.98,4245140000
2021-04-23,4138.7798,4194.1699,4138.7798,4180.1699,3569880000
2021-04-26,4185.0298,4194.1899,4182.3599,4187.6201,3748320000
2021-04-27,4188.25,4193.3501,4176.2202,4186.7202,3710700000
2021-04-28,4185.1401,4201.5298,4181.7798,4183.1802,3787360000
2021-04-29,4206.1401,4218.7798,4176.8101,4211.4702,4298680000
2021-04-30,4198.1001,4198.1001,4174.8501,4181.1699,4300880000
2021-05-03,4191.98,4209.3901,4188.0298,4192.6602,4070220000
2021-05-04,4179.04,4179.04,4128.5898,4164.6602,4452460000
2021-05-05,4177.0601,4187.7202,4160.9399,4167.5898,4230920000
2021-05-06,4169.1401,4202.7002,4147.3301,4201.6201,4511000000
2021-05-07,4210.3398,4238.04,4201.6401,4232.6001,4016080000
2021-05-10,4228.29,4236.3901,4188.1299,4188.4302,4560700000
2021-05-11,4150.3398,4162.04,4111.5298,4152.1001,4870710000
2021-05-12,4130.5498,4134.73,4056.8799,4063.04,4733070000
2021-05-13,4074.99,4131.5801,4074.99,4112.5,4779540000
2021-05-14,4129.5801,4183.1299,4129.5801,4173.8501,4008880000
2021-05-17,4169.9199,4171.9199,4142.6899,4163.29,4125050000
2021-05-18,4165.9399,4169.1499,4125.9902,4127.8301,4398150000
2021-05-19,4098.4502,4116.9302,4061.4099,4115.6802,4247450000
2021-05-20,4121.9702,4172.7998,4121.9702,4159.1201,3978880000
2021-05-21,4168.6099,4188.7202,4151.7202,4155.8599,3995250000
2021-05-24,4170.1602,4209.52,4170.1602,4197.0498,3684800000
2021-05-25,4205.9399,4213.4199,4182.52,4188.1299,4182250000
2021-05-26,4191.5898,4202.6099,4184.1099,4195.9902,4420890000
2021-05-27,4201.9399,4213.3799,4197.7798,4200.8799,6406310000
2021-05-28,4210.77,4218.3599,4203.5698,4204.1099,4649250000
2021-06-01,4216.52,4234.1201,4197.5898,4202.04,5074670000
2021-06-02,4206.8198,4217.3701,4198.27,4208.1201,5833670000
2021-06-03,4191.4302,4204.3901,4167.9302,4192.8501,5587970000
2021-06-04,4206.0498,4233.4502,4206.0498,4229.8901,4139790000
2021-06-07,4229.3398,4232.3398,4215.6602,4226.52,4476920000
2021-06-08,4233.8101,4236.7402,4208.4102,4227.2598,4659620000
2021-06-09,4232.9902,4237.0898,4218.7402,4219.5498,4713260000
2021-06-10,4228.5601,4249.7402,4220.3398,4239.1802,4408210000
2021-06-11,4242.8999,4248.3799,4232.25,4247.4399,3815010000
2021-06-14,4248.3101,4255.5898,4234.0698,4255.1499,4151200000
2021-06-15,4255.2798,4257.1602,4238.3501,4246.5898,4048940000
2021-06-16,4248.8701,4251.8901,4202.4502,4223.7002,4538350000
2021-06-17,4220.3701,4232.29,4196.0498,4221.8599,5312680000
2021-06-18,4204.7798,4204.7798,4164.3999,4166.4502,6817010000
2021-06-21,4173.3999,4226.2402,4173.3999,4224.79,4128950000
2021-06-22,4224.6099,4255.8398,4217.27,4246.4399,3828390000
2021-06-23,4249.27,4256.6001,4241.4302,4241.8398,3730350000
2021-06-24,4256.9702,4271.2798,4256.9702,4266.4902,3816660000
2021-06-25,4274.4502,4286.1201,4271.1602,4280.7002,7341450000
2021-06-28,4284.8999,4292.1401,4274.6699,4290.6099,4147890000
2021-06-29,4293.21,4300.52,4287.04,4291.7998,3707150000
2021-06-30,4290.6499,4302.4302,4287.96,4297.5,4266040000
2021-07-01,4300.73,4320.6602,4300.73,4319.9399,3788230000
2021-07-02,4326.6001,4355.4302,4326.6001,4352.3398,3225840000
2021-07-06,4356.46,4356.46,4314.3701,4343.54,4309570000
2021-07-07,4351.0098,4361.8799,4329.79,4358.1299,4037380000
2021-07-08,4321.0698,4330.8799,4289.3701,4320.8198,4347500000
2021-07-09,4329.3799,4371.6001,4329.3799,4369.5498,3531120000
2021-07-12,4372.4102,4386.6802,4364.0298,4384.6299,3384460000
2021-07-13,4381.0698,4392.3701,4366.9199,4369.21,3695430000
2021-07-14,4380.1099,4393.6802,4362.3599,4374.2998,4006370000
2021-07-15,4369.02,4369.02,4340.7002,4360.0298,3905230000
2021-07-16,4367.4302,4375.0898,4322.5298,4327.1602,3985700000
2021-07-19,4296.3999,4296.3999,4233.1299,4258.4902,5157660000
2021-07-20,4265.1099,4336.8398,4262.0498,4323.0601,4438270000
2021-07-21,4331.1299,4359.7002,4331.1299,4358.6899,3810280000
2021-07-22,4361.27,4369.8701,4350.0601,4367.48,3358300000
2021-07-23,4381.2002,4415.1802,4381.2002,4411.79,4540070000
2021-07-26,4409.5801,4422.73,4405.4502,4422.2998,4275630000
2021-07-27,4416.3799,4416.3799,4372.5098,4401.46,4241950000
2021-07-28,4402.9502,4415.4702,4387.0098,4400.6401,4215290000
2021-07-29,4403.5898,4429.9702,4403.5898,4419.1499,4044600000
2021-07-30,4395.1201,4412.25,4389.6499,4395.2598,3956740000
2021-08-02,4406.8599,4422.1802,4384.8101,4387.1602,3724090000
2021-08-03,4392.7402,4423.79,4373.0,4423.1499,3965190000
2021-08-04,4415.9502,4416.1699,4400.23,4402.6602,4260760000
2021-08-05,4408.8599,4429.7598,4408.8599,4429.1001,3769410000
2021-08-06,4429.0698,4440.8198,4429.0698,4436.52,3451870000
2021-08-09,4437.77,4439.3901,4424.7402,4432.3501,3449280000
2021-08-10,4435.79,4445.21,4430.0298,4436.75,3886610000
2021-08-11,4442.1802,4449.4399,4436.4199,4442.4102,3532560000
2021-08-12,4446.0801,4461.77,4435.96,4460.8301,3375310000
2021-08-13,4464.8398,4468.3701,4460.8198,4468.0,3016470000
2021-08-16,4461.6499,4480.2598,4437.6602,4479.71,3370640000
2021-08-17,4462.1201,4462.1201,4417.8301,4448.0801,3836960000
2021-08-18,4440.9399,4454.3198,4397.5898,4400.27,3755590000
2021-08-19,4382.4399,4418.6099,4367.73,4405.7998,4398410000
2021-08-20,4410.5601,4444.3501,4406.7998,4441.6699,3652610000
2021-08-23,4450.29,4489.8799,4450.29,4479.5298,3576530000
2021-08-24,4484.3999,4492.8101,4482.2798,4486.23,3979220000
2021-08-25,4490.4502,4501.71,4485.6602,4496.1899,3444700000
2021-08-26,4493.75,4495.8999,4468.9902,4470.0,3263980000
2021-08-27,4474.1001,4513.3301,4474.1001,4509.3701,3331200000
2021-08-30,4513.7598,4537.3599,4513.7598,4528.79,3168660000
2021-08-31,4529.75,4531.3901,4515.7998,4522.6802,4290710000
2021-09-01,4528.7998,4537.1099,4522.02,4524.0898,4057340000
2021-09-02,4534.48,4545.8501,4524.6602,4536.9502,3735990000
2021-09-03,4532.4199,4541.4502,4521.2998,4535.4302,3217530000
2021-09-07,4535.3799,4535.3799,4513.0,4520.0298,3822960000
2021-09-08,4518.0898,4521.79,4493.9502,4514.0698,3750880000
2021-09-09,4513.02,4529.8999,4492.0698,4493.2798,3735390000
2021-09-10,4506.9199,4520.4702,4457.6602,4458.5801,3623180000
2021-09-13,4474.8101,4492.9902,4445.7002,4468.73,3914220000
2021-09-14,4479.3301,4485.6802,4435.46,4443.0498,3670460000
2021-09-15,4447.4902,4486.8701,4438.3701,4480.7002,4032020000
2021-09-16,4477.0898,4485.8701,4443.7998,4473.75,3984560000
2021-09-17,4469.7402,4471.52,4427.7598,4432.9902,7289530000
2021-09-20,4402.9502,4402.9502,4305.9102,4357.73,4898070000
2021-09-21,4374.4502,4394.8701,4347.96,4354.1899,3920920000
2021-09-22,4367.4302,4416.75,4367.4302,4395.6401,3939170000
2021-09-23,4406.75,4465.3999,4406.75,4448.98,3916350000
2021-09-24,4438.04,4463.1201,4430.27,4455.48,3384290000
2021-09-27,4442.1201,4457.2998,4436.1899,4443.1099,4058650000
2021-09-28,4419.54,4419.54,4346.3301,4352.6299,4416550000
2021-09-29,4362.4102,4385.5698,4355.0801,4359.46,3712660000
2021-09-30,4370.6699,4382.5498,4306.2402,4307.54,4448140000
2021-10-01,4317.1602,4375.1899,4288.52,4357.04,4010370000
2021-10-04,4348.8398,4355.5098,4278.9399,4300.46,4307870000
2021-10-05,4309.8701,4369.23,4309.8701,4345.7202,3902890000
2021-10-06,4319.5698,4365.5698,4290.4902,4363.5498,4009630000
2021-10-07,4383.73,4429.9702,4383.73,4399.7598,3843740000
2021-10-08,4406.5098,4412.02,4386.2202,4391.3398,3280160000
2021-10-11,4385.4399,4415.8799,4360.5898,4361.1899,3281970000
2021-10-12,4368.3101,4374.8901,4342.0898,4350.6499,3558450000
2021-10-13,4358.0098,4372.8701,4329.9199,4363.7998,3620070000
2021-10-14,4386.75,4439.73,4386.75,4438.2598,3598280000
2021-10-15,4447.6899,4475.8198,4447.6899,4471.3701,3819380000
2021-10-18,4463.7202,4488.75,4447.4702,4486.46,3662010000
2021-10-19,4497.3398,4520.3999,4496.4102,4519.6299,3459130000
2021-10-20,4524.4199,4540.8701,4524.3999,4536.1899,3670760000
2021-10-21,4532.2402,4551.4399,4526.8901,4549.7798,3822330000
2021-10-22,4546.1201,4559.6699,4524.0,4544.8999,3758220000
2021-10-25,4553.6899,4572.6201,4537.3599,4566.48,3899400000
2021-10-26,4578.6899,4598.5298,4569.1699,4574.79,3879740000
2021-10-27,4580.2202,4584.5698,4551.6602,4551.6802,4226050000
2021-10-28,4562.8398,4597.5498,4562.8398,4596.4199,4132950000
2021-10-29,4572.8701,4608.0801,4567.5898,4605.3799,4510200000
2021-11-01,4610.6201,4620.3398,4595.0601,4613.6699,3971540000
2021-11-02,4613.3398,4635.1499,4613.3398,4630.6499,3975250000
2021-11-03,4630.6499,4663.46,4621.1899,4660.5698,4319660000
2021-11-04,4662.9302,4683.0,4662.5898,4680.0601,4462300000
2021-11-05,4699.2598,4718.5,4681.3198,4697.5298,4467180000
2021-11-08,4701.48,4714.9199,4694.3901,4701.7002,4269710000
2021-11-09,4707.25,4708.5298,4670.8701,4685.25,4117080000
2021-11-10,4670.2598,4684.8501,4630.8599,4646.71,4503720000
2021-11-11,4659.3901,4664.5498,4648.3101,4649.27,3926870000
2021-11-12,4655.2402,4688.4702,4650.77,4682.8501,3728600000
2021-11-15,4689.2998,4697.4199,4672.8599,4682.7998,3488410000
2021-11-16,4679.4199,4714.9502,4679.4199,4700.8999,3972640000
2021-11-17,4701.5,4701.5,4684.4102,4688.6699,3969070000
2021-11-18,4700.7202,4708.7998,4672.7798,4704.54,4226410000
2021-11-19,4708.4399,4717.75,4694.2202,4697.96,4253180000
2021-11-22,4712.0,4743.8301,4682.1699,4682.9399,4441100000
2021-11-23,4678.48,4699.3901,4652.6602,4690.7002,4277590000
2021-11-24,4675.7798,4702.8701,4659.8901,4701.46,3418430000
2021-11-26,4664.6299,4664.6299,4585.4302,4594.6201,3517700000
2021-11-29,4628.75,4672.9502,4625.2598,4655.27,4336410000
2021-11-30,4640.25,4646.02,4560.0,4567.0,6625990000
2021-12-01,4602.8198,4652.9399,4510.27,4513.04,5366730000
2021-12-02,4504.73,4595.46,4504.73,4577.1001,5077180000
2021-12-03,4589.4902,4608.0298,4495.1201,4538.4302,5240070000
2021-12-06,4548.3701,4612.6001,4540.5098,4591.6699,4770800000
2021-12-07,4631.9702,4694.04,4631.9702,4686.75,4492400000
2021-12-08,4690.8599,4705.0601,4674.52,4701.21,4234600000
2021-12-09,4691.0,4695.2598,4665.98,4667.4502,3903840000
2021-12-10,4687.6401,4713.5698,4670.2402,4712.02,3870110000
2021-12-13,4710.2998,4710.2998,4667.6001,4668.9702,4397230000
2021-12-14,4642.9902,4660.4702,4606.52,4634.0898,4485430000
2021-12-15,4636.46,4712.6001,4611.2202,4709.8501,4910130000
2021-12-16,4719.1299,4731.9902,4651.8901,4668.6699,4829500000
2021-12-17,4652.5,4666.7002,4600.2202,4620.6401,7987090000
2021-12-20,4587.8999,4587.8999,4531.1001,4568.02,4635700000
2021-12-21,4594.96,4651.1401,4583.1602,4649.23,4072430000
2021-12-22,4650.3599,4697.6699,4645.5298,4696.5601,3319610000
2021-12-23,4703.96,4740.7402,4703.96,4725.79,2913040000
2021-12-27,4733.9902,4791.4902,4733.9902,4791.1899,2770290000
2021-12-28,4795.4902,4807.02,4780.04,4786.3501,2707920000
2021-12-29,4788.6401,4804.0601,4778.0801,4793.0601,2963310000
2021-12-30,4794.23,4808.9302,4775.3301,4778.73,3124950000
2021-12-31,4775.21,4786.8301,4765.75,4766.1802,2677820000
2022-01-03,4778.1401,4796.6401,4758.1699,4796.5601,3831020000
2022-01-04,4804.5098,4818.6201,4774.27,4793.54,4683170000
2022-01-05,4787.9902,4797.7002,4699.4399,4700.5801,4887960000
2022-01-06,4693.3901,4725.0098,4671.2598,4696.0498,4295280000
2022-01-07,4697.6602,4707.9502,4662.7402,4677.0298,4181510000
2022-01-10,4655.3398,4673.02,4582.2402,4670.29,4511810000
2022-01-11,4669.1401,4714.1299,4638.27,4713.0698,4101590000
2022-01-12,4728.5898,4748.8301,4706.71,4726.3501,4048220000
2022-01-13,4733.5601,4744.1299,4650.29,4659.0298,4251730000
2022-01-14,4637.9902,4665.1299,4614.75,4662.8501,4338490000
2022-01-18,4632.2402,4632.2402,4568.7002,4577.1099,4748700000
2022-01-19,4588.0298,4611.5498,4530.2002,4532.7598,4465740000
2022-01-20,4547.3501,4602.1099,4477.9502,4482.73,4640870000
2022-01-21,4471.3799,4494.52,4395.3398,4397.9399,5589100000
2022-01-24,4356.3198,4417.3501,4222.6201,4410.1299,6928110000
2022-01-25,4366.6401,4411.0098,4287.1099,4356.4502,5145050000
2022-01-26,4408.4302,4453.23,4304.7998,4349.9302,5570640000
2022-01-27,4380.5801,4428.7402,4309.5,4326.5098,5214200000
2022-01-28,4336.1899,4432.7202,4292.46,4431.8501,5031090000
2022-01-31,4431.79,4516.8901,4414.02,4515.5498,5098610000
2022-02-01,4519.5698,4550.4902,4483.5298,4546.54,4816830000
2022-02-02,4566.3901,4595.3101,4544.3198,4589.3799,4481580000
2022-02-03,4535.4102,4542.8799,4470.3901,4477.4399,4401970000
2022-02-04,4482.79,4539.6602,4451.5,4500.5298,4706290000
2022-02-07,4505.75,4521.8599,4471.4702,4483.8701,4228480000
2022-02-08,4480.02,4531.3198,4465.3999,4521.54,4459620000
2022-02-09,4547.0,4590.0298,4547.0,4587.1802,4524350000
2022-02-10,4553.2402,4588.9199,4484.3101,4504.0801,5314860000
2022-02-11,4506.27,4526.3301,4401.4102,4418.6401,5251500000
2022-02-14,4412.6099,4426.2202,4364.8398,4401.6699,4600390000
2022-02-15,4429.2798,4472.77,4429.2798,4471.0698,4430830000
2022-02-16,4455.75,4489.5498,4429.6802,4475.0098,4283640000
2022-02-17,4456.0601,4456.0601,4373.8101,4380.2598,4539420000
2022-02-18,4384.5698,4394.6001,4327.2202,4348.8701,4708060000
2022-02-22,4332.7402,4362.1201,4267.1099,4304.7598,5121900000
2022-02-23,4324.9302,4341.5098,4221.5098,4225.5,4797430000
2022-02-24,4155.77,4294.73,4114.6499,4288.7002,6752130000
2022-02-25,4298.3799,4385.3398,4286.8301,4384.6499,5177060000
2022-02-28,4354.1699,4388.8398,4315.1201,4373.9399,6071370000
2022-03-01,4363.1401,4378.4502,4279.54,4306.2598,5846230000
2022-03-02,4322.5601,4401.48,4322.5601,4386.54,5337870000
2022-03-03,4401.3101,4416.7798,4345.5601,4363.4902,5039890000
2022-03-04,4342.1201,4342.1201,4284.98,4328.8701,5797380000
2022-03-07,4327.0098,4327.0098,4199.8501,4201.0898,6940470000
2022-03-08,4202.6602,4276.9399,4157.8701,4170.7002,7243120000
2022-03-09,4223.1001,4299.3999,4223.1001,4277.8799,5662670000
2022-03-10,4252.5498,4268.2798,4209.7998,4259.52,4980830000
2022-03-11,4279.5,4291.0098,4200.4902,4204.3101,4938640000
2022-03-14,4202.75,4247.5698,4161.7202,4173.1099,5574920000
2022-03-15,4188.8198,4271.0498,4187.8999,4262.4502,5392470000
2022-03-16,4288.1401,4358.8999,4251.9902,4357.8599,6309750000
2022-03-17,4345.1099,4412.6699,4335.6499,4411.6699,4985090000
2022-03-18,4407.3398,4465.3999,4390.5698,4463.1201,8278430000
2022-03-21,4462.3999,4481.75,4424.2998,4461.1802,4869820000
2022-03-22,4469.1001,4522.0,4469.1001,4511.6099,4754840000
2022-03-23,4493.1001,4501.0698,4455.8101,4456.2402,4550670000
2022-03-24,4469.98,4520.5801,4465.1699,4520.1602,4131390000
2022-03-25,4522.9102,4546.0298,4501.0698,4543.0601,4305020000
2022-03-28,4541.0898,4575.6499,4517.6899,4575.52,4312260000
2022-03-29,4602.8599,4637.2998,4589.6602,4631.6001,5085910000
2022-03-30,4624.2002,4627.77,4581.3198,4602.4502,4385570000
2022-03-31,4599.02,4603.0698,4530.4102,4530.4102,4823020000
2022-04-01,4540.3198,4548.7002,4507.5698,4545.8599,4562940000
2022-04-04,4547.9702,4583.5,4539.21,4582.6401,4547350000
2022-04-05,4572.4502,4593.4502,4514.1699,4525.1201,4800620000
2022-04-06,4494.1699,4503.9399,4450.04,4481.1499,4986830000
2022-04-07,4474.6499,4521.1602,4450.2998,4500.21,4821490000
2022-04-08,4494.1499,4520.4102,4474.6001,4488.2798,4083200000
2022-04-11,4462.6401,4464.3501,4408.3799,4412.5298,4266290000
2022-04-12,4437.5898,4471.0,4381.3398,4397.4502,4152090000
2022-04-13,4394.2998,4453.9199,4392.7002,4446.5898,3828150000
2022-04-14,4449.1201,4460.46,4390.77,4392.5898,4083090000
2022-04-18,4385.6299,4410.3101,4370.2998,4391.6899,3910490000
2022-04-19,4390.6299,4471.0298,4390.6299,4462.21,4108120000
2022-04-20,4472.2598,4488.29,4448.7598,4459.4502,4290450000
2022-04-21,4489.1699,4512.9399,4384.4702,4393.6602,4636890000
2022-04-22,4385.8301,4385.8301,4267.6201,4271.7798,4651940000
2022-04-25,4255.3398,4299.02,4200.8198,4296.1201,5240040000
2022-04-26,4278.1401,4278.1401,4175.04,4175.2002,4689970000
2022-04-27,4186.52,4240.71,4162.8999,4183.96,4769680000
2022-04-28,4222.5801,4308.4502,4188.6299,4287.5,4854180000
2022-04-29,4253.75,4269.6802,4124.2798,4131.9302,5084030000
2022-05-02,4130.6099,4169.8101,4062.51,4155.3799,5163790000
2022-05-03,4159.7798,4200.1001,4147.0801,4175.48,4582050000
2022-05-04,4181.1802,4307.6602,4148.9102,4300.1699,5136360000
2022-05-05,4270.4302,4270.4302,4106.0098,4146.8701,5077030000
2022-05-06,4128.1699,4157.6899,4067.9099,4123.3398,5116940000
2022-05-09,4081.27,4081.27,3975.48,3991.24,5954520000
2022-05-10,4035.1799,4068.8201,3958.1699,4001.05,5885820000
2022-05-11,3990.0801,4049.0901,3928.8201,3935.1799,5816140000
2022-05-12,3903.95,3964.8,3858.8701,3930.0801,6286450000
2022-05-13,3963.8999,4038.8799,3963.8999,4023.8899,5183340000
2022-05-16,4013.02,4046.46,3983.99,4008.01,4415030000
2022-05-17,4052.0,4090.72,4033.9299,4088.8501,4841410000
2022-05-18,4051.98,4051.98,3911.9099,3923.6799,5103220000
2022-05-19,3899.0,3945.96,3876.5801,3900.79,5113550000
2022-05-20,3927.76,3943.4199,3810.3201,3901.3601,5130730000
2022-05-23,3919.4199,3981.8799,3909.04,3973.75,4420030000
2022-05-24,3942.9399,3955.6799,3875.1299,3941.48,4923190000
2022-05-25,3929.5901,3999.3301,3925.03,3978.73,4802560000
2022-05-26,3984.6001,4075.1399,3984.6001,4057.8401,4709970000
2022-05-27,4077.4299,4158.4902,4077.4299,4158.2402,4375620000
2022-05-31,4151.0898,4168.3398,4104.8799,4132.1499,6822640000
2022-06-01,4149.7798,4166.54,4073.8501,4101.23,4531800000
2022-06-02,4095.4099,4177.5098,4074.3701,4176.8198,4405790000
2022-06-03,4137.5698,4142.6699,4098.6699,4108.54,3711110000
2022-06-06,4134.7202,4168.7798,4109.1802,4121.4302,4332700000
2022-06-07,4096.4702,4164.8599,4080.1899,4160.6802,4248210000
2022-06-08,4147.1201,4160.1401,4107.2002,4115.77,4159470000
2022-06-09,4101.6499,4119.1001,4017.1699,4017.8201,4134170000
2022-06-10,3974.3899,3974.3899,3900.1599,3900.8601,4889640000
2022-06-13,3838.1499,3838.1499,3734.3,3749.6299,5636890000
2022-06-14,3763.52,3778.1799,3705.6799,3735.48,5153890000
2022-06-15,3764.05,3837.5601,3722.3,3789.99,5530480000
2022-06-16,3728.1799,3728.1799,3639.77,3666.77,5644930000
2022-06-17,3665.8999,3707.71,3636.8701,3674.8401,8520740000
2022-06-21,3715.3101,3779.6499,3715.3101,3764.79,5292260000
2022-06-22,3733.8899,3801.79,3717.6899,3759.8899,5058990000
2022-06-23,3774.71,3802.5801,3743.52,3795.73,5098640000
2022-06-24,3821.75,3913.6499,3821.75,3911.74,8120260000
2022-06-27,3920.76,3927.72,3889.6599,3900.1101,4325310000
2022-06-28,3913.0,3945.8601,3820.1399,3821.55,4270120000
2022-06-29,3825.0901,3836.5,3799.02,3818.8301,4211240000
2022-06-30,3785.99,3818.99,3738.6699,3785.3799,4840070000
2022-07-01,3781.0,3829.8201,3752.1001,3825.3301,4046950000
2022-07-05,3792.6101,3832.1899,3742.0601,3831.3899,5076590000
2022-07-06,3831.98,3870.9099,3809.3701,3845.0801,4417720000
2022-07-07,3858.8501,3910.6299,3858.8501,3902.6201,4057770000
2022-07-08,3888.26,3918.5,3869.3401,3899.3799,3521620000
2022-07-11,3880.9399,3880.9399,3847.22,3854.4299,3423480000
2022-07-12,3851.95,3873.4099,3802.3601,3818.8,3817210000
2022-07-13,3779.6699,3829.4399,3759.0701,3801.78,4109390000
2022-07-14,3763.99,3796.4099,3721.5601,3790.3799,4199690000
2022-07-15,3818.0,3863.6201,3817.1799,3863.1599,4143800000
2022-07-18,3883.79,3902.4399,3818.6299,3830.8501,4046870000
2022-07-19,3860.73,3939.8101,3860.73,3936.6899,4041070000
2022-07-20,3935.3201,3974.1299,3922.03,3959.8999,4185300000
2022-07-21,3955.47,3999.29,3927.6399,3998.95,4132790000
2022-07-22,3998.4299,4012.4399,3938.8601,3961.6299,3979240000
2022-07-25,3965.72,3975.3,3943.46,3966.8401,3568340000
2022-07-26,3953.22,3953.22,3910.74,3921.05,3778950000
2022-07-27,3951.4299,4039.5601,3951.4299,4023.6101,4112180000
2022-07-28,4026.1299,4078.95,3992.97,4072.4299,4413000000
2022-07-29,4087.3301,4140.1499,4079.22,4130.29,4616360000
2022-08-01,4112.3799,4144.9502,4096.02,4118.6299,4202810000
2022-08-02,4104.21,4140.4702,4079.8101,4091.1899,4727710000
2022-08-03,4107.96,4167.6602,4107.96,4155.1699,4351760000
2022-08-04,4154.8501,4161.29,4135.4199,4151.9399,4283320000
2022-08-05,4115.8701,4151.5801,4107.3101,4145.1899,4085940000
2022-08-08,4155.9302,4186.6201,4128.9702,4140.0601,4221090000
2022-08-09,4133.1099,4137.2998,4112.0898,4122.4702,3913090000
2022-08-10,4181.02,4211.0298,4177.2598,4210.2402,4546010000
2022-08-11,4227.3999,4257.9102,4201.4102,4207.27,4630200000
2022-08-12,4225.02,4280.4702,4219.7798,4280.1499,3788010000
2022-08-15,4269.3701,4301.79,4256.8999,4297.1401,3696830000
2022-08-16,4290.46,4325.2798,4277.77,4305.2002,4329820000
2022-08-17,4280.3999,4302.1802,4253.0801,4274.04,3885030000
2022-08-18,4273.1299,4292.5298,4261.98,4283.7402,3340330000
2022-08-19,4266.3101,4266.3101,4218.7002,4228.48,3761340000
2022-08-22,4195.0801,4195.0801,4129.8599,4137.9902,3907430000
2022-08-23,4133.0898,4159.77,4124.0298,4128.73,3823520000
2022-08-24,4126.5498,4156.5601,4119.9702,4140.77,3583630000
2022-08-25,4153.2598,4200.54,4147.5898,4199.1201,3566870000
2022-08-26,4198.7402,4203.04,4057.6599,4057.6599,3832750000
2022-08-29,4034.5801,4062.99,4017.4199,4030.6101,3396510000
2022-08-30,4041.25,4044.98,3965.21,3986.1599,3835860000
2022-08-31,4000.6699,4015.3701,3954.53,3955.0,4542490000
2022-09-01,3936.73,3970.23,3903.6499,3966.8501,4152250000
2022-09-02,3994.6599,4018.4299,3906.21,3924.26,3665850000
2022-09-06,3930.8899,3942.55,3886.75,3908.1899,4127340000
2022-09-07,3909.4299,3987.8899,3906.03,3979.8701,3890320000
2022-09-08,3959.9399,4010.5,3944.8101,4006.1799,3966850000
2022-09-09,4022.9399,4076.8101,4022.9399,4067.3601,3901940000
2022-09-12,4083.6699,4119.2798,4083.6699,4110.4102,3814200000
2022-09-13,4037.1201,4037.1201,3921.28,3932.6899,4224550000
2022-09-14,3940.73,3961.9399,3912.1799,3946.01,4293240000
2022-09-15,3932.4099,3959.1399,3888.28,3901.3501,4441830000
2022-09-16,3880.95,3880.95,3837.0801,3873.3301,7954650000
2022-09-19,3849.9099,3900.45,3838.5,3899.8899,3766850000
2022-09-20,3875.23,3876.01,3827.54,3855.9299,4058050000
2022-09-21,3871.3999,3907.0701,3789.49,3789.9299,4078330000
2022-09-22,3782.3601,3790.8999,3749.45,3757.99,4284600000
2022-09-23,3727.1399,3727.1399,3647.47,3693.23,5144270000
2022-09-26,3682.72,3715.6699,3644.76,3655.04,4886140000
2022-09-27,3686.4399,3717.53,3623.29,3647.29,4577740000
2022-09-28,3651.9399,3736.74,3640.6101,3719.04,4684850000
2022-09-29,3687.01,3687.01,3610.3999,3640.47,4681810000
2022-09-30,3633.48,3671.4399,3584.1299,3585.6201,5645360000
2022-10-03,3609.78,3698.3501,3604.9299,3678.4299,4806680000
2022-10-04,3726.46,3791.9199,3726.46,3790.9299,5146580000
2022-10-05,3753.25,3806.9099,3722.6599,3783.28,4293180000
2022-10-06,3771.97,3797.9299,3739.22,3744.52,4252100000
2022-10-07,3706.74,3706.74,3620.73,3639.6599,4449660000
2022-10-10,3647.51,3652.1699,3588.1001,3612.3899,3834320000
2022-10-11,3595.8601,3640.6599,3568.45,3588.8401,4759030000
2022-10-12,3590.8301,3608.3401,3573.8601,3577.03,4006830000
2022-10-13,3520.3701,3685.4099,3491.5801,3669.9099,5021680000
2022-10-14,3690.4099,3712.0,3579.6799,3583.0701,4243030000
2022-10-17,3638.6499,3689.73,3638.6499,3677.95,4352780000
2022-10-18,3746.26,3762.79,3686.53,3719.98,4483740000
2022-10-19,3703.1101,3728.5801,3666.51,3695.1599,4223800000
2022-10-20,3689.05,3736.0,3656.4399,3665.78,4496620000
2022-10-21,3657.1001,3757.8899,3647.4199,3752.75,5078020000
2022-10-24,3762.01,3810.74,3741.6499,3797.3401,4747930000
2022-10-25,3799.4399,3862.8501,3799.4399,3859.1101,4843120000
2022-10-26,3825.97,3886.1499,3824.0701,3830.6001,4817310000
2022-10-27,3834.6899,3859.95,3803.79,3807.3,4687320000
2022-10-28,3808.26,3905.4199,3808.26,3901.0601,4459410000
2022-10-31,3881.8501,3893.73,3863.1799,3871.98,4820620000
2022-11-01,3901.79,3911.79,3843.8,3856.1001,4481210000
2022-11-02,3852.8999,3894.4399,3758.6799,3759.6899,4899000000
2022-11-03,3733.25,3750.5901,3698.1499,3719.8899,4625290000
2022-11-04,3766.98,3796.3401,3708.8401,3770.55,5400180000
2022-11-07,3780.71,3813.95,3764.7,3806.8,4341620000
2022-11-08,3817.02,3859.3999,3786.28,3828.1101,4607640000
2022-11-09,3810.9399,3818.2,3744.22,3748.5701,4645010000
2022-11-10,3859.8899,3958.3301,3859.8899,3956.3701,5781260000
2022-11-11,3963.72,4001.48,3944.8201,3992.9299,5593310000
2022-11-14,3977.97,4008.97,3956.3999,3957.25,4561930000
2022-11-15,4006.4099,4028.8401,3953.1699,3991.73,5015310000
2022-11-16,3976.8201,3983.0901,3954.3401,3958.79,4165320000
2022-11-17,3919.26,3954.3301,3906.54,3946.5601,4051780000
2022-11-18,3966.3899,3979.8899,3935.98,3965.3401,4037360000
2022-11-21,3956.23,3962.0,3933.3401,3949.9399,3850690000
2022-11-22,3965.51,4005.8799,3956.8799,4003.5801,3887990000
2022-11-23,4000.3,4033.78,3998.6599,4027.26,3279720000
2022-11-25,4023.3401,4034.02,4020.76,4026.1201,1706460000
2022-11-28,4005.3601,4012.27,3955.77,3963.9399,3615430000
2022-11-29,3964.1899,3976.77,3937.6499,3957.6299,3546040000
2022-11-30,3957.1799,4080.1101,3938.5801,4080.1101,6579360000
2022-12-01,4087.1399,4100.5098,4050.8701,4076.5701,4527130000
2022-12-02,4040.1699,4080.48,4026.6299,4071.7,4012620000
2022-12-05,4052.02,4052.45,3984.49,3998.8401,4280820000
2022-12-06,3996.6299,4001.51,3918.3899,3941.26,4368380000
2022-12-07,3933.28,3957.5701,3922.6799,3933.9199,4118050000
2022-12-08,3947.79,3974.1899,3935.8301,3963.51,4006900000
2022-12-09,3954.1699,3977.02,3933.04,3934.3799,3888260000
2022-12-12,3939.29,3990.71,3935.3,3990.5601,3904130000
2022-12-13,4069.3799,4100.96,3993.03,4019.6499,5079360000
2022-12-14,4015.54,4053.76,3965.6499,3995.3201,4472340000
2022-12-15,3958.3701,3958.3701,3879.45,3895.75,4493900000
2022-12-16,3890.9099,3890.9099,3827.9099,3852.3601,7493660000
2022-12-19,3853.79,3854.8601,3800.04,3817.6599,3969610000
2022-12-20,3810.47,3838.24,3795.6201,3821.6201,3985370000
2022-12-21,3839.49,3889.8201,3839.49,3878.4399,3775200000
2022-12-22,3853.26,3853.26,3764.49,3822.3899,3956950000
2022-12-23,3815.1101,3845.8,3797.01,3844.8201,2819280000
2022-12-27,3843.3401,3846.6499,3813.22,3829.25,3030300000
2022-12-28,3829.5601,3848.3201,3780.78,3783.22,3083520000
2022-12-29,3805.45,3858.1899,3805.45,3849.28,3003680000
2022-12-30,3829.0601,3839.8501,3800.3401,3839.5,2979870000
2023-01-03,3853.29,3878.46,3794.3301,3824.1399,3959140000
2023-01-04,3840.3601,3873.1599,3815.77,3852.97,4414080000
2023-01-05,3839.74,3839.74,3802.4199,3808.1001,3893450000
2023-01-06,3823.3701,3906.1899,3809.5601,3895.0801,3923560000
2023-01-09,3910.8201,3950.5701,3890.4199,3892.0901,4311770000
2023-01-10,3888.5701,3919.8301,3877.29,3919.25,3851030000
2023-01-11,3932.3501,3970.0701,3928.54,3969.6101,4303360000
2023-01-12,3977.5701,3997.76,3937.5601,3983.1699,4440260000
2023-01-13,3960.6001,4003.95,3947.6699,3999.0901,3939700000
2023-01-17,3999.28,4015.3899,3984.5701,3990.97,4235560000
2023-01-18,4002.25,4014.1599,3926.5901,3928.8601,4298710000
2023-01-19,3911.8401,3922.9399,3885.54,3898.8501,3991500000
2023-01-20,3909.04,3972.96,3897.8601,3972.6101,4013360000
2023-01-23,3978.1399,4039.3101,3971.6399,4019.8101,3945210000
2023-01-24,4001.74,4023.9199,3989.79,4016.95,3320430000
2023-01-25,3982.71,4019.55,3949.0601,4016.22,3724020000
2023-01-26,4036.0801,4061.5701,4013.29,4060.4299,3809590000
2023-01-27,4053.72,4094.21,4048.7,4070.5601,3907760000
2023-01-30,4049.27,4063.8501,4015.55,4017.77,3802000000
2023-01-31,4020.8501,4077.1599,4020.4399,4076.6001,4679320000
2023-02-01,4070.0701,4148.9502,4037.2,4119.21,4856930000
2023-02-02,4158.6802,4195.4399,4141.8799,4179.7598,5624360000
2023-02-03,4136.6899,4182.3599,4123.3599,4136.48,4694510000
2023-02-06,4119.5698,4124.6299,4093.3799,4111.0801,4114240000
2023-02-07,4105.3501,4176.54,4088.3899,4164.0,4355860000
2023-02-08,4153.4702,4156.8501,4111.6699,4117.8599,4029820000
2023-02-09,4144.25,4156.23,4069.6699,4081.5,4270200000
2023-02-10,4068.9199,4094.3601,4060.79,4090.46,3891520000
2023-02-13,4096.6201,4138.8999,4092.6699,4137.29,3448620000
2023-02-14,4126.7002,4159.77,4095.01,4136.1299,3929200000
2023-02-15,4119.5,4148.1099,4103.98,4147.6001,4075980000
2023-02-16,4114.75,4136.54,4089.49,4090.4099,4143660000
2023-02-17,4077.3899,4081.51,4047.95,4079.0901,4045480000
2023-02-21,4052.3501,4052.3501,3995.1899,3997.3401,4121590000
2023-02-22,4001.8301,4017.3701,3976.8999,3991.05,4079320000
2023-02-23,4018.6001,4028.3,3969.1899,4012.3201,3952940000
2023-02-24,3973.24,3978.25,3943.0801,3970.04,3877700000
2023-02-27,3992.3601,4018.05,3973.55,3982.24,3836950000
2023-02-28,3977.1899,3997.5,3968.98,3970.1499,5043400000
2023-03-01,3963.3401,3971.73,3939.05,3951.3899,4249480000
2023-03-02,3938.6799,3990.8401,3928.1599,3981.3501,4244900000
2023-03-03,3998.02,4048.29,3995.1699,4045.6399,4084730000
2023-03-06,4055.1499,4078.49,4044.6101,4048.4199,4000870000
2023-03-07,4048.26,4050.0,3980.3101,3986.3701,3922500000
2023-03-08,3987.55,4000.4099,3969.76,3992.01,3535570000
2023-03-09,3998.6599,4017.8101,3908.7,3918.3201,4445260000
2023-03-10,3912.77,3934.05,3846.3201,3861.5901,5518190000
2023-03-13,3835.1201,3905.05,3808.8601,3855.76,6558020000
2023-03-14,3894.01,3937.29,3873.6299,3919.29,5665870000
2023-03-15,3876.74,3894.26,3838.24,3891.9299,6594010000
2023-03-16,3878.9299,3964.46,3864.1101,3960.28,5695790000
2023-03-17,3958.6899,3958.9099,3901.27,3916.6399,9354280000
2023-03-20,3917.47,3956.6201,3916.8899,3951.5701,5347140000
2023-03-21,3975.8899,4009.0801,3971.1899,4002.8701,4920240000
2023-03-22,4002.04,4039.49,3936.1699,3936.97,4533010000
2023-03-23,3959.21,4007.6599,3919.05,3948.72,4991600000
2023-03-24,3939.21,3972.74,3909.1599,3970.99,4583970000
2023-03-27,3982.9299,4003.8301,3970.49,3977.53,4233540000
2023-03-28,3974.1299,3979.2,3951.53,3971.27,4014600000
2023-03-29,3999.53,4030.5901,3999.53,4027.8101,4145250000
2023-03-30,4046.74,4057.8501,4032.1001,4050.8301,3930860000
2023-03-31,4056.1799,4110.75,4056.1799,4109.3101,4525120000
2023-04-03,4102.2002,4127.6602,4098.79,4124.5098,4234700000
2023-04-04,4128.0298,4133.1299,4086.8701,4100.6001,4227800000
2023-04-05,4094.5,4099.6899,4072.5601,4090.3799,3968020000
2023-04-06,4081.1499,4107.3198,4069.8401,4105.02,3486690000
2023-04-10,4085.2,4109.5,4072.55,4109.1099,3423650000
2023-04-11,4110.29,4124.2598,4102.6099,4108.9399,3665830000
2023-04-12,4121.7202,4134.3701,4086.9399,4091.95,3633120000
2023-04-13,4100.04,4150.2598,4099.3999,4146.2202,3596590000
2023-04-14,4140.1099,4163.1899,4113.2002,4137.6401,3575690000
2023-04-17,4137.1699,4151.7202,4123.1802,4151.3198,3611180000
2023-04-18,4164.2598,4169.48,4140.3599,4154.8701,3536640000
2023-04-19,4139.3301,4162.5698,4134.4902,4154.52,3572560000
2023-04-20,4130.48,4148.5698,4114.5698,4129.79,3772080000
2023-04-21,4132.1401,4138.02,4113.8599,4133.52,3611750000
2023-04-24,4132.0698,4142.4102,4117.77,4137.04,3290940000
2023-04-25,4126.4302,4126.4302,4071.3799,4071.6299,3978640000
2023-04-26,4087.78,4089.6699,4049.3501,4055.99,3837030000
2023-04-27,4075.29,4138.2402,4075.29,4135.3501,3750550000
2023-04-28,4129.6299,4170.0601,4127.1802,4169.48,4087800000
2023-05-01,4166.79,4186.9199,4164.1201,4167.8701,3321370000
2023-05-02,4164.1001,4164.1001,4089.72,4119.5801,4486130000
2023-05-03,4122.25,4148.2998,4088.8601,4090.75,4246510000
2023-05-04,4082.55,4082.6101,4048.28,4061.22,4920090000
2023-05-05,4084.73,4147.02,4084.73,4136.25,4186270000
2023-05-08,4136.98,4142.2998,4123.8101,4138.1201,3641640000
2023-05-09,4124.25,4130.3501,4116.6499,4119.1699,3810140000
2023-05-10,4143.7402,4154.2798,4098.9199,4137.6401,4057160000
2023-05-11,4132.2402,4132.7998,4109.29,4130.6201,3752900000
2023-05-12,4138.54,4143.7402,4099.1201,4124.0801,3533740000
2023-05-15,4126.6499,4141.25,4110.27,4136.2798,3562170000
2023-05-16,4127.9502,4135.54,4109.8599,4109.8999,3654200000
2023-05-17,4122.8501,4164.6699,4113.6201,4158.77,4039080000
2023-05-18,4157.6802,4202.2002,4153.5,4198.0498,3980500000
2023-05-19,4204.1499,4212.9102,4180.2002,4191.98,4041900000
2023-05-22,4190.7798,4209.2202,4179.6802,4192.6299,3728520000
2023-05-23,4176.7998,4185.6802,4142.54,4145.5801,4155320000
2023-05-24,4132.96,4132.96,4103.98,4115.2402,0
2023-05-25,4155.71,4165.7402,4129.73,4151.2798,4147760000
2023-05-26,4156.1602,4212.8701,4156.1602,4205.4502,3715460000
2023-05-30,4226.71,4231.1001,4192.1802,4205.52,4228510000
2023-05-31,4190.7402,4195.4399,4166.1499,4179.8301,5980670000
2023-06-01,4183.0298,4232.4302,4171.6401,4221.02,4391860000
2023-06-02,4241.0098,4290.6699,4241.0098,4282.3701,4454200000
2023-06-05,4282.9902,4299.2798,4266.8198,4273.79,3813290000
2023-06-06,4271.3398,4288.3301,4263.0898,4283.8501,3996560000
2023-06-07,4285.4702,4299.1899,4263.96,4267.52,4537800000
2023-06-08,4268.6899,4298.0098,4261.0698,4293.9302,3826740000
2023-06-09,4304.8799,4322.6201,4291.7002,4298.8599,3786510000
2023-06-12,4308.3198,4340.1299,4304.3701,4338.9302,3945670000
2023-06-13,4352.6099,4375.3701,4349.3101,4369.0098,4275400000
2023-06-14,4366.29,4391.8198,4337.8501,4372.5898,4252110000
2023-06-15,4365.3301,4439.2002,4362.6001,4425.8398,4176690000
2023-06-16,4440.9502,4448.4702,4407.4399,4409.5898,6848600000
2023-06-20,4396.1099,4400.1499,4367.1899,4388.71,4055790000
2023-06-21,4380.0098,4386.2202,4360.1401,4365.6899,3709330000
2023-06-22,4355.3999,4382.25,4351.8198,4381.8901,3511000000
2023-06-23,4354.1699,4366.5498,4341.3398,4348.3301,6053620000
2023-06-26,4344.8398,4362.0601,4328.0801,4328.8198,3415030000
2023-06-27,4337.3599,4384.4199,4335.0,4378.4102,3573500000
2023-06-28,4367.48,4390.3501,4360.2202,4376.8599,3739330000
2023-06-29,4374.9399,4398.3901,4371.9702,4396.4399,3696660000
2023-06-30,4422.4399,4458.48,4422.4399,4450.3799,3923450000
2023-07-03,4450.48,4456.46,4442.29,4455.5898,2034280000
2023-07-05,4442.04,4454.0601,4436.6099,4446.8198,3482620000
2023-07-06,4422.6201,4422.6201,4385.0498,4411.5898,3682020000
2023-07-07,4404.54,4440.3901,4397.3999,4398.9502,3630480000
2023-07-10,4394.23,4412.6001,4389.9199,4409.5298,3429600000
2023-07-11,4415.5498,4443.6401,4408.46,4439.2598,3624220000
2023-07-12,4467.6899,4488.3398,4463.23,4472.1602,3920290000
2023-07-13,4491.5,4517.3799,4489.3599,4510.04,3839530000
2023-07-14,4514.6099,4527.7598,4499.5601,4505.4199,3647450000
2023-07-17,4508.8599,4532.8501,4504.8999,4522.79,3538240000
2023-07-18,4521.7798,4562.2998,4514.5898,4554.98,4090010000
2023-07-19,4563.8701,4578.4302,4557.48,4565.7202,4115670000
2023-07-20,4554.3799,4564.7402,4527.5601,4534.8701,3761770000
2023-07-21,4550.1602,4555.0,4535.79,4536.3398,3570190000
2023-07-24,4543.3901,4563.4102,4541.29,4554.6401,3856250000
2023-07-25,4555.1899,4580.6201,4552.4199,4567.46,3812470000
2023-07-26,4558.96,4582.4702,4547.5801,4566.75,3990290000
2023-07-27,4598.2598,4607.0698,4528.5601,4537.4102,4553210000
2023-07-28,4565.75,4590.1602,4564.0098,4582.23,3981010000
2023-07-31,4584.8198,4594.2202,4573.1401,4588.96,4503600000
2023-08-01,4578.8301,4584.6201,4567.5298,4576.73,4042370000
2023-08-02,4550.9302,4550.9302,4505.75,4513.3901,4270710000
2023-08-03,4494.27,4519.4902,4485.54,4501.8901,4149120000
2023-08-04,4513.96,4540.3398,4474.5498,4478.0298,4143310000
2023-08-07,4491.5801,4519.8398,4491.1499,4518.4399,3493920000
2023-08-08,4498.0298,4503.3101,4464.3901,4499.3799,3884910000
2023-08-09,4501.5698,4502.4399,4461.3301,4467.71,3803100000
2023-08-10,4487.1602,4527.3701,4457.9199,4468.8301,4504370000
2023-08-11,4450.6899,4476.23,4443.98,4464.0498,3753290000
2023-08-14,4458.1299,4490.3301,4453.4399,4489.7202,3896410000
2023-08-15,4478.8701,4478.8701,4432.1899,4437.8599,3832250000
2023-08-16,4433.79,4449.9502,4403.5498,4404.3301,3753910000
2023-08-17,4416.3198,4421.1699,4364.8301,4370.3599,3943700000
2023-08-18,4344.8799,4381.8198,4335.3101,4369.71,3940400000
2023-08-21,4380.2798,4407.5498,4360.2998,4399.77,3726850000
2023-08-22,4415.3301,4418.5898,4382.77,4387.5498,3522760000
2023-08-23,4396.4399,4443.1802,4396.4399,4436.0098,3837270000
2023-08-24,4455.1602,4458.2998,4375.5498,4376.3101,3723470000
2023-08-25,4389.3799,4418.46,4356.29,4405.71,3296180000
2023-08-28,4426.0298,4439.5601,4414.98,4433.3101,2957230000
2023-08-29,4432.75,4500.1401,4431.6802,4497.6299,3354820000
2023-08-30,4500.3398,4521.6499,4493.5898,4514.8701,3064110000
2023-08-31,4517.0098,4532.2598,4507.3901,4507.6602,3946360000
2023-09-01,4530.6001,4541.25,4501.3501,4515.77,3246260000
2023-09-05,4510.0601,4514.29,4496.0098,4496.8301,3526250000
2023-09-06,4490.3501,4490.3501,4442.3799,4465.48,3418850000
2023-09-07,4434.5498,4457.8101,4430.46,4451.1401,3763760000
2023-09-08,4451.2998,4473.5298,4448.3799,4457.4902,3259290000
2023-09-11,4480.98,4490.77,4467.8901,4487.46,3369920000
2023-09-12,4473.27,4487.1099,4456.8301,4461.8999,3435740000
2023-09-13,4462.6499,4479.3901,4453.52,4467.4399,3529430000
2023-09-14,4487.7798,4511.9902,4478.6899,4505.1001,3648720000
2023-09-15,4497.98,4497.98,4447.21,4450.3198,6932230000
2023-09-18,4445.1299,4466.3599,4442.1099,4453.5298,3161230000
2023-09-19,4445.4102,4449.8501,4416.6099,4443.9502,3614880000
2023-09-20,4452.8101,4461.0298,4401.3799,4402.2002,3308450000
2023-09-21,4374.3599,4375.7002,4329.1699,4330.0,3662340000
2023-09-22,4341.7402,4357.3999,4316.4902,4320.0601,3349570000
2023-09-25,4310.6201,4338.5098,4302.7002,4337.4399,3195650000
2023-09-26,4312.8799,4313.0098,4265.98,4273.5298,3472340000
2023-09-27,4282.6299,4292.0698,4238.6299,4274.5098,3875880000
2023-09-28,4269.6499,4317.27,4264.3799,4299.7002,3846230000
2023-09-29,4328.1802,4333.1499,4274.8599,4288.0498,3865960000
2023-10-02,4284.52,4300.5801,4260.21,4288.3901,3938660000
2023-10-03,4269.75,4281.1499,4216.4502,4229.4502,3953830000
2023-10-04,4233.8301,4268.5,4220.48,4263.75,3777600000
2023-10-05,4259.3101,4267.1299,4225.9102,4258.1899,3581470000
2023-10-06,4234.79,4324.1001,4219.5498,4308.5,3902030000
2023-10-09,4289.02,4341.73,4283.79,4335.6602,3174630000
2023-10-10,4339.75,4385.46,4339.6401,4358.2402,3520240000
2023-10-11,4366.5898,4378.6401,4345.3398,4376.9502,3601660000
2023-10-12,4380.9399,4385.8501,4325.4302,4349.6099,3713140000
2023-10-13,4360.4902,4377.1001,4311.9702,4327.7798,3566560000
2023-10-16,4342.3701,4383.3301,4342.3701,4373.6299,3409960000
2023-10-17,4345.23,4393.5698,4337.54,4373.2002,3794850000
2023-10-18,4357.3501,4364.2002,4303.8398,4314.6001,3686030000
2023-10-19,4321.3599,4339.54,4269.6899,4278.0,3969730000
2023-10-20,4273.8501,4276.5601,4223.0298,4224.1602,4004030000
2023-10-23,4210.3999,4255.8398,4189.2202,4217.04,3776100000
2023-10-24,4235.79,4259.3799,4219.4302,4247.6802,3821820000
2023-10-25,4232.4199,4232.4199,4181.4199,4186.77,3869370000
2023-10-26,4175.9902,4183.6001,4127.8999,4137.23,4277640000
2023-10-27,4152.9302,4156.7002,4103.7798,4117.3701,4019500000
2023-10-30,4139.3901,4177.4702,4132.9399,4166.8198,3911140000
2023-10-31,4171.3301,4195.5498,4153.1201,4193.7998,4249470000
2023-11-01,4201.27,4245.6401,4197.7402,4237.8599,4224900000
2023-11-02,4268.2598,4319.7202,4268.2598,4317.7798,4669780000
2023-11-03,4334.23,4373.6201,4334.23,4358.3398,4570960000
2023-11-06,4364.27,4372.21,4347.5298,4365.98,3656340000
2023-11-07,4366.21,4386.2598,4355.4102,4378.3799,3791230000
2023-11-08,4384.3701,4391.2002,4359.7598,4382.7798,3729510000
2023-11-09,4391.4102,4393.3999,4343.9399,4347.3501,3900780000
2023-11-10,4364.1499,4418.0298,4353.3398,4415.2402,3665080000
2023-11-13,4406.6602,4421.7598,4393.8198,4411.5498,3326240000
2023-11-14,4458.9702,4508.6699,4458.9702,4495.7002,4700350000
2023-11-15,4505.2998,4521.1699,4495.3101,4502.8799,4347170000
2023-11-16,4497.0801,4511.9902,4487.8301,4508.2402,3964520000
2023-11-17,4509.5498,4520.1201,4499.6602,4514.02,3777240000
2023-11-20,4511.7002,4557.1099,4510.3599,4547.3799,3644790000
2023-11-21,4538.77,4542.1401,4525.5098,4538.1899,3511080000
2023-11-22,4553.04,4568.4302,4545.0498,4556.6201,3042810000
2023-11-24,4555.8398,4560.3101,4552.7998,4559.3398,1639500000
2023-11-27,4554.8599,4560.52,4546.3198,4550.4302,3403990000
2023-11-28,4545.5498,4568.1401,4540.5098,4554.8901,3586240000
2023-11-29,4571.8398,4587.6401,4547.1499,4550.5801,4418760000
2023-11-30,4554.8701,4569.8901,4537.2402,4567.7998,5399300000
2023-12-01,4559.4302,4599.3901,4554.71,4594.6299,4397120000
2023-12-04,4564.3701,4572.3701,4546.7202,4569.7798,4369910000
2023-12-05,4557.25,4578.5601,4551.6802,4567.1802,3909950000
2023-12-06,4586.23,4590.7402,4546.5,4549.3398,4245680000
2023-12-07,4568.8398,4590.9199,4565.2202,4585.5898,3818880000
2023-12-08,4576.2002,4609.23,4574.0601,4604.3701,3707010000
2023-12-11,4593.3901,4623.71,4593.3901,4622.4399,3823210000
2023-12-12,4618.2998,4643.9302,4608.0898,4643.7002,3808380000
2023-12-13,4646.2002,4709.6899,4643.23,4707.0898,5063650000
2023-12-14,4721.04,4738.5698,4694.3398,4719.5498,6314040000
2023-12-15,4714.23,4725.5298,4704.6899,4719.1899,8218980000
2023-12-18,4725.5801,4749.52,4725.5801,4740.5601,4060340000
2023-12-19,4743.7202,4768.6899,4743.7202,4768.3701,4026970000
2023-12-20,4764.73,4778.0098,4697.8198,4698.3501,4201320000
2023-12-21,4724.29,4748.71,4708.3501,4746.75,3431180000
2023-12-22,4753.9199,4772.9399,4736.77,4754.6299,3046770000
2023-12-26,4758.8599,4784.7202,4758.4502,4774.75,2513910000
2023-12-27,4773.4502,4785.3901,4768.8999,4781.5801,2748450000
2023-12-28,4786.4399,4793.2998,4780.98,4783.3501,2698860000
2023-12-29,4782.8799,4788.4302,4751.9902,4769.8301,3126060000
2024-01-02,4745.2002,4754.3301,4722.6699,4742.8301,3743050000
2024-01-03,4725.0698,4729.29,4699.71,4704.8101,3950760000
2024-01-04,4697.4199,4726.7798,4687.5298,4688.6802,3715480000
2024-01-05,4690.5698,4721.4902,4682.1099,4697.2402,3844370000
2024-01-08,4703.7002,4764.54,4699.8198,4763.54,3742320000
2024-01-09,4741.9302,4765.4702,4730.3501,4756.5,3529960000
2024-01-10,4759.9399,4790.7998,4756.2002,4783.4502,3498680000
2024-01-11,4792.1299,4798.5,4739.5801,4780.2402,3759890000
2024-01-12,4791.1802,4802.3999,4768.98,4783.8301,3486340000
2024-01-16,4772.3501,4782.3398,4747.1201,4765.98,4260550000
2024-01-17,4739.1299,4744.23,4714.8198,4739.21,3928600000
2024-01-18,4760.1001,4785.79,4740.5698,4780.9399,4019000000
2024-01-19,4796.2798,4842.0698,4785.8701,4839.8101,4287200000
2024-01-22,4853.4199,4868.4102,4844.0498,4850.4302,4297610000
2024-01-23,4856.7998,4866.48,4844.3701,4864.6001,3912800000
2024-01-24,4888.5601,4903.6802,4865.9399,4868.5498,4330030000
2024-01-25,4886.6602,4898.1499,4869.3398,4894.1602,4020430000
2024-01-26,4888.9102,4906.6899,4881.4702,4890.9702,3353400000
2024-01-29,4892.9502,4929.3101,4887.3999,4927.9302,3525160000
2024-01-30,4925.8901,4931.0898,4916.27,4924.9702,3836130000
2024-01-31,4899.1899,4906.75,4845.1499,4845.6499,4696120000
2024-02-01,4861.1099,4906.9702,4853.52,4906.1899,4386090000
2024-02-02,4916.0601,4975.29,4907.9902,4958.6099,3974350000
2024-02-05,4957.1899,4957.1899,4918.0898,4942.8101,4023640000
2024-02-06,4950.1602,4957.77,4934.8799,4954.23,4440880000
2024-02-07,4973.0498,4999.8901,4969.0498,4995.0601,4895590000
2024-02-08,4995.1602,5000.3999,4987.0898,4997.9102,4341860000
2024-02-09,5004.1699,5030.0601,5000.3398,5026.6099,3912990000
2024-02-12,5026.8301,5048.3901,5016.8301,5021.8398,3805740000
2024-02-13,4967.9399,4971.2998,4920.3101,4953.1699,4302190000
2024-02-14,4976.4399,5002.52,4956.4502,5000.6201,3845600000
2024-02-15,5003.1401,5032.7202,4999.4399,5029.73,4137970000
2024-02-16,5031.1299,5038.7002,4999.52,5005.5698,3833270000
2024-02-20,4989.3198,4993.71,4955.02,4975.5098,4034880000
2024-02-21,4963.0298,4983.21,4946.0,4981.7998,3788390000
2024-02-22,5038.8301,5094.3901,5038.8301,5087.0298,4051710000
2024-02-23,5100.9199,5111.0601,5081.46,5088.7998,3672790000
2024-02-26,5093.0,5097.6602,5068.9102,5069.5298,3683930000
2024-02-27,5074.6001,5080.6899,5057.29,5078.1802,3925950000
2024-02-28,5067.2002,5077.3701,5058.3501,5069.7598,3789370000
2024-02-29,5085.3599,5104.9902,5061.8901,5096.27,5219740000
2024-03-01,5098.5098,5140.3301,5094.1602,5137.0801,4748110000
2024-03-04,5130.9902,5149.6699,5127.1802,5130.9502,4758440000
2024-03-05,5110.52,5114.54,5056.8198,5078.6499,4418410000
2024-03-06,5108.0298,5127.9702,5092.2202,5104.7598,4559050000
2024-03-07,5132.3799,5165.6201,5128.21,5157.3599,4137980000
2024-03-08,5164.46,5189.2598,5117.5,5123.6899,4208870000
2024-03-11,5111.96,5124.6602,5091.1401,5117.9399,3896430000
2024-03-12,5134.2998,5179.8701,5114.48,5175.27,4080510000
2024-03-13,5173.4902,5179.1401,5151.8799,5165.3101,4282890000
2024-03-14,5175.1401,5176.8501,5123.2998,5150.48,4687970000
2024-03-15,5123.3101,5136.8599,5104.3501,5117.0898,7753670000
2024-03-18,5154.77,5175.6001,5145.4702,5149.4199,4036220000
2024-03-19,5139.0898,5180.3101,5131.5898,5178.5098,4031760000
2024-03-20,5181.6899,5226.1899,5171.5498,5224.6201,4064850000
2024-03-21,5253.4302,5261.1001,5240.6602,5241.5298,4207730000
2024-03-22,5242.48,5246.0898,5229.8701,5234.1802,3374700000
2024-03-25,5219.52,5229.0898,5216.0898,5218.1899,3331360000
2024-03-26,5228.8501,5235.1602,5203.4199,5203.5801,3871790000
2024-03-27,5226.3101,5249.2598,5213.9199,5248.4902,3850500000
2024-03-28,5248.0298,5264.8501,5245.8198,5254.3501,3998270000
2024-04-01,5257.9702,5263.9502,5229.2002,5243.77,3325930000
2024-04-02,5204.29,5208.3398,5184.0498,5205.8101,3886590000
2024-04-03,5194.3701,5228.75,5194.3701,5211.4902,3703250000
2024-04-04,5244.0498,5256.5898,5146.0601,5147.21,4075680000
2024-04-05,5158.9502,5222.1802,5157.21,5204.3398,3386780000
2024-04-08,5211.3701,5219.5698,5197.3501,5202.3901,3278180000
2024-04-09,5217.0298,5224.8101,5160.7798,5209.9102,3400680000
2024-04-10,5167.8799,5178.4302,5138.7002,5160.6401,3845930000
2024-04-11,5172.9502,5211.7798,5138.77,5199.0601,3509380000
2024-04-12,5171.5098,5175.0298,5107.9399,5123.4102,3963220000
2024-04-15,5149.6699,5168.4302,5052.4702,5061.8198,3950210000
2024-04-16,5064.5898,5079.8398,5039.8301,5051.4102,4006200000
2024-04-17,5068.9702,5077.96,5007.25,5022.21,3596130000
2024-04-18,5031.52,5056.6602,5001.8901,5011.1201,3619760000
2024-04-19,5005.4399,5019.02,4953.5601,4967.23,3878750000
2024-04-22,4987.3301,5038.8398,4969.3999,5010.6001,3820250000
2024-04-23,5028.8501,5076.1201,5027.96,5070.5498,3751400000
2024-04-24,5084.8599,5089.48,5047.02,5071.6299,3656740000
2024-04-25,5019.8799,5057.75,4990.5801,5048.4199,3958050000
2024-04-26,5084.6499,5114.6201,5073.1401,5099.96,3604140000
2024-04-29,5114.1299,5123.4902,5088.6499,5116.1699,3447450000
2024-04-30,5103.7798,5110.8301,5035.3101,5035.6899,4082470000
2024-05-01,5029.0298,5096.1201,5013.4502,5018.3901,4544170000
2024-05-02,5049.3198,5073.21,5011.0498,5064.2002,4381660000
2024-05-03,5122.7798,5139.1201,5101.2202,5127.79,3924990000
2024-05-06,5142.4199,5181.0,5142.4199,5180.7402,3683250000
2024-05-07,5187.2002,5200.23,5178.96,5187.7002,3987890000
2024-05-08,5168.98,5191.9502,5165.8599,5187.6699,3842100000
2024-05-09,5189.0298,5215.2998,5180.4102,5214.0801,3727370000
2024-05-10,5225.4902,5239.6602,5209.6802,5222.6802,3617900000
2024-05-13,5233.0801,5237.2598,5211.1602,5221.4199,4255710000
2024-05-14,5221.1001,5250.3701,5217.98,5246.6802,4763580000
2024-05-15,5263.2598,5311.7598,5263.2598,5308.1499,4360810000
2024-05-16,5310.0698,5325.4902,5296.1899,5297.1001,3817470000
2024-05-17,5303.1001,5305.4502,5283.5898,5303.27,3578120000
2024-05-20,5305.3501,5325.3198,5302.3999,5308.1299,3420100000
2024-05-21,5298.6899,5324.3198,5297.8701,5321.4102,3662240000
2024-05-22,5319.2798,5323.1802,5286.0098,5307.0098,3847130000
2024-05-23,5340.2598,5341.8799,5256.9302,5267.8398,3869520000
2024-05-24,5281.4502,5311.6499,5278.3901,5304.7202,3005510000
2024-05-28,5315.9102,5315.9102,5280.8901,5306.04,3751540000
2024-05-29,5278.73,5282.27,5262.7002,5266.9502,3552750000
2024-05-30,5259.77,5260.21,5222.1001,5235.48,3818750000
2024-05-31,5243.21,5280.3301,5191.6802,5277.5098,5437160000
2024-06-03,5297.1499,5302.1099,5234.3198,5283.3999,4046920000
2024-06-04,5278.2402,5298.7998,5257.6299,5291.3398,3707900000
2024-06-05,5314.48,5354.1602,5297.6401,5354.0298,3591460000
2024-06-06,5357.7998,5362.3501,5335.3599,5352.96,3609990000
2024-06-07,5343.8101,5375.0801,5331.3301,5346.9902,3692760000
2024-06-10,5341.2202,5365.79,5331.52,5360.79,3622280000
2024-06-11,5353.0,5375.9502,5327.25,5375.3198,3568030000
2024-06-12,5409.1299,5447.25,5409.1299,5421.0298,3962840000
2024-06-13,5441.9302,5441.9302,5402.5098,5433.7402,3530380000
2024-06-14,5424.0801,5432.3901,5403.75,5431.6001,3438650000
2024-06-17,5431.1099,5488.5,5420.3999,5473.23,3447840000
2024-06-18,5476.1499,5490.3799,5471.3198,5487.0298,3544330000
2024-06-20,5499.9902,5505.5298,5455.5601,5473.1699,3847060000
2024-06-21,5466.77,5478.3101,5452.0298,5464.6201,6773800000
2024-06-24,5459.5801,5490.6602,5447.5898,5447.8701,3696750000
2024-06-25,5460.73,5472.8799,5446.5601,5469.2998,3591960000
2024-06-26,5460.71,5483.1401,5451.8701,5477.8999,3563920000
2024-06-27,5473.5898,5490.8101,5467.54,5482.8701,3589530000
2024-06-28,5488.48,5523.6401,5451.1201,5460.48,7199220000
2024-07-01,5471.0801,5479.5498,5446.5298,5475.0898,3488760000
2024-07-02,5461.8398,5509.6899,5458.4302,5509.0098,3329950000
2024-07-03,5507.4399,5539.27,5507.4199,5537.02,2179470000
2024-07-05,5537.9102,5570.3301,5531.6299,5567.1899,3253080000
2024-07-08,5572.75,5583.1099,5562.5098,5572.8501,3185670000
2024-07-09,5584.2402,5590.75,5574.5698,5576.98,3232920000
2024-07-10,5591.2598,5635.3901,5586.4399,5633.9102,3336100000
2024-07-11,5635.21,5642.4502,5576.5298,5584.54,4020950000
2024-07-12,5590.7598,5655.5601,5590.4399,5615.3501,3700280000
2024-07-15,5638.1602,5666.9399,5614.75,5631.2202,3620470000
2024-07-16,5644.0898,5669.6699,5639.02,5667.2002,4041760000
2024-07-17,5610.0698,5622.4902,5584.8101,5588.27,4246450000
2024-07-18,5608.5601,5614.0498,5522.8101,5544.5898,4007510000
2024-07-19,5543.3701,5557.5,5497.04,5505.0,3760570000
2024-07-22,5544.54,5570.3599,5529.04,5564.4102,3375180000
2024-07-23,5565.2998,5585.3398,5550.8999,5555.7402,3500210000
2024-07-24,5505.8398,5508.04,5419.98,5427.1299,3945550000
2024-07-25,5428.7002,5491.5898,5390.9502,5399.2202,4592120000
2024-07-26,5433.6699,5488.3198,5430.7002,5459.1001,3638770000
2024-07-29,5476.5498,5487.7402,5444.4399,5463.54,3379970000
2024-07-30,5478.73,5489.46,5401.7002,5436.4399,3777740000
2024-07-31,5505.5898,5551.5098,5493.75,5522.2998,4546910000
2024-08-01,5537.8398,5566.1602,5410.4199,5446.6802,4703620000
2024-08-02,5376.6299,5383.8901,5302.0298,5346.5601,5156450000
2024-08-05,5151.1401,5250.8901,5119.2598,5186.3301,5333250000
2024-08-06,5206.4199,5312.3398,5193.5601,5240.0298,4690190000
2024-08-07,5293.1299,5330.6401,5195.54,5199.5,4558260000
2024-08-08,5252.5698,5328.0298,5233.8501,5319.3101,4016830000
2024-08-09,5314.6602,5358.6699,5300.8398,5344.1602,3516400000
2024-08-12,5351.8799,5371.2002,5324.3701,5344.3901,3360160000
2024-08-13,5376.98,5436.5,5376.98,5434.4302,3648980000
2024-08-14,5442.3599,5463.2202,5415.9102,5455.21,3380050000
2024-08-15,5501.1299,5546.23,5501.1299,5543.2202,3723310000
2024-08-16,5530.5,5561.98,5525.1699,5554.25,3357690000
2024-08-19,5557.23,5608.2998,5550.7402,5608.25,3222050000
2024-08-20,5602.8799,5620.5098,5585.5,5597.1201,2994420000
2024-08-21,5603.0898,5632.6802,5591.5698,5620.8501,3119670000
2024-08-22,5637.77,5643.2202,5560.9502,5570.6401,2981530000
2024-08-23,5602.4902,5641.8198,5585.1602,5634.6099,3291940000
2024-08-26,5639.6602,5651.6201,5602.3398,5616.8398,2938570000
2024-08-27,5602.8901,5631.1802,5593.48,5625.7998,2798990000
2024-08-28,5624.5098,5627.0298,5560.9502,5592.1802,3053450000
2024-08-29,5607.2998,5646.9502,5583.71,5591.96,3065640000
2024-08-30,5612.7402,5651.3701,5581.79,5648.3999,4185850000
2024-09-03,5623.8901,5623.8901,5504.3301,5528.9302,3866350000
2024-09-04,5506.6802,5552.9902,5503.6602,5520.0698,3478140000
2024-09-05,5520.0801,5546.2998,5480.54,5503.4102,3521650000
2024-09-06,5507.3301,5522.4702,5402.6201,5408.4199,3822800000
2024-09-09,5442.0698,5484.2002,5434.4902,5471.0498,3825940000
2024-09-10,5490.5098,5497.9102,5441.7202,5495.52,3848180000
2024-09-11,5496.4199,5560.4102,5406.96,5554.1299,3839450000
2024-09-12,5557.48,5600.71,5535.5,5595.7598,3655070000
2024-09-13,5603.3398,5636.27,5601.6499,5626.02,3500790000
2024-09-16,5615.21,5636.0498,5604.5298,5633.0898,3437070000
2024-09-17,5655.5098,5670.8101,5614.0498,5634.5801,3443600000
2024-09-18,5641.6802,5689.75,5615.0801,5618.2598,3691390000
2024-09-19,5702.6299,5733.5698,5686.4199,5713.6401,4024530000
2024-09-20,5709.6401,5715.1401,5674.4902,5702.5498,7867260000
2024-09-23,5711.8999,5725.3599,5704.2202,5718.5698,3529550000
2024-09-24,5727.6602,5735.3198,5698.9902,5732.9302,3872710000
2024-09-25,5733.6499,5741.0298,5712.0601,5722.2598,3624910000
2024-09-26,5762.2202,5767.3701,5721.0098,5745.3701,4391180000
2024-09-27,5755.3599,5763.7798,5727.3398,5738.1699,3898530000
2024-09-30,5726.52,5765.1401,5703.5298,5762.48,4425730000
2024-10-01,5757.73,5757.73,5681.2798,5708.75,4025180000
2024-10-02,5698.1401,5719.6299,5674.0,5709.54,3829050000
2024-10-03,5698.1899,5718.7798,5677.3701,5699.9399,3597450000
2024-10-04,5737.48,5753.21,5702.8301,5751.0698,3479400000
2024-10-07,5737.7998,5739.3398,5686.8501,5695.9399,3637790000
2024-10-08,5719.1401,5757.6001,5714.5601,5751.1299,3393400000
2024-10-09,5751.7998,5796.7998,5745.02,5792.04,3650340000
2024-10-10,5778.3599,5795.0298,5764.7598,5780.0498,3208790000
2024-10-11,5775.0898,5822.1299,5775.0898,5815.0298,3208720000
2024-10-14,5829.8101,5871.4102,5829.5698,5859.8501,3005250000
2024-10-15,5866.7402,5870.3599,5804.48,5815.2598,3882120000
2024-10-16,5816.5801,5846.52,5808.3398,5842.4702,3467230000
2024-10-17,5875.6201,5878.46,5840.25,5841.4702,3480010000
2024-10-18,5859.4302,5872.1699,5846.1099,5864.6699,3374490000
2024-10-21,5857.8198,5866.9199,5824.79,5853.98,3407010000
2024-10-22,5832.7002,5863.04,5821.1699,5851.2002,3342080000
2024-10-23,5834.5,5834.8501,5762.4102,5797.4199,3532650000
2024-10-24,5817.7998,5817.7998,5784.9199,5809.8599,3543030000
2024-10-25,5826.75,5862.8198,5799.98,5808.1201,3501280000
2024-10-28,5833.9302,5842.9199,5823.0801,5823.52,3691280000
2024-10-29,5819.6802,5847.1899,5802.1699,5832.9199,3879100000
2024-10-30,5832.6499,5850.9399,5811.2798,5813.6699,3851120000
2024-10-31,5775.3398,5775.3398,5702.8599,5705.4502,4425660000
2024-11-01,5723.2202,5772.52,5723.2202,5728.7998,3796450000
2024-11-04,5725.1499,5741.4302,5696.5098,5712.6899,3602060000
2024-11-05,5722.4302,5783.4399,5722.1001,5782.7598,3768310000
2024-11-06,5864.8901,5936.1401,5864.8901,5929.04,6329530000
2024-11-07,5947.21,5983.8398,5947.21,5973.1001,4925740000
2024-11-08,5976.7598,6012.4502,5976.7598,5995.54,4666740000
2024-11-11,6008.8599,6017.3101,5986.6899,6001.3501,4333000000
2024-11-12,6003.6001,6009.9199,5960.0801,5983.9902,4243400000
2024-11-13,5985.75,6008.1899,5965.9102,5985.3799,4220180000
2024-11-14,5989.6802,5993.8799,5942.2798,5949.1699,4184570000
2024-11-15,5912.79,5915.3198,5853.0098,5870.6201,4590960000
2024-11-18,5874.1699,5908.1201,5865.9502,5893.6201,3983860000
2024-11-19,5870.0498,5923.5098,5855.29,5916.98,4036940000
2024-11-20,5914.3398,5920.6699,5860.5601,5917.1099,3772620000
2024-11-21,5940.5801,5963.3198,5887.2598,5948.71,4230120000
2024-11-22,5944.3599,5972.8999,5944.3599,5969.3398,4141420000
2024-11-25,5992.2798,6020.75,5963.9102,5987.3701,5633150000
2024-11-26,6000.0298,6025.4199,5992.27,6021.6299,3835170000
2024-11-27,6014.1099,6020.1602,5984.8701,5998.7402,3363340000
2024-11-29,6003.98,6044.1699,6003.98,6032.3799,2444420000
2024-12-02,6040.1099,6053.5801,6035.3301,6047.1499,4412470000
2024-12-03,6042.9702,6052.0698,6033.3901,6049.8799,4095000000
2024-12-04,6069.3901,6089.8398,6061.0601,6086.4902,4003390000
2024-12-05,6089.0298,6094.5498,6072.8999,6075.1099,4212020000
2024-12-06,6081.3799,6099.9702,6079.98,6090.27,3924830000
2024-12-09,6083.0098,6088.5098,6048.6299,6052.8501,4556460000
2024-12-10,6057.5898,6065.3999,6029.8901,6034.9102,4048410000
2024-12-11,6060.1499,6092.5898,6060.1499,6084.1899,4269950000
2024-12-12,6074.29,6079.6802,6051.25,6051.25,3678010000
2024-12-13,6068.1699,6078.5801,6035.77,6051.0898,3584960000
2024-12-16,6063.79,6085.1899,6059.1401,6074.0801,4391100000
2024-12-17,6052.5498,6057.6802,6035.1899,6050.6099,4544500000
2024-12-18,6047.6499,6070.6699,5867.79,5872.1602,5246960000
2024-12-19,5912.71,5935.52,5866.0698,5867.0801,4896880000
2024-12-20,5842.0,5982.0601,5832.2998,5930.8501,8223220000
2024-12-23,5940.25,5978.25,5902.5698,5974.0698,3593280000
2024-12-24,5984.6299,6040.1001,5981.4399,6040.04,1757720000
2024-12-26,6024.9702,6049.75,6007.3701,6037.5898,2904530000
2024-12-27,6006.1699,6006.1699,5932.9502,5970.8398,3159610000
2024-12-30,5920.6699,5940.79,5869.1602,5906.9399,3433250000
2024-12-31,5919.7402,5929.7402,5868.8599,5881.6299,3128350000
2025-01-02,5903.2598,5935.0898,5829.5298,5868.5498,3621680000
2025-01-03,5891.0698,5949.3398,5888.6602,5942.4702,3667340000
2025-01-06,5982.8101,6021.04,5960.0098,5975.3799,4940120000
2025-01-07,5993.2598,6000.6802,5890.6802,5909.0298,4517330000
2025-01-08,5910.6602,5927.8901,5874.7798,5918.25,4441740000
2025-01-10,5890.3501,5890.3501,5807.7798,5827.04,4751930000
2025-01-13,5782.02,5838.6099,5773.3101,5836.2202,4421200000
2025-01-14,5859.27,5871.9199,5805.4199,5842.9102,4142280000
2025-01-15,5905.21,5960.6099,5905.21,5949.9102,4544570000
2025-01-16,5963.6099,5964.6899,5930.7202,5937.3398,4285810000
2025-01-17,5995.3999,6014.96,5978.4399,5996.6602,4366830000
2025-01-21,6014.1201,6051.5098,6006.8799,6049.2402,4702920000
2025-01-22,6081.3901,6100.8101,6076.1299,6086.3701,4323040000
2025-01-23,6076.3198,6118.73,6074.6699,6118.71,4432250000
2025-01-24,6121.4302,6128.1802,6088.7402,6101.2402,4214250000
2025-01-27,5969.04,6017.1699,5962.9199,6012.2798,5198750000
2025-01-28,6026.9702,6074.54,5994.6299,6067.7002,4473640000
2025-01-29,6057.7002,6062.8301,6012.96,6039.3101,4115310000
2025-01-30,6050.75,6086.6401,6027.46,6071.1699,4634620000
2025-01-31,6096.79,6120.9102,6030.9302,6040.5298,4843770000
2025-02-03,5969.6499,6022.1299,5923.9302,5994.5698,4797210000
2025-02-04,5998.1401,6042.48,5990.8701,6037.8799,4410160000
2025-02-05,6020.4502,6062.8599,6007.0601,6061.48,4756250000
2025-02-06,6072.2202,6084.0298,6046.8301,6083.5698,4847120000
2025-02-07,6083.1299,6101.2798,6019.96,6025.9902,4766900000
2025-02-10,6046.3999,6073.3799,6044.8398,6066.4399,4458760000
2025-02-11,6049.3198,6076.2798,6042.3398,6068.5,4324880000
2025-02-12,6025.0801,6063.0,6003.0,6051.9702,4627960000
2025-02-13,6060.5898,6116.9102,6050.9502,6115.0698,4763800000
2025-02-14,6115.52,6127.4702,6107.6201,6114.6299,4335190000
2025-02-18,6121.6001,6129.6299,6099.5098,6129.5801,4684980000
2025-02-19,6117.7598,6147.4302,6111.1499,6144.1499,4562330000
2025-02-20,6134.5,6134.5,6084.5898,6117.52,4813690000
2025-02-21,6114.1001,6114.8198,6008.5601,6013.1299,5434560000
2025-02-24,6026.6899,6043.6499,5977.8301,5983.25,4990120000
2025-02-25,5982.73,5992.6499,5908.4902,5955.25,5374690000
2025-02-26,5970.8701,6009.8198,5932.6899,5956.0601,4869580000
2025-02-27,5981.8799,5993.6899,5858.7798,5861.5698,5057680000
2025-02-28,5856.7402,5959.3999,5837.6602,5954.5,6441140000
2025-03-03,5968.3301,5986.0898,5810.9102,5849.7202,5613850000
2025-03-04,5811.98,5865.0801,5732.5898,5778.1499,6138110000
2025-03-05,5781.3599,5860.5898,5742.3501,5842.6299,5285970000
2025-03-06,5785.8701,5812.0801,5711.6401,5738.52,5165080000
2025-03-07,5726.0098,5783.0098,5666.29,5770.2002,5705140000
2025-03-10,5705.3701,5705.3701,5564.02,5614.5601,6409370000
2025-03-11,5603.6499,5636.2998,5528.4102,5572.0698,6221240000
2025-03-12,5624.8398,5642.1899,5546.0898,5599.2998,5219830000
2025-03-13,5594.4502,5597.7798,5504.6499,5521.52,5018980000
2025-03-14,5563.8501,5645.27,5563.8501,5638.9399,4863180000
2025-03-17,5635.6001,5703.52,5631.1201,5675.1201,5031770000
2025-03-18,5654.5298,5654.5298,5597.7598,5614.6602,4666270000
2025-03-19,5632.3701,5715.3301,5622.2002,5675.29,4660090000
2025-03-20,5646.9199,5711.1499,5632.3301,5662.8901,4678420000
2025-03-21,5630.73,5670.8398,5603.1001,5667.5601,9367460000
2025-03-24,5718.0801,5775.1401,5718.0801,5767.5698,4517990000
2025-03-25,5775.96,5786.9502,5760.4199,5776.6499,4467340000
2025-03-26,5771.6602,5783.6201,5694.4102,5712.2002,4183140000
2025-03-27,5695.6401,5732.2798,5670.9399,5693.3101,4403460000
2025-03-28,5679.2002,5685.8901,5572.4199,5580.9399,4513330000
2025-03-31,5527.9102,5627.5601,5488.73,5611.8501,5257250000
2025-04-01,5597.5298,5650.5698,5558.52,5633.0698,4434500000
2025-04-02,5580.7598,5695.3101,5571.48,5670.9702,4243830000
2025-04-03,5492.7402,5499.5298,5390.8301,5396.52,7210470000
2025-04-04,5292.1401,5292.1401,5069.8999,5074.0801,8853500000
2025-04-07,4953.79,5246.5698,4835.04,5062.25,8691980000
2025-04-08,5193.5698,5267.4702,4910.4199,4982.77,7408140000
2025-04-09,4965.2798,5481.3398,4948.4302,5456.8999,9489600000
2025-04-10,5353.1499,5353.1499,5115.27,5268.0498,6677140000
2025-04-11,5255.5601,5381.46,5220.77,5363.3599,5602550000
2025-04-14,5441.96,5459.46,5358.02,5405.9702,5031440000
2025-04-15,5411.9902,5450.4102,5386.4399,5396.6299,4317110000
2025-04-16,5335.75,5367.2402,5220.79,5275.7002,4607750000
2025-04-17,5305.4502,5328.3101,5255.5801,5282.7002,4714880000
2025-04-21,5232.9399,5232.9399,5101.6299,5158.2002,4226340000
2025-04-22,5207.6699,5309.6099,5207.6699,5287.7598,4666950000
2025-04-23,5395.9199,5469.6899,5356.1699,5375.8599,5371390000
2025-04-24,5381.3799,5489.3999,5371.96,5484.77,4697710000
2025-04-25,5489.73,5528.1099,5455.8599,5525.21,4236580000
2025-04-28,5529.2202,5553.6602,5468.6401,5528.75,4257880000
2025-04-29,5508.8701,5571.9502,5505.7002,5560.8301,4747150000
2025-04-30,5499.4399,5581.8398,5433.2402,5569.0601,5449490000
2025-05-01,5625.1401,5658.9102,5597.3501,5604.1401,4935270000
2025-05-02,5645.8799,5700.7002,5642.2798,5686.6699,4854380000
2025-05-05,5655.3198,5683.3799,5634.48,5650.3799,4358260000
2025-05-06,5605.8701,5649.5801,5586.04,5606.9102,4717260000
2025-05-07,5614.1802,5654.73,5578.6401,5631.2798,4987440000
2025-05-08,5663.6001,5720.1001,5635.3799,5663.9399,5627400000
2025-05-09,5679.6499,5691.6899,5644.1499,5659.9102,4645090000
2025-05-12,5807.2002,5845.3701,5786.0801,5844.1899,6014580000
2025-05-13,5854.1499,5906.6401,5845.02,5886.5498,5516290000
2025-05-14,5896.7402,5906.5498,5872.1099,5892.5801,5233450000
2025-05-15,5869.8198,5924.21,5865.1602,5916.9302,4991290000
2025-05-16,5929.0898,5958.6201,5907.3599,5958.3799,4850850000
2025-05-19,5902.8799,5968.6099,5895.6899,5963.6001,4144010000
2025-05-20,5944.6602,5953.0601,5909.2598,5940.46,4416850000
2025-05-21,5910.1802,5938.3701,5830.9102,5844.6099,5254250000
2025-05-22,5841.2598,5878.0801,5825.8198,5842.0098,5157050000
2025-05-23,5781.8901,5829.5098,5767.4102,5802.8198,4662820000
2025-05-27,5854.0698,5924.3301,5854.0698,5921.54,5366380000
2025-05-28,5925.54,5939.9199,5881.8799,5888.5498,4665050000
2025-05-29,5939.96,5943.1299,5873.7998,5912.1699,4569750000
2025-05-30,5903.6699,5922.1401,5843.6602,5911.6899,6378540000
2025-06-02,5896.6802,5937.3999,5861.4302,5935.9399,4832240000
2025-06-03,5938.5601,5981.3501,5929.0,5970.3701,5026680000
2025-06-04,5978.9399,5990.48,5966.1099,5970.8101,4767050000
2025-06-05,5985.6699,5999.7002,5921.2002,5939.2998,5091850000
2025-06-06,5987.0601,6016.8701,5978.6299,6000.3599,4355710000
2025-06-09,6004.6299,6021.3101,5994.1802,6005.8799,4642360000
2025-06-10,6009.9102,6043.0098,6000.2798,6038.8101,4882880000
2025-06-11,6049.3799,6059.3999,6002.3198,6022.2402,5111550000
2025-06-12,6009.8999,6045.4302,6003.8799,6045.2598,4669500000
2025-06-13,6000.5601,6026.1602,5963.21,5976.9702,5258910000
2025-06-16,6004.0,6050.8301,6004.0,6033.1099,5111710000
2025-06-17,6012.1499,6023.25,5974.7998,5982.7202,4955700000
2025-06-18,5987.9302,6018.25,5971.8901,5980.8701,5106470000
2025-06-20,5999.6699,6018.2002,5952.5601,5967.8398,7451500000
2025-06-23,5969.6699,6028.77,5943.23,6025.1699,5597000000
2025-06-24,6061.21,6101.7598,6059.25,6092.1802,5443690000
2025-06-25,6104.23,6108.5098,6080.0898,6092.1602,5171110000
2025-06-26,6112.0898,6146.52,6107.27,6141.02,5308140000
2025-06-27,6150.7002,6187.6802,6132.3501,6173.0698,7889350000
2025-06-30,6193.3599,6215.0801,6174.9702,6204.9502,5782900000
2025-07-01,6187.25,6210.7798,6177.9702,6198.0098,6275310000
2025-07-02,6193.8799,6227.6001,6188.29,6227.4199,5645710000
2025-07-03,6246.46,6284.6499,6246.46,6279.3501,3378110000
2025-07-07,6259.04,6262.0698,6201.0,6229.98,5236740000
2025-07-08,6234.0298,6242.7002,6217.75,6225.52,5739030000
2025-07-09,6243.3301,6269.1602,6231.4302,6263.2598,4813340000
2025-07-10,6266.7998,6290.2202,6251.4399,6280.46,5367350000
2025-07-11,6255.6802,6269.4399,6237.6001,6259.75,4656210000
2025-07-14,6255.1499,6273.3101,6239.2202,6268.5601,4722250000
2025-07-15,6295.29,6302.04,6241.6802,6243.7598,5133670000
2025-07-16,6254.5,6268.1201,6201.5898,6263.7002,5177460000
2025-07-17,6263.3999,6304.6899,6262.27,6297.3599,5512290000
2025-07-18,6312.9502,6315.6099,6285.27,6296.79,5184700000
2025-07-21,6304.7402,6336.0801,6303.79,6305.6001,5010840000
2025-07-22,6306.6001,6316.1201,6281.71,6309.6201,5662040000
2025-07-23,6326.8999,6360.6401,6317.4902,6358.9102,5642510000
2025-07-24,6368.6001,6381.3101,6360.5698,6363.3501,5282720000
2025-07-25,6370.0098,6395.8198,6368.5298,6388.6401,4470720000
2025-07-28,6397.6899,6401.0698,6375.79,6389.77,4565620000
2025-07-29,6405.6201,6409.2598,6363.9199,6370.8599,5076120000
2025-07-30,6381.23,6396.54,6336.3799,6362.8999,5375070000
2025-07-31,6427.02,6427.02,6327.6401,6339.3901,6077080000
2025-08-01,6287.2798,6287.2798,6212.6899,6238.0098,5827150000
2025-08-04,6271.71,6330.6899,6271.71,6329.9399,4842580000
2025-08-05,6336.6299,6346.0,6289.3701,6299.1899,5517410000
2025-08-06,6309.2998,6352.8301,6301.1099,6345.0601,5408560000
2025-08-07,6374.3198,6389.71,6310.3198,6340.0,5306090000
2025-08-08,6355.2202,6395.1602,6355.2202,6389.4502,4769910000
2025-08-11,6389.6699,6407.25,6364.0601,6373.4502,4652400000
2025-08-12,6395.1699,6446.5498,6385.7598,6445.7598,5135300000
2025-08-13,6462.6699,6480.2798,6445.02,6466.5801,5195950000
2025-08-14,6453.46,6473.9199,6441.0698,6468.54,4462050000
2025-08-15,6477.3799,6481.3398,6441.8501,6449.7998,4575060000
2025-08-18,6445.02,6455.3501,6437.7002,6449.1499,4162290000
2025-08-19,6446.2402,6456.48,6400.2202,6411.3701,4377440000
2025-08-20,6406.6201,6408.3999,6343.8599,6395.7798,4470390000
2025-08-21,6380.8301,6393.6499,6352.71,6370.1699,4013560000
2025-08-22,6384.5898,6478.8901,6384.5898,6466.9102,5046860000
2025-08-25,6457.6699,6466.8901,6438.0601,6439.3198,4059070000
2025-08-26,6435.4902,6468.3701,6429.21,6465.9399,4867680000
2025-08-27,6462.2598,6487.0601,6457.8398,6481.3999,4143680000
2025-08-28,6483.8398,6508.23,6466.96,6501.8599,4283760000
2025-08-29,6489.2798,6491.7598,6444.5698,6460.2598,4234840000
2025-09-02,6401.5098,6416.54,6360.5801,6415.54,4784000000
2025-09-03,6445.8198,6453.6699,6416.1699,6448.2598,4465360000
2025-09-04,6456.6001,6502.54,6445.98,6502.0801,4670770000
2025-09-05,6529.0801,6532.6499,6443.98,6481.5,5066120000
2025-09-08,6498.0898,6508.6699,6483.29,6495.1499,5211500000
2025-09-09,6503.3301,6518.23,6483.0801,6512.6099,4798350000
2025-09-10,6550.29,6555.9702,6516.3398,6532.04,5253010000
2025-09-11,6554.4102,6592.8901,6545.7998,6587.4702,5426460000
2025-09-12,6590.6602,6600.21,6579.4902,6584.29,4641640000
2025-09-15,6603.4902,6619.6201,6602.0698,6615.2798,5045020000
2025-09-16,6624.1299,6626.9902,6600.1099,6606.7598,5359510000
2025-09-17,6604.8701,6624.3901,6551.1499,6600.3501,5805340000
2025-09-18,6626.8501,6656.7998,6611.8901,6631.96,5292400000
2025-09-19,6647.1099,6671.8198,6630.3101,6664.3599,9125960000
2025-09-22,6654.2798,6698.8799,6648.0698,6693.75,5642620000
2025-09-23,6692.4399,6699.52,6645.5801,6656.9199,5633620000
2025-09-24,6669.79,6672.6602,6621.7598,6637.9702,5459180000
2025-09-25,6608.1899,6619.0,6569.2202,6604.7202,5874670000
2025-09-26,6615.3799,6648.9702,6604.4302,6643.7002,5103110000
2025-09-29,6661.5801,6677.3101,6644.4902,6661.21,5358760000
2025-09-30,6656.1899,6691.25,6641.0,6688.46,6057210000
2025-10-01,6664.9199,6718.48,6656.2002,6711.2002,6037950000
2025-10-02,6731.3101,6731.9399,6693.23,6715.3501,5416130000
2025-10-03,6722.1401,6750.8701,6705.6699,6715.79,5713110000
2025-10-06,6733.8599,6749.52,6717.7798,6740.2798,5604460000
2025-10-07,6746.1401,6754.4902,6699.96,6714.5898,5546150000
2025-10-08,6723.8701,6755.6401,6718.0898,6753.7202,5383130000
2025-10-09,6760.5,6764.5801,6716.1699,6735.1099,5385020000
2025-10-10,6740.4902,6762.3999,6550.7798,6552.5098,6596610000
2025-10-13,6622.5298,6668.6802,6620.71,6654.7202,5303960000
2025-10-14,6602.4902,6680.7002,6555.0698,6644.3101,5666920000
2025-10-15,6688.27,6724.1201,6612.1099,6671.0601,5633060000
2025-10-16,6689.02,6709.3398,6593.9902,6629.0698,6048180000
2025-10-17,6613.27,6678.8799,6603.7598,6664.0098,5358120000
2025-10-20,6690.0498,6744.3501,6690.0498,6735.1299,4672170000
2025-10-21,6736.75,6752.1602,6722.0298,6735.3501,5245020000
2025-10-22,6741.3398,6741.75,6655.6899,6699.3999,5710010000
2025-10-23,6703.6499,6749.5298,6700.1401,6738.4399,5565750000
2025-10-24,6772.0698,6807.1099,6772.0698,6791.6899,5058220000
2025-10-27,6845.46,6877.2798,6843.9399,6875.1602,5290650000
2025-10-28,6897.7402,6911.2998,6870.73,6890.8901,5695930000
2025-10-29,6910.9502,6920.3398,6851.9102,6890.5898,6280130000
2025-10-30,6860.5,6880.75,6820.6899,6822.3398,6052700000
2025-10-31,6879.1699,6879.1699,6814.2598,6840.2002,6398280000
2025-11-03,6882.3198,6882.3198,6820.6201,6851.9702,6065720000
2025-11-04,6788.52,6820.21,6766.71,6771.5498,5739510000
2025-11-05,6769.77,6829.7798,6763.1099,6796.29,5939600000
2025-11-06,6787.5898,6796.6802,6707.5098,6720.3198,6051900000
2025-11-07,6696.1802,6730.1099,6631.4399,6728.7998,5926070000
2025-11-10,6785.3599,6841.3198,6770.5601,6832.4302,5366050000
2025-11-11,6815.6401,6855.1299,6806.8701,6846.6099,4983490000
2025-11-12,6867.77,6869.9102,6829.6201,6850.9199,5293610000
2025-11-13,6826.4702,6828.0498,6724.7202,6737.4902,5473720000
2025-11-14,6672.1401,6774.3101,6646.8701,6734.1099,5042660000
2025-11-17,6713.6099,6754.5,6638.8999,6672.4102,5204220000
2025-11-18,6641.1899,6666.6299,6574.3198,6617.3198,5159390000
2025-11-19,6625.8398,6689.75,6603.5,6642.1602,5021610000
2025-11-20,6737.9302,6770.3501,6534.0498,6538.7598,5596080000
2025-11-21,6555.77,6660.0498,6521.9199,6602.9902,5929930000
2025-11-24,6636.54,6715.75,6630.7002,6705.1201,6039740000
2025-11-25,6697.0298,6776.3999,6659.98,6765.8799,5003330000
2025-11-26,6793.5498,6831.4399,6783.8701,6812.6099,4485000000
2025-11-28,6822.52,6850.8599,6819.75,6849.0898,2558540000
2025-12-01,6812.2998,6843.6499,6799.9399,6812.6299,4549370000
2025-12-02,6830.96,6851.5498,6806.71,6829.3701,4582290000
2025-12-03,6815.29,6862.4199,6810.4302,6849.7202,4736780000
2025-12-04,6866.4702,6866.4702,6827.1201,6857.1201,4872440000
2025-12-05,6866.3198,6895.7798,6858.29,6870.3999,4944560000
2025-12-08,6875.2002,6878.27,6827.1899,6846.5098,4757130000
2025-12-09,6840.6099,6864.9199,6837.4302,6840.5098,4508050000
2025-12-10,6833.4902,6900.6699,6824.6899,6886.6802,5526570000
2025-12-11,6861.2998,6903.46,6833.4502,6901.0,5021060000
2025-12-12,6886.8501,6899.8501,6801.79,6827.4102,4910160000
2025-12-15,6860.1899,6861.5898,6801.4902,6816.5098,4975600000
2025-12-16,6800.1201,6819.27,6759.7402,6800.2598,4983180000
2025-12-17,6802.8799,6812.2598,6720.4302,6721.4302,5122120000
2025-12-18,6778.0601,6816.1299,6758.5,6774.7598,5101190000
2025-12-19,6792.6201,6840.02,6792.6201,6834.5,8554470000
2025-12-22,6865.21,6882.0298,6855.7402,6878.4902,4465030000
2025-12-23,6872.4102,6910.8799,6868.8101,6909.79,3820560000
2025-12-24,6904.9102,6937.3198,6904.9102,6932.0498,1798270000
2025-12-26,6936.02,6945.77,6921.6001,6929.9399,2586550000
2025-12-29,6903.6001,6920.21,6888.7598,6905.7402,3541750000
2025-12-30,6900.4399,6913.25,6893.4702,6896.2402,3309930000
2025-12-31,6898.8198,6901.4199,6844.5498,6845.5,3261830000
2026-01-02,6878.1099,6894.8701,6824.3101,6858.4702,4184120000
2026-01-05,6892.1899,6920.3799,6891.5601,6902.0498,5771930000
2026-01-06,6908.0298,6948.6899,6904.02,6944.8198,5509680000
2026-01-07,6945.0698,6965.6899,6919.1899,6920.9302,5214480000
2026-01-08,6914.1099,6931.2798,6899.3301,6921.46,5333200000
2026-01-09,6927.8301,6978.3599,6917.6401,6966.2798,5163900000
2026-01-12,6944.1201,6986.3301,6934.0698,6977.27,5019040000
2026-01-13,6977.4102,6985.8301,6938.77,6963.7402,5091730000
2026-01-14,6937.4102,6941.2998,6885.7402,6926.6001,5530830000
2026-01-15,6969.46,6979.3398,6937.9302,6944.4702,5114050000
2026-01-16,6960.54,6967.2998,6925.0898,6940.0098,5356550000
2026-01-20,6865.2402,6871.1699,6789.0498,6796.8599,5769500000
2026-01-21,6810.71,6910.3901,6804.96,6875.6201,5835520000
2026-01-22,6914.4399,6934.75,6893.6201,6913.3501,5307580000
2026-01-23,6907.8501,6932.96,6895.5,6915.6099,4871930000
2026-01-26,6923.23,6964.6602,6921.6001,6950.23,4968050000
2026-01-27,6965.96,6988.8198,6958.8301,6978.6001,5331720000
2026-01-28,7002.0,7002.2798,6963.46,6978.0298,5507670000
2026-01-29,6977.7402,6992.8398,6870.7998,6969.0098,6877780000
2026-01-30,6947.27,6964.0898,6893.48,6939.0298,6697340000
2026-02-02,6916.6401,6991.9199,6914.3398,6976.4399,5772050000
2026-02-03,6985.4502,6993.0801,6862.0498,6917.8101,7017660000
2026-02-04,6924.5,6936.0898,6838.7998,6882.7202,7475750000
2026-02-05,6837.3901,6857.8501,6780.1299,6798.3999,6989120000
2026-02-06,6816.7402,6944.8901,6816.7402,6932.2998,6283680000
2026-02-09,6917.2598,6980.1001,6905.8701,6964.8198,5650260000
2026-02-10,6974.4902,6986.8301,6937.5298,6941.8101,5595950000
2026-02-11,6976.48,6993.48,6911.9702,6941.4702,6175510000
2026-02-12,6957.54,6973.2202,6824.04,6832.7598,7118700000
2026-02-13,6834.27,6881.96,6794.5498,6836.1699,5718360000
2026-02-17,6819.8599,6866.9902,6775.5,6843.2202,5418480000
2026-02-18,6855.48,6909.1201,6849.6602,6881.3101,5098160000
2026-02-19,6861.3398,6879.1201,6833.0601,6861.8901,5151690000
2026-02-20,6843.2598,6915.8599,6836.3301,6909.5098,5432480000
2026-02-23,6901.25,6916.96,6819.8198,6837.75,5638350000
2026-02-24,6837.3701,6899.1699,6815.4302,6890.0698,5266090000
2026-02-25,6915.1499,6952.5098,6915.1499,6946.1299,5328060000
2026-02-26,6944.7402,6947.25,6859.73,6908.8599,5889550000
2026-02-27,6856.54,6882.96,6831.7402,6878.8799,6665660000
2026-03-02,6824.3599,6901.0098,6796.8501,6881.6201,6079080000
2026-03-03,6800.2598,6840.0498,6710.4199,6816.6299,6442080000
2026-03-04,6831.6899,6885.9399,6811.6401,6869.5,5252170000
2026-03-05,6851.0801,6870.4302,6770.7798,6830.71,5989300000
2026-03-06,6769.0298,6773.4199,6711.5601,6740.02,5793120000
2026-03-09,6699.7998,6810.4399,6636.04,6795.9902,6709410000
2026-03-10,6796.5601,6845.0801,6759.7402,6781.48,5944950000
2026-03-11,6790.0898,6811.1499,6745.5898,6775.7998,5511090000
2026-03-12,6740.8799,6740.8799,6670.3999,6672.6201,6292170000
2026-03-13,6673.4902,6733.2998,6623.9199,6632.1899,5337120000
2026-03-16,6674.3701,6729.79,6674.3701,6699.3799,5176290000
2026-03-17,6722.3501,6754.2998,6710.7998,6716.0898,5063390000
2026-03-18,6697.1602,6705.1802,6621.6602,6624.7002,5275480000
2026-03-19,6583.1201,6636.7402,6557.8198,6606.4902,5973390000
2026-03-20,6594.6602,6594.6602,6473.52,6506.48,10025820000
2026-03-23,6574.96,6651.6201,6565.5498,6581.0,6020650000
2026-03-24,6552.0898,6595.75,6525.1099,6556.3701,5278580000
2026-03-25,6598.3501,6633.9399,6568.4102,6591.8999,4936720000
2026-03-26,6555.8599,6573.2202,6473.79,6477.1602,4845560000
2026-03-27,6453.8901,6453.8901,6356.0801,6368.8501,5303490000
2026-03-30,6403.3701,6427.3101,6316.9102,6343.7202,5458640000
2026-03-31,6395.8799,6539.0498,6395.8799,6528.52,6396100000
2026-04-01,6556.5601,6609.6699,6554.29,6575.3198,5637260000
2026-04-02,6512.6099,6601.9102,6474.9399,6582.6899,4740740000
2026-04-06,6587.6602,6618.1299,6579.7202,6611.8301,3906440000
2026-04-07,6601.9302,6618.2598,6534.5498,6616.8501,4555680000
2026-04-08,6754.3599,6793.5,6740.2798,6782.8101,5904880000
2026-04-09,6783.6899,6835.3101,6761.5498,6824.6602,4912410000
2026-04-10,6839.2402,6845.77,6808.46,6816.8901,4393220000
2026-04-13,6806.4702,6887.0,6790.02,6886.2402,4785840000
2026-04-14,6910.2002,6969.4199,6905.1699,6967.3799,5032380000
2026-04-15,6978.1699,7026.2402,6967.1299,7022.9502,5278610000
2026-04-16,7037.7798,7051.23,7008.52,7041.2798,5173650000
2026-04-17,7074.5498,7147.52,7074.5498,7126.0601,6145300000
2026-04-20,7117.0498,7122.6499,7084.4102,7109.1401,4661130000
2026-04-21,7122.6401,7137.27,7050.2002,7064.0098,5160270000
2026-04-22,7102.9102,7138.6401,7102.9102,7137.8999,4919460000
2026-04-23,7118.7998,7147.7798,7046.5498,7108.3999,5307260000
2026-04-24,7136.48,7168.5898,7112.8198,7165.0801,4608830000
2026-04-27,7152.7202,7178.7402,7146.7202,7173.9102,4783750000
2026-04-28,7133.7402,7152.52,7115.1699,7138.7998,4900650000
2026-04-29,7131.6099,7145.6299,7107.8599,7135.9502,5123100000
2026-04-30,7161.75,7219.8301,7126.1499,7209.0098,5723790000
2026-05-01,7234.54,7272.52,7229.3198,7230.1201,4847390000
2026-05-04,7228.3799,7244.54,7174.1201,7200.75,5215480000
2026-05-05,7233.6201,7273.2598,7233.6201,7259.2202,5279760000
2026-05-06,7294.1401,7369.2202,7294.1401,7365.1201,6579640000
2026-05-07,7376.7798,7385.02,7321.25,7337.1099,6237040000
2026-05-08,7362.9702,7401.5,7362.9702,7398.9302,5302740000
2026-05-11,7385.3101,7428.9702,7384.2002,7412.8398,5821910000
2026-05-12,7390.6299,7409.5698,7338.54,7400.96,5624790000
2026-05-13,7409.1201,7460.04,7375.1299,7444.25,5716600000
2026-05-14,7454.3999,7517.1201,7454.3999,7501.2402,5267050000
2026-05-15,7445.1099,7454.8501,7397.5,7408.5,5582070000
2026-05-18,7415.0698,7434.0601,7353.1699,7403.0498,5489500000
2026-05-19,7375.75,7395.3198,7333.6802,7353.6099,5441140000
2026-05-20,7369.1899,7435.6899,7357.46,7432.9702,5384150000
2026-05-21,7410.7798,7465.96,7389.48,7445.7202,5440620000
2026-05-22,7468.8198,7506.3198,7463.29,7473.4702,4952440000
2026-05-26,7511.79,7539.0898,7501.1001,7519.1201,5496060000
2026-05-27,7526.0098,7530.7202,7499.7202,7520.3599,5524250000
2026-05-28,7519.8198,7568.7202,7508.04,7563.6299,5494860000
2026-05-29,7579.3301,7599.3799,7563.5498,7580.0601,7858290000
2026-06-01,7582.29,7617.6602,7562.6099,7599.96,6583960000
2026-06-02,7595.3999,7620.8999,7582.9902,7609.7798,5904410000
2026-06-03,7605.3101,7605.3501,7551.2202,7553.6802,5753860000
2026-06-04,7516.54,7598.1899,7516.54,7584.3101,5398910000
2026-06-05,7537.3599,7541.8101,7368.6299,7383.7402,5591290000
