Date,Open,High,Low,Close,Volume
2005-01-03,30.7956,30.9421,30.4864,30.5135,3157300
2005-01-04,30.7034,30.8336,30.0796,30.1067,4277600
2005-01-05,30.2314,30.481,30.1067,30.4213,3393900
2005-01-06,30.3779,30.8065,30.3182,30.6654,2940100
2005-01-07,30.6654,30.7576,30.4701,30.519,2948600
2005-01-10,30.4322,30.9692,30.3237,30.8878,2908000
2005-01-11,30.8878,30.9855,30.5949,30.9367,3392100
2005-01-12,30.9584,31.3706,30.8607,31.3435,4472700
2005-01-13,31.2079,31.3272,30.6003,30.6058,3659900
2005-01-14,30.5678,31.0831,30.5298,31.056,3207400
2005-01-18,31.056,31.2893,30.7088,31.2133,3080100
2005-01-19,31.1536,31.2893,30.8987,30.9204,2463400
2005-01-20,30.9204,31.1102,30.4376,30.6112,3297300
2005-01-21,30.4864,30.5515,29.9873,30.009,3470600
2005-01-24,30.1338,30.2043,29.7487,29.7487,3075500
2005-01-25,30.0253,30.2152,29.7161,29.7541,3015800
2005-01-26,30.5135,31.0126,30.047,30.1067,6320300
2005-01-27,29.9711,30.2803,29.8626,30.1447,3915200
2005-01-28,30.0253,30.0253,28.6746,29.0652,5922500
2005-01-31,29.152,29.6727,29.1031,29.4232,4901300
2005-02-01,29.4286,29.7107,29.2116,29.7053,2690100
2005-02-02,29.6293,30.1013,29.5208,29.9114,2721700
2005-02-03,29.9114,29.944,29.6239,29.7649,3401500
2005-02-04,29.6781,30.0253,29.5642,29.8517,2220300
2005-02-07,29.9874,30.4647,29.9168,30.2369,2045600
2005-02-08,29.9439,30.1609,29.868,30.0524,2800300
2005-02-09,30.2152,30.443,29.6076,29.6456,2539100
2005-02-10,29.8246,29.8355,29.5642,29.727,1982000
2005-02-11,29.8471,30.9669,29.8253,30.3169,2713900
2005-02-14,30.5627,30.5791,30.0656,30.2623,2105300
2005-02-15,30.1804,30.5354,30.0165,30.4644,3362100
2005-02-16,30.3278,30.5026,30.0656,30.2787,2534800
2005-02-17,30.2022,30.4207,30.0492,30.1148,2760300
2005-02-18,30.1694,30.1694,29.6887,29.8253,4445700
2005-02-22,29.8635,30.0984,29.7707,29.8034,3842100
2005-02-23,29.8799,30.0656,29.8034,29.9509,2189200
2005-02-24,30.0055,30.1476,29.8089,30.1093,2534600
2005-02-25,30.0602,30.5245,30.011,30.4972,2425400
2005-02-28,30.5136,30.7539,30.1858,30.59,3016200
2005-03-01,30.6993,30.9396,30.5737,30.8577,2692100
2005-03-02,30.6337,31.1363,30.519,30.7812,2889100
2005-03-03,30.9178,30.9178,30.3497,30.672,1933300
2005-03-04,30.9451,31.0817,30.601,31.0052,3032000
2005-03-07,31.1308,31.3603,31.038,31.3111,2819500
2005-03-08,31.2892,31.3657,30.8741,30.9943,2699900
2005-03-09,30.7266,30.7922,30.2077,30.3715,4725200
2005-03-10,30.3715,30.5354,30.1366,30.3497,3238700
2005-03-11,30.4371,30.4535,29.8799,29.9618,3217300
2005-03-14,29.9837,30.0438,29.2408,29.3337,5856400
2005-03-15,29.4702,29.4975,28.7601,28.7874,4783900
2005-03-16,28.8093,28.9349,28.3067,28.5634,4564800
2005-03-17,28.5634,28.7874,28.3122,28.5307,3998600
2005-03-18,28.5307,28.7601,28.2138,28.6891,5215200
2005-03-21,28.6891,28.7601,28.3886,28.3941,2254100
2005-03-22,28.3996,28.6672,28.2958,28.3176,3315600
2005-03-23,28.2958,28.9786,28.2138,28.8311,5705600
2005-03-24,28.8693,29.208,28.8202,28.8967,3108000
2005-03-28,28.9021,28.9076,28.4378,28.8147,3254800
2005-03-29,28.7055,28.7328,28.0336,28.2576,5910700
2005-03-30,28.6508,28.8584,28.416,28.8256,3819200
2005-03-31,28.8256,28.8256,28.4323,28.4597,2884400
2005-04-01,28.5689,28.7055,27.9079,27.9626,4281900
2005-04-04,28.1428,28.2685,27.9025,28.039,4251800
2005-04-05,28.1975,29.1152,28.1975,29.066,4651600
2005-04-06,29.1425,29.361,28.8475,29.2572,4341400
2005-04-07,29.0824,29.7379,29.0059,29.4975,4335400
2005-04-08,29.5795,29.8635,29.503,29.6669,4089100
2005-04-11,29.6669,29.869,29.503,29.6996,2860200
2005-04-12,29.5249,29.5522,28.8967,29.3992,5428200
2005-04-13,29.3883,31.6279,29.1916,31.2018,17838600
2005-04-14,31.0707,31.1854,30.1257,30.1312,15798400
2005-04-15,32.6658,32.7149,31.3712,31.7208,33421300
2005-04-18,31.7645,32.349,31.5514,32.2288,12307300
2005-04-19,32.2288,32.6002,32.2288,32.4746,5896200
2005-04-20,32.3654,32.6112,31.688,31.6935,7336300
2005-04-21,32.2124,32.2233,31.6989,31.9557,5615400
2005-04-22,31.8191,32.0868,31.6935,31.901,3968900
2005-04-25,31.9721,32.3326,31.901,32.1032,4128300
2005-04-26,31.8191,32.2233,31.7536,31.901,3592800
2005-04-27,31.7918,31.841,31.251,31.8082,3413800
2005-04-28,31.8082,31.9557,31.2729,31.6825,3765300
2005-04-29,31.759,31.9393,31.5187,31.9393,4391200
2005-05-02,32.0649,32.2834,31.6443,32.1796,3552400
2005-05-03,32.2288,32.7641,32.1851,32.6385,5701800
2005-05-04,32.7641,33.0318,32.5074,32.9171,5656500
2005-05-05,32.8297,33.1247,32.6549,33.0154,3436200
2005-05-06,33.0864,33.3104,32.857,32.8734,4744800
2005-05-09,32.8188,32.8188,32.4692,32.644,3696600
2005-05-10,32.4528,32.5784,32.2725,32.2998,3303900
2005-05-11,32.1129,32.4263,32.0139,32.2998,2655700
2005-05-12,32.3548,32.8221,32.3273,32.5417,2666700
2005-05-13,32.2338,32.5582,32.0029,32.3053,3003400
2005-05-16,32.3988,32.8221,32.3273,32.6572,2011500
2005-05-17,32.6736,32.7781,32.3768,32.7451,1858300
2005-05-18,32.987,33.3939,32.943,33.185,5411500
2005-05-19,33.3224,33.4433,32.7671,32.954,3866200
2005-05-20,32.9321,32.9321,32.2228,32.3823,5058200
2005-05-23,32.2668,32.7011,32.0799,32.2833,2943400
2005-05-24,31.915,32.5967,31.915,32.2283,2715500
2005-05-25,32.2998,32.4647,32.0579,32.2723,2958400
2005-05-26,32.3163,32.6901,32.2888,32.4922,2621000
2005-05-27,32.4262,32.5802,32.1898,32.4647,2330900
2005-05-31,32.4702,32.5582,32.0359,32.0524,3970200
2005-06-01,32.0524,32.3108,31.8875,32.1349,3177700
2005-06-02,32.0029,32.0744,31.8875,31.9919,1737200
2005-06-03,31.9589,32.0744,31.695,31.695,3358800
2005-06-06,31.75,32.0139,31.5961,31.717,2193900
2005-06-07,31.9589,32.3988,31.695,31.695,3272500
2005-06-08,31.8875,31.9095,31.3927,31.5411,3352200
2005-06-09,31.6016,31.75,31.3102,31.3762,3242300
2005-06-10,31.5466,31.6676,31.1947,31.3322,2319500
2005-06-13,31.3432,31.6841,31.0628,31.5026,2349900
2005-06-14,31.4586,31.882,31.3981,31.695,2494900
2005-06-15,31.8435,31.86,31.2387,31.5356,2178400
2005-06-16,31.7665,32.1953,31.6621,32.0854,3382800
2005-06-17,32.3878,32.4262,32.0029,32.1733,3758100
2005-06-20,31.9974,32.1898,31.761,31.915,3087500
2005-06-21,31.915,32.1844,31.871,31.9534,2350100
2005-06-22,31.9974,32.1679,31.805,32.0634,2413400
2005-06-23,31.9974,32.1349,31.6236,31.6236,2511500
2005-06-24,31.5576,31.5741,31.2827,31.2882,2574400
2005-06-27,31.1178,31.3212,30.9418,31.0298,2571400
2005-06-28,31.2277,31.2827,30.8374,31.1507,3142600
2005-06-29,31.2387,31.2442,30.9363,30.9528,2747900
2005-06-30,31.0463,31.0573,30.524,30.6285,4200600
2005-07-01,30.634,30.7769,30.3536,30.469,2667600
2005-07-05,30.3151,30.7109,30.2436,30.634,2325900
2005-07-06,30.6504,30.8649,30.3096,30.5845,2907600
2005-07-07,30.1007,30.4525,30.1007,30.3536,3977200
2005-07-08,30.469,31.0023,30.3426,30.9253,3461600
2005-07-11,31.1727,31.1892,30.9308,31.1288,2572200
2005-07-12,31.1233,31.2442,30.8209,31.0353,3740900
2005-07-13,30.9309,31.0628,30.8264,30.9968,2534700
2005-07-14,30.9913,31.3377,30.9418,31.3047,2977700
2005-07-15,31.1178,31.4091,31.0188,31.1507,4452000
2005-07-18,31.1343,31.2717,30.9198,31.2277,1961400
2005-07-19,31.4201,31.5026,31.1288,31.1837,2879100
2005-07-20,31.2442,31.5576,31.1507,31.4806,2964600
2005-07-21,30.9308,31.2387,30.7879,30.9253,6380400
2005-07-22,30.6504,30.7824,30.1227,30.2381,6476600
2005-07-25,30.3206,30.392,29.9687,30.1007,3821500
2005-07-26,30.1996,30.2381,29.8807,29.8862,2549400
2005-07-27,29.9082,30.3151,29.8917,30.1886,3047000
2005-07-28,30.4305,30.6669,30.2271,30.48,2903400
2005-07-29,30.7714,31.0683,30.7329,30.9638,5133200
2005-08-01,30.9693,31.3377,30.9528,31.1672,4310100
2005-08-02,30.8979,30.9418,30.623,30.7934,7288000
2005-08-03,30.5405,30.6504,29.9962,30.2051,6182200
2005-08-04,30.1007,30.2051,29.5564,29.6334,5871800
2005-08-05,29.6553,29.6773,29.1385,29.3859,5420700
2005-08-08,29.3914,29.4629,29.0506,29.1935,3809100
2005-08-09,29.276,29.7323,29.2265,29.6004,3490500
2005-08-10,29.6993,29.9137,29.5124,29.6334,3459200
2005-08-11,29.8271,29.8271,29.6223,29.6998,3211800
2005-08-12,29.5448,29.7164,29.4617,29.5724,2238900
2005-08-15,29.5946,29.6444,29.3454,29.3731,2237600
2005-08-16,29.4174,29.4728,29.1406,29.1959,3796600
2005-08-17,29.1516,29.4672,28.9855,29.2236,3847000
2005-08-18,29.1018,29.1516,28.7807,29.0797,3944500
2005-08-19,29.4008,29.4119,29.0409,29.1074,3906700
2005-08-22,29.2347,29.4506,28.9689,29.1849,3117400
2005-08-23,29.6223,29.9711,29.5282,29.7441,8028400
2005-08-24,29.7994,29.9268,29.4562,29.5614,4620200
2005-08-25,29.4617,29.6887,29.3787,29.6223,3425200
2005-08-26,29.6223,29.7109,29.2347,29.5724,4038700
2005-08-29,29.578,29.9988,29.4673,29.9213,3023100
2005-08-30,29.8438,29.9545,29.65,29.9379,3803600
2005-08-31,29.9379,30.4916,29.8991,30.4639,5710800
2005-09-01,30.3088,30.4362,29.9988,30.1815,3396800
2005-09-02,30.3421,30.4417,30.1483,30.3144,2571200
2005-09-06,30.4528,30.8016,30.4196,30.8016,2755300
2005-09-07,30.8072,31.2058,30.7462,31.2058,3631400
2005-09-08,31.0065,31.3609,30.9345,31.2557,3879100
2005-09-09,31.3332,31.527,31.156,31.4051,2114500
2005-09-12,31.3276,31.61,31.2999,31.5325,2292400
2005-09-13,31.3664,31.3664,30.6909,30.7407,3936500
2005-09-14,30.785,30.9844,30.5359,30.702,2627600
2005-09-15,30.702,30.7463,30.3088,30.403,2753200
2005-09-16,30.4971,30.5912,30.3974,30.5635,6656400
2005-09-19,30.4251,30.4528,30.1538,30.3199,3310100
2005-09-20,30.2978,30.3808,29.949,29.9545,4745800
2005-09-21,29.733,29.9877,29.6666,29.7275,3911400
2005-09-22,29.7219,30.0375,29.7164,29.8714,3572700
2005-09-23,29.8991,30.0154,29.7053,29.7828,2082100
2005-09-26,29.8991,30.1206,29.135,29.506,4467400
2005-09-27,29.506,29.7828,29.3344,29.661,3196700
2005-09-28,29.5946,29.8825,29.4451,29.6057,3780500
2005-09-29,29.6223,30.0929,29.4838,30.0597,3882200
2005-09-30,29.8604,29.8991,29.5669,29.6334,4593000
2005-10-03,29.5669,29.8438,29.2624,29.3067,3111300
2005-10-04,29.279,29.8438,29.2624,29.6832,4017500
2005-10-05,29.6832,30.0375,29.6444,29.7607,4561000
2005-10-06,29.7496,30.1206,29.6444,29.9047,6577400
2005-10-07,29.8991,29.9545,29.5226,29.5724,4114400
2005-10-10,29.4285,29.4949,29.052,29.3011,3601800
2005-10-11,29.1959,29.3177,28.8471,28.8582,4292000
2005-10-12,28.98,29.2015,28.7585,28.8914,4044200
2005-10-13,28.5703,29.2568,28.526,29.0907,4638400
2005-10-14,29.0132,29.4672,28.7917,29.135,3397700
2005-10-17,28.9578,28.9911,28.4318,28.5315,8623700
2005-10-18,28.2381,28.8194,28.2381,28.5869,6137400
2005-10-19,28.3765,28.5924,28.2879,28.5703,6039500
2005-10-20,28.5149,28.7087,28.2104,28.3765,7670700
2005-10-21,28.6146,28.6256,27.9501,28.0719,6064300
2005-10-24,28.0719,28.2768,27.9612,28.1162,7370500
2005-10-25,28.1107,28.1162,27.6179,27.856,7503000
2005-10-26,27.9889,28.0941,27.8782,27.9058,4830000
2005-10-27,27.9612,27.9944,27.6678,27.6844,2975600
2005-10-28,27.8505,27.9667,27.5958,27.6788,5316100
2005-10-31,27.8062,27.8283,27.5183,27.5681,6899700
2005-11-01,27.6235,27.784,27.5459,27.5515,5187000
2005-11-02,27.5736,27.7065,27.5183,27.629,3032500
2005-11-03,27.7397,28.0,27.6013,27.773,3443200
2005-11-04,27.8892,28.2048,27.8006,28.1439,3484400
2005-11-07,28.2325,28.4152,28.1052,28.2934,3678600
2005-11-08,28.3045,28.7641,28.2325,28.6146,5466300
2005-11-09,28.6865,28.9025,28.5149,28.8084,4241400
2005-11-10,28.8641,28.9478,28.5127,28.6689,3910000
2005-11-11,28.6689,28.7972,28.2227,28.4347,3137100
2005-11-14,29.0036,29.0036,27.9661,28.0052,3185000
2005-11-15,27.9996,28.1948,27.9661,28.1335,2565200
2005-11-16,28.0888,28.1112,27.7374,27.7765,3817800
2005-11-17,27.7877,27.9327,27.5924,27.7542,4004900
2005-11-18,28.3008,28.3064,27.6928,28.0777,3984000
2005-11-21,28.0275,28.3733,27.9661,28.3008,2826900
2005-11-22,28.1112,28.2952,27.9717,28.2339,3187800
2005-11-23,28.1335,28.5295,28.0944,28.3621,2847900
2005-11-25,28.4123,28.4458,28.1669,28.1892,1234800
2005-11-28,28.2506,28.2673,27.9327,27.9996,3447700
2005-11-29,28.1112,28.2617,27.8936,27.9159,3316500
2005-11-30,28.0275,28.3008,27.994,28.1669,4093700
2005-12-01,28.3343,28.9701,28.3064,28.7247,5703800
2005-12-02,28.7247,28.9088,28.5574,28.7637,3676500
2005-12-05,28.6856,28.8585,28.4179,28.7079,3315100
2005-12-06,28.7358,29.143,28.6912,29.1095,4333500
2005-12-07,29.0036,29.6729,28.9478,29.5335,5542000
2005-12-08,29.5335,29.5335,28.8641,29.1207,5048400
2005-12-09,30.3422,30.6768,29.7342,29.79,10893900
2005-12-12,30.0633,30.4761,29.9629,30.3812,5061900
2005-12-13,30.5653,31.1286,30.5263,31.0673,5983600
2005-12-14,30.9836,31.3964,30.9557,31.2123,4802600
2005-12-15,31.3183,31.4912,31.2346,31.3908,4769200
2005-12-16,31.5971,31.7366,31.5693,31.6027,5681100
2005-12-19,32.1549,32.4896,31.9597,32.1215,7515600
2005-12-20,32.1549,32.2107,31.7589,31.8035,4233800
2005-12-21,32.0713,32.2051,31.7924,31.7924,3537500
2005-12-22,31.7645,31.9764,31.7254,31.8593,2874400
2005-12-23,31.7366,32.2665,31.6752,32.1828,3199300
2005-12-27,32.1828,32.3724,32.1159,32.2442,3129300
2005-12-28,32.2386,32.3334,32.0099,32.2107,2672600
2005-12-29,32.1995,32.3446,31.9262,32.0489,2599400
2005-12-30,31.7701,31.7924,31.5191,31.5637,2958800
2006-01-03,31.8983,32.1215,31.3183,31.9932,3957400
2006-01-04,32.0601,32.2107,31.7255,31.837,3960200
2006-01-05,31.9876,32.0378,31.731,32.0099,3140600
2006-01-06,32.1828,32.4171,31.8426,32.2497,3119300
2006-01-09,32.2832,32.8298,32.2051,32.6736,2952400
2006-01-10,32.6011,32.9079,32.1159,32.4505,3468500
2006-01-11,32.5454,32.5454,32.1326,32.4505,1910500
2006-01-12,32.5063,32.735,32.1103,32.3223,2706000
2006-01-13,32.4059,32.629,32.2386,32.3223,3182900
2006-01-17,32.0991,32.3222,31.8537,31.943,3369200
2006-01-18,31.9151,31.9151,31.5693,31.7701,3160600
2006-01-19,32.0155,32.2442,31.692,31.8928,3610600
2006-01-20,31.876,31.9932,31.6306,31.7366,5040100
2006-01-23,31.837,32.0992,31.7924,31.9095,3364600
2006-01-24,32.0824,32.2944,31.6418,31.8537,3718400
2006-01-25,31.9876,32.233,31.876,31.8872,4855800
2006-01-26,32.0713,32.1549,31.7366,31.7533,6852500
2006-01-27,31.6753,32.1828,31.6418,32.0992,6860800
2006-01-30,32.1605,32.2553,31.9095,31.9988,3114400
2006-01-31,31.876,31.8872,31.2346,31.5804,6509300
2006-02-01,31.4243,31.7924,31.2458,31.731,4030600
2006-02-02,31.6808,31.8649,31.3015,31.4019,3407900
2006-02-03,31.2012,31.4354,31.0673,31.1565,4062200
2006-02-06,31.0952,31.151,30.7271,30.9111,2785700
2006-02-07,30.8163,30.9948,30.4537,30.6657,3169500
2006-02-08,30.5876,31.1677,30.5876,31.0673,2623200
2006-02-09,31.0673,31.6976,30.9836,31.4019,5236500
2006-02-10,31.48,31.5693,31.0952,31.335,3018200
2006-02-13,31.335,31.3575,30.8407,31.0935,2859100
2006-02-14,31.1946,31.3462,30.7957,31.1665,4020100
2006-02-15,31.2507,31.6552,31.0373,31.4698,2672600
2006-02-16,31.4755,31.7058,31.1384,31.6608,3050700
2006-02-17,31.7282,31.7395,31.1777,31.3687,2872700
2006-02-21,31.2788,31.5148,31.1496,31.1777,2678400
2006-02-22,31.3463,31.6215,31.2508,31.5148,2446800
2006-02-23,31.3968,31.4418,31.1496,31.4193,2612000
2006-02-24,31.5429,31.6271,31.3519,31.4698,2495400
2006-02-27,31.408,32.0597,31.408,31.8687,2480300
2006-02-28,31.9473,31.9642,31.1496,31.2451,4674700
2006-03-01,31.1047,31.4249,30.8126,31.3968,3502800
2006-03-02,31.3968,31.4754,31.2227,31.3182,2350000
2006-03-03,31.1777,31.6665,31.1216,31.2957,2319800
2006-03-06,31.4586,31.908,31.335,31.7339,4022900
2006-03-07,31.7339,32.0147,31.6833,31.8013,3413200
2006-03-08,31.7395,32.3069,31.7226,32.2226,4251000
2006-03-09,32.526,32.526,31.9417,32.0653,3366400
2006-03-10,32.2788,32.3574,31.9642,32.1608,3524300
2006-03-13,32.3181,32.3855,32.0653,32.1552,2406300
2006-03-14,32.0597,32.4248,31.9361,32.3293,3543700
2006-03-15,32.1889,32.2451,31.7114,32.0035,4035800
2006-03-16,32.1439,32.2338,31.8968,32.1496,2526400
2006-03-17,32.3125,32.3293,31.9866,32.0709,3432600
2006-03-20,32.4642,32.5653,32.2226,32.2563,3008100
2006-03-21,32.4136,32.4978,32.1664,32.1945,2847700
2006-03-22,32.4417,32.9641,32.3518,32.8574,3656800
2006-03-23,32.7394,32.79,32.3574,32.6046,2720900
2006-03-24,32.8349,33.2787,32.7619,33.0652,4281800
2006-03-27,33.0652,33.127,32.7001,32.9585,3190700
2006-03-28,32.1271,32.4136,31.4586,31.6721,7624500
2006-03-29,31.5035,31.6384,31.0373,31.6384,6317400
2006-03-30,31.4024,31.8518,31.2564,31.4867,3525300
2006-03-31,31.4024,31.6103,31.0092,31.0654,5139100
2006-04-03,31.262,31.4024,30.9306,31.0317,3928500
2006-04-04,31.0092,31.1328,30.6946,30.9867,5302500
2006-04-05,31.1272,31.2508,30.7058,30.8238,4407100
2006-04-06,30.8968,31.0092,30.4868,30.6047,3791500
2006-04-07,30.4755,30.5654,29.9756,30.0767,4515400
2006-04-10,30.1104,30.1834,29.807,29.9812,2486700
2006-04-11,30.0486,30.0542,29.5767,29.8295,4454100
2006-04-12,29.6497,30.116,29.4924,30.0092,3200100
2006-04-13,29.9138,29.9699,29.7059,29.925,2174200
2006-04-17,29.9531,29.9531,29.4531,29.7789,3131500
2006-04-18,30.7564,30.7845,30.307,30.616,7040700
2006-04-19,30.7789,30.7789,30.5036,30.7002,4099900
2006-04-20,30.7002,30.7564,29.7733,30.1216,6309600
2006-04-21,30.1666,30.1666,29.5711,29.734,5496700
2006-04-24,29.6778,29.9025,29.2453,29.5261,3766800
2006-04-25,29.6722,29.6722,29.1947,29.3295,2311600
2006-04-26,29.4812,29.5823,29.2396,29.3464,2697800
2006-04-27,28.6049,29.7902,28.6049,29.6329,3522100
2006-04-28,29.5767,29.8857,29.4306,29.7284,5074700
2006-05-01,29.4981,29.7452,29.2846,29.3801,3264700
2006-05-02,29.3239,29.4082,29.1441,29.1722,3541800
2006-05-03,29.1891,29.3408,29.1273,29.1891,3703600
2006-05-04,29.3689,29.3801,28.6667,29.2228,7296600
2006-05-05,29.4475,29.8014,29.234,29.7396,3183900
2006-05-08,29.5767,29.9531,29.498,29.7228,5091300
2006-05-09,29.6329,29.6834,29.1891,29.3183,3852000
2006-05-10,29.4306,29.5037,29.0823,29.2453,5319400
2006-05-11,29.132,29.4321,28.8999,28.9396,6208300
2006-05-12,28.9282,29.1377,28.4527,28.5546,5770400
2006-05-15,28.5886,29.3302,28.5603,29.3075,5137100
2006-05-16,29.3924,29.551,28.8716,29.3245,2970400
2006-05-17,29.1264,29.4377,28.6735,28.8716,4560700
2006-05-18,28.8264,29.1094,28.6792,28.7358,2728900
2006-05-19,28.8999,28.8999,28.5999,28.8773,3808400
2006-05-22,28.6452,29.0415,28.6452,28.6792,3154000
2006-05-23,28.5942,28.6961,28.4131,28.5376,3252700
2006-05-24,28.549,28.8433,28.4754,28.7244,4289700
2006-05-25,28.8037,29.2792,28.7244,29.2226,4321600
2006-05-26,29.4264,29.7208,29.3868,29.5906,2989000
2006-05-30,29.551,29.7208,29.0358,29.1207,3169400
2006-05-31,29.1773,29.2792,28.883,29.2339,3547100
2006-06-01,29.2226,29.4717,28.9735,29.4321,3185900
2006-06-02,29.4094,29.6868,29.3075,29.4547,3368000
2006-06-05,29.2622,29.4264,29.0132,29.0698,3717500
2006-06-06,29.2113,29.2453,28.7754,28.9566,3745700
2006-06-07,28.9622,29.3981,28.8999,29.2736,3955300
2006-06-08,29.0981,29.3302,28.8094,29.3019,5038800
2006-06-09,29.2962,29.4887,29.1264,29.2906,2365400
2006-06-12,29.5963,29.6415,29.1887,29.217,3112300
2006-06-13,29.3245,29.5736,29.1773,29.217,3847000
2006-06-14,29.5793,30.2359,29.4377,30.1001,6665000
2006-06-15,30.3039,30.6492,30.1907,30.5983,4846100
2006-06-16,30.5247,30.8077,30.5134,30.7115,4044700
2006-06-19,30.8417,30.8927,30.7115,30.8474,3272100
2006-06-20,30.8247,31.1814,30.7964,31.0738,3745100
2006-06-21,30.9662,31.1304,30.8643,30.9832,3382000
2006-06-22,30.9719,31.0568,30.7624,30.904,2529600
2006-06-23,30.7681,30.819,30.4567,30.7398,2652600
2006-06-26,30.6209,30.7907,30.4737,30.7907,1951900
2006-06-27,30.7058,30.7058,30.1284,30.2699,3313900
2006-06-28,30.2869,30.4454,30.1454,30.2529,2317300
2006-06-29,30.3435,30.9719,30.2869,30.87,3866900
2006-06-30,30.8757,31.5097,30.7964,31.2889,4833000
2006-07-03,31.3738,31.6456,31.2889,31.521,1312600
2006-07-05,31.8211,32.0815,31.7022,31.8267,5506200
2006-07-06,31.7588,32.1721,31.7588,32.0815,2662500
2006-07-07,32.1211,32.2513,31.7135,31.8381,2356100
2006-07-10,31.906,32.0135,31.6852,31.855,1547500
2006-07-11,31.6399,31.8211,31.3399,31.6626,2715500
2006-07-12,31.7814,31.872,31.4191,31.4871,1804500
2006-07-13,31.6286,31.6682,30.8926,31.0681,3619300
2006-07-14,30.9209,31.2832,30.7454,30.887,3346600
2006-07-17,30.9153,31.2266,30.5699,31.0228,2938700
2006-07-18,30.9266,31.2493,30.7568,31.1191,2287600
2006-07-19,31.17,32.0079,31.1361,31.7475,4101700
2006-07-20,31.872,32.2003,31.8154,31.8494,2591200
2006-07-21,31.8664,31.8664,30.7228,30.9379,8222200
2006-07-24,30.9606,31.9513,30.8587,31.7078,4400300
2006-07-25,31.9965,31.9965,31.4304,31.4474,5980900
2006-07-26,31.2776,31.5493,31.1361,31.4305,3714200
2006-07-27,31.572,31.6569,31.2776,31.5097,2258100
2006-07-28,31.6965,32.3702,31.6456,32.2173,4038300
2006-07-31,32.0135,32.1777,31.9173,32.1381,2980400
2006-08-01,31.9286,32.0871,31.6512,31.8664,2742800
2006-08-02,32.0588,32.5344,31.7418,32.2287,3771900
2006-08-03,32.2117,32.5174,32.0249,32.0645,2470100
2006-08-04,32.0985,32.5457,31.6682,31.855,3157400
2006-08-07,31.923,31.923,31.221,31.4644,3235300
2006-08-08,31.589,31.6003,31.1417,31.221,2725400
2006-08-09,31.3851,31.7361,31.0511,31.1361,3701100
2006-08-10,31.1814,31.4248,30.9945,31.3002,3845800
2006-08-11,31.2603,31.2888,30.6958,30.998,2738300
2006-08-14,31.1121,31.3002,30.9695,31.0322,2694600
2006-08-15,31.4314,31.6367,31.2546,31.5283,2718200
2006-08-16,31.7792,31.8591,31.6139,31.6823,2322500
2006-08-17,31.5683,31.9845,31.4998,31.9047,2972600
2006-08-18,31.42,31.4542,30.7528,31.3801,6831300
2006-08-21,31.363,31.5283,31.1691,31.2945,2789800
2006-08-22,31.2204,31.3516,31.0208,31.3516,2566300
2006-08-23,31.4656,31.6253,31.2318,31.3915,2418500
2006-08-24,31.3915,31.6595,31.3345,31.4998,2289400
2006-08-25,31.3173,31.42,31.1634,31.3972,2255000
2006-08-28,31.3573,32.0758,31.3573,31.842,2783800
2006-08-29,31.9161,32.1613,31.8762,31.9959,3289200
2006-08-30,31.9959,32.11,31.8135,31.9674,3539300
2006-08-31,32.0187,32.0415,31.8933,31.8933,2628600
2006-09-01,31.9332,32.0416,31.6937,31.9332,3722400
2006-09-05,32.0587,32.0701,31.6082,31.7735,2510300
2006-09-06,31.6481,31.6652,31.3402,31.5797,2813900
2006-09-07,31.5797,31.6139,31.2033,31.2888,2080100
2006-09-08,31.4029,31.6595,31.1634,31.5112,2339300
2006-09-11,31.306,31.4884,30.7756,30.941,7760100
2006-09-12,31.2774,31.6823,31.1976,31.4485,7589300
2006-09-13,31.5854,31.7222,31.3059,31.4827,4589700
2006-09-14,31.2489,31.4656,31.2489,31.3573,4584300
2006-09-15,31.4998,31.6424,31.0607,31.2489,18261400
2006-09-18,31.2375,31.5683,31.2375,31.4485,4754500
2006-09-19,31.534,31.534,31.1919,31.3744,3144800
2006-09-20,31.5911,31.9617,31.4086,31.7907,4909800
2006-09-21,32.0473,32.2811,31.8249,31.9161,4653100
2006-09-22,31.7621,31.9275,31.5911,31.8933,2513100
2006-09-25,31.9902,32.4065,31.7792,32.264,4091400
2006-09-26,32.3324,32.5376,32.0472,32.4179,4049900
2006-09-27,32.2868,32.6175,32.2697,32.5092,3003700
2006-09-28,32.6802,32.703,32.3495,32.6859,2709800
2006-09-29,31.9332,32.646,31.8078,32.5034,6465300
2006-10-02,32.3951,32.5833,32.224,32.3837,3143500
2006-10-03,32.3894,32.6403,32.2525,32.3267,2891200
2006-10-04,32.2183,33.0395,32.2183,32.8456,6750400
2006-10-05,32.8456,33.0167,32.6118,32.9368,3671800
2006-10-06,32.7658,32.8912,32.5491,32.8228,3339200
2006-10-09,32.7258,32.9197,32.6631,32.7943,1518000
2006-10-10,32.7258,32.8228,32.4008,32.646,2821600
2006-10-11,32.5491,32.6403,32.3495,32.5377,3794300
2006-10-12,32.5377,32.9311,32.5034,32.8171,4319400
2006-10-13,32.6346,32.76,32.5148,32.7144,2776600
2006-10-16,32.7144,32.9767,32.646,32.8798,2493300
2006-10-17,32.7658,33.0737,32.5148,32.8171,3237000
2006-10-18,32.9254,33.3474,32.8912,33.2162,4699800
2006-10-19,32.646,33.1934,32.4008,32.7829,6121600
2006-10-20,32.7657,32.8,32.2297,32.6403,4776100
2006-10-23,32.4293,33.1022,32.3609,33.0224,3885100
2006-10-24,32.8171,32.9767,32.7201,32.9482,3748200
2006-10-25,32.9254,33.0166,32.6574,32.7829,3309300
2006-10-26,32.6289,32.9311,32.3951,32.6688,3936400
2006-10-27,32.4464,32.703,32.2696,32.5205,4214000
2006-10-30,32.4521,32.5719,32.1043,32.1157,3780700
2006-10-31,32.2696,32.3096,31.899,31.9389,3847000
2006-11-01,32.0758,32.1271,31.7279,31.9275,5348100
2006-11-02,31.9332,32.2982,31.9047,32.1442,5291100
2006-11-03,32.0473,32.1841,31.9047,31.9788,3159700
2006-11-06,31.9788,32.3381,31.8705,32.3153,3601000
2006-11-07,32.3609,32.7772,32.2297,32.492,5023700
2006-11-08,32.1898,32.3381,31.7735,32.2069,5708300
2006-11-09,32.11,32.1328,31.1292,31.2888,11254400
2006-11-10,31.2888,31.4143,30.7585,30.8726,5895200
2006-11-13,30.9473,31.2747,30.7979,31.0564,5647000
2006-11-14,31.1541,31.1541,30.6543,30.9358,7396500
2006-11-15,31.0219,31.3551,30.9128,31.2345,6522900
2006-11-16,30.8496,31.4815,30.8496,31.3436,5852800
2006-11-17,31.3436,31.5964,31.1943,31.3379,6100500
2006-11-20,31.1656,31.3609,30.9817,31.2402,4203900
2006-11-21,31.1138,31.2402,30.8209,31.0507,5901500
2006-11-22,30.9358,31.1656,30.907,31.0392,3452500
2006-11-24,30.9645,31.1885,30.8955,30.9645,1668000
2006-11-27,30.9128,31.0564,30.6715,30.7807,4973300
2006-11-28,30.6658,31.177,30.6658,30.8611,4695800
2006-11-29,30.9875,31.2173,30.8783,31.0449,3561100
2006-11-30,30.9875,31.1426,30.706,30.7864,4946800
2006-12-01,30.706,30.8611,30.5853,30.6772,4248000
2006-12-04,30.7864,31.0564,30.6198,31.0392,4569700
2006-12-05,31.1541,31.4758,30.8438,31.4241,5445100
2006-12-06,31.269,31.5505,31.0794,31.516,4757900
2006-12-07,31.0794,31.3666,30.9243,31.0162,5768500
2006-12-08,30.907,31.0909,30.7921,31.0219,4338200
2006-12-11,30.9645,31.1139,30.8783,31.0104,3309800
2006-12-12,31.0679,31.0966,30.7634,30.9645,3704000
2006-12-13,31.1311,31.1368,30.7232,30.8438,4259400
2006-12-14,30.7864,31.1253,30.7864,31.0047,3035200
2006-12-15,31.0162,31.3494,30.8841,31.3207,6476300
2006-12-18,30.7806,31.0507,30.4072,30.5796,10482100
2006-12-19,30.3785,30.4475,30.0683,30.2292,8798300
2006-12-20,30.1602,30.367,30.0338,30.1028,5643800
2006-12-21,29.9419,30.1028,29.6949,29.7523,7315800
2006-12-22,29.8098,29.8155,29.3732,29.4996,8505200
2006-12-26,29.5283,30.3326,29.4421,29.7466,12240000
2006-12-27,29.8672,30.0453,29.5283,29.873,6117400
2006-12-28,29.7466,29.9189,29.7064,29.8787,3394100
2006-12-29,29.7178,29.9993,29.7064,29.9304,4311300
2007-01-03,30.1315,30.3785,29.827,30.0166,10305500
2007-01-04,29.8672,30.1659,29.8155,30.0798,6827100
2007-01-05,30.1717,30.2062,29.7983,29.896,4114400
2007-01-08,29.9936,29.9936,29.7293,29.7581,3804200
2007-01-09,29.8959,29.9304,29.7293,29.7753,6272000
2007-01-10,29.6374,29.7753,29.626,29.6777,3400300
2007-01-11,29.7351,30.0625,29.6776,30.0051,4432200
2007-01-12,30.1028,30.4015,30.0281,30.2177,5533100
2007-01-16,30.3325,30.39,30.1659,30.3785,4181300
2007-01-17,30.3785,30.5451,30.1832,30.3613,5018000
2007-01-18,30.2177,30.5681,30.2177,30.4704,3943000
2007-01-19,30.6198,30.706,30.3498,30.4245,3837200
2007-01-22,30.2004,30.5164,30.1717,30.2923,5872300
2007-01-23,30.3613,30.4187,30.143,30.2464,4397700
2007-01-24,30.2981,30.6772,30.2636,30.637,3934000
2007-01-25,30.5623,30.6198,30.3613,30.5221,5061100
2007-01-26,30.4762,30.706,30.2177,30.3268,3966100
2007-01-29,30.39,30.4474,30.1889,30.3613,3472700
2007-01-30,30.3728,30.4475,30.2177,30.2923,2671200
2007-01-31,30.2751,31.2345,30.1889,31.0909,10521200
2007-02-01,31.3953,31.6194,31.3092,31.4643,6648100
2007-02-02,31.4126,31.47,31.2345,31.3666,4973400
2007-02-05,31.2689,31.4355,31.0391,31.4068,5090500
2007-02-06,31.3666,31.493,31.246,31.3896,4486200
2007-02-07,31.4241,31.47,31.2173,31.2632,4679100
2007-02-08,31.0506,31.4356,31.0506,31.1426,3124600
2007-02-09,31.1368,31.4241,31.0851,31.1541,3591600
2007-02-12,31.4528,31.4528,31.1541,31.2575,3300400
2007-02-13,31.492,31.5556,31.2951,31.4283,3356500
2007-02-14,31.4804,31.7815,31.3993,31.7641,3773400
2007-02-15,31.7583,31.9088,31.7004,31.822,3092000
2007-02-16,31.7062,31.8683,31.5962,31.8394,3680800
2007-02-20,31.8625,31.961,31.7062,31.8278,3228800
2007-02-21,31.6425,31.7294,31.4804,31.5672,3370600
2007-02-22,31.6136,31.6136,31.2719,31.3472,3344100
2007-02-23,31.2661,31.4746,31.1214,31.3877,3380500
2007-02-26,31.5325,31.6483,31.4109,31.4978,3847900
2007-02-27,31.0982,31.5672,30.444,30.6872,8073700
2007-02-28,30.9882,30.9882,30.2818,30.4498,7682500
2007-03-01,30.1139,30.4092,30.0502,30.2529,6262800
2007-03-02,30.1892,30.2182,29.9402,29.975,6537200
2007-03-05,29.8071,30.166,29.6507,29.8939,7562800
2007-03-06,29.9634,30.2703,29.8534,30.2413,5054300
2007-03-07,30.1487,30.3629,29.9055,30.0271,4844600
2007-03-08,30.1718,30.334,30.1081,30.3166,3296500
2007-03-09,30.4266,30.6408,30.3282,30.4498,5052100
2007-03-12,30.334,30.7103,30.2529,30.5713,3643200
2007-03-13,30.3224,30.6177,30.1081,30.1487,5432200
2007-03-14,30.2587,30.2819,29.7318,30.0503,5342900
2007-03-15,29.9634,30.1603,29.836,30.1371,3769600
2007-03-16,30.195,30.3513,29.9866,30.2124,6181800
2007-03-19,30.2413,30.525,30.1776,30.5019,3265300
2007-03-20,30.4555,30.6177,30.3282,30.554,3532300
2007-03-21,30.4845,31.2141,30.4845,31.1619,6668200
2007-03-22,30.6872,31.4283,30.6872,31.3646,4229700
2007-03-23,31.2604,31.3935,30.9129,31.1561,3956100
2007-03-26,30.9708,31.243,30.8029,31.0982,5206300
2007-03-27,30.9188,31.0346,30.7219,30.8435,4548400
2007-03-28,30.8493,30.8898,30.4671,30.6929,5457700
2007-03-29,30.803,30.9998,30.5308,30.9245,5333000
2007-03-30,30.9766,31.3125,30.8029,31.0982,3728100
2007-04-02,31.243,31.5499,31.2083,31.492,6021300
2007-04-03,31.353,31.7988,31.3298,31.7004,4308200
2007-04-04,31.6425,31.9841,31.5557,31.9378,4346000
2007-04-05,31.932,32.2041,31.8799,32.1231,2997000
2007-04-09,32.0941,32.2678,32.0015,32.181,2295500
2007-04-10,32.0883,32.2678,32.042,32.2389,2985200
2007-04-11,32.262,32.2736,32.0131,32.1868,3776900
2007-04-12,32.1926,32.4763,32.1347,32.3894,4002300
2007-04-13,32.5631,33.0032,32.54,32.9337,6485200
2007-04-16,33.4085,33.8601,33.009,33.8138,10756500
2007-04-17,33.8138,34.2133,33.779,34.0859,9278900
2007-04-18,33.9064,34.3696,33.8427,34.2422,6871500
2007-04-19,34.2191,34.9023,33.9585,34.7517,9921500
2007-04-20,34.937,35.3192,34.7691,35.0644,9630000
2007-04-23,34.8618,34.9023,34.3175,34.5259,7704300
2007-04-24,34.1728,34.4507,34.1033,34.3233,5043500
2007-04-25,34.5086,34.526,34.2249,34.4565,4655800
2007-04-26,34.0917,34.6707,34.0917,34.5838,6101200
2007-04-27,34.167,34.5665,34.1554,34.5144,2967600
2007-04-30,34.7286,34.7286,34.1206,34.2364,5198200
2007-05-01,34.2306,34.387,34.0222,34.0975,7409300
2007-05-02,34.1612,34.4449,34.028,34.2538,4561500
2007-05-03,34.4217,34.5086,34.1438,34.2422,4140300
2007-05-04,34.2133,34.5896,34.1149,34.4738,6180400
2007-05-07,34.4796,34.717,34.4738,34.5781,4577200
2007-05-08,34.5317,34.7228,34.4217,34.6417,8457300
2007-05-09,34.497,34.6128,34.387,34.5954,4803800
2007-05-10,34.4333,34.497,33.9527,33.9933,6166400
2007-05-11,34.2411,34.2411,33.7687,34.0778,7569800
2007-05-14,34.0837,34.6144,34.0837,34.5327,4713200
2007-05-15,34.5094,34.7602,34.4569,34.5502,4076700
2007-05-16,34.5619,34.6844,34.3403,34.4744,3938700
2007-05-17,34.2353,34.5094,34.2178,34.4219,2789700
2007-05-18,34.4744,34.7544,34.4103,34.6261,3042100
2007-05-21,34.6435,34.9293,34.5211,34.7719,6823500
2007-05-22,34.9877,34.9935,34.6436,34.7194,3095700
2007-05-23,34.7135,34.8477,34.5794,34.6436,2914100
2007-05-24,34.9352,34.9352,34.4569,34.5211,3900900
2007-05-25,34.177,34.7019,34.177,34.6202,1821600
2007-05-29,34.5852,34.7252,34.2936,34.6785,3201700
2007-05-30,34.4161,34.5677,34.1303,34.5502,5105800
2007-05-31,34.5561,34.6377,34.0487,34.1886,5378500
2007-06-01,34.2528,34.3869,34.072,34.3753,3851300
2007-06-04,34.3753,34.5444,34.2586,34.5036,4873700
2007-06-05,34.5152,34.5327,34.2528,34.4103,5278100
2007-06-06,34.2644,34.5211,33.9145,33.9962,5925400
2007-06-07,33.8795,33.9203,33.0747,33.203,12166200
2007-06-08,33.133,33.3313,32.8939,33.2555,6994900
2007-06-11,33.2846,33.6404,33.1213,33.4246,4952000
2007-06-12,33.1738,33.4071,33.0047,33.1155,4326900
2007-06-13,33.2088,33.4304,32.8822,33.2088,5704000
2007-06-14,33.273,33.6929,33.1272,33.4654,4829700
2007-06-15,33.827,33.9845,33.5412,33.6637,4939200
2007-06-18,33.6637,33.827,33.3721,33.4829,3045200
2007-06-19,33.5413,33.7687,33.4771,33.6812,4120800
2007-06-20,33.5821,33.7862,33.063,33.1097,4817200
2007-06-21,33.2088,33.2088,32.7189,33.133,4107000
2007-06-22,33.0455,33.1097,32.4156,32.5439,5704300
2007-06-25,32.8006,32.8647,32.2523,32.3573,5931300
2007-06-26,32.5673,32.7072,32.299,32.5848,4988000
2007-06-27,32.3165,32.8939,32.3107,32.8472,5067200
2007-06-28,32.8764,33.0689,32.7189,32.7656,3416800
2007-06-29,32.6723,32.8997,32.3806,32.5906,4410400
2007-07-02,32.8006,33.0863,32.7189,33.0863,3610900
2007-07-03,33.2263,33.2438,32.9814,33.1213,1495700
2007-07-05,33.1388,33.2205,32.8997,32.9872,2675700
2007-07-06,33.0455,33.1038,32.7772,33.0338,3312100
2007-07-09,33.1155,33.1738,32.6548,32.6839,5284200
2007-07-10,32.4856,32.6897,32.3223,32.334,4202000
2007-07-11,32.2465,32.5556,32.1649,32.5206,3505200
2007-07-12,32.5439,33.1913,32.4506,33.1213,4293000
2007-07-13,33.3021,33.3313,32.9697,33.1972,2894100
2007-07-16,33.0339,33.4246,33.0339,33.1797,3603200
2007-07-17,33.0455,33.1272,32.7772,32.8939,4295800
2007-07-18,32.7772,32.8064,32.5206,32.6898,5418300
2007-07-19,32.7831,32.9464,32.5498,32.8822,4696900
2007-07-20,32.5206,32.9755,32.5206,32.6781,6857900
2007-07-23,32.9055,33.4013,32.8356,33.343,5888100
2007-07-24,33.8912,34.3753,33.3313,33.343,10908500
2007-07-25,33.2438,34.2586,33.2438,34.0836,7315500
2007-07-26,33.7687,33.9378,32.9172,33.0688,8365400
2007-07-27,32.9464,33.0105,32.0832,32.089,6353800
2007-07-30,32.0424,32.1124,31.6399,31.9432,5848100
2007-07-31,32.194,32.2232,31.4766,31.5466,8272900
2007-08-01,31.2608,31.9199,31.22,31.6108,6246400
2007-08-02,31.6283,32.0307,31.535,31.8441,5113400
2007-08-03,31.8674,32.2465,31.5466,31.57,5586200
2007-08-06,31.6516,32.8181,31.57,32.7889,7400000
2007-08-07,32.5673,33.4363,32.5556,32.9639,7510100
2007-08-08,33.1213,34.0778,33.0105,34.0603,6724600
2007-08-09,33.9554,34.4219,33.5646,33.7396,8511800
2007-08-10,34.0428,34.177,33.133,33.3371,8071300
2007-08-13,33.3165,33.6103,33.0815,33.4517,4004700
2007-08-14,33.5222,33.5222,32.441,32.5762,5378900
2007-08-15,32.5821,32.9288,32.2589,32.4234,4974600
2007-08-16,32.065,32.3999,31.542,32.2178,8893600
2007-08-17,32.6232,32.9405,32.2413,32.7936,6827500
2007-08-20,32.7818,32.9052,32.2648,32.6878,4859100
2007-08-21,32.6056,32.6878,32.2001,32.4822,4815500
2007-08-22,32.7818,32.8112,32.3294,32.7525,4696500
2007-08-23,32.8935,32.9052,32.6408,32.8288,2757700
2007-08-24,32.8582,33.2637,32.6115,33.2637,5599500
2007-08-27,33.152,33.2754,33.0874,33.1344,3104400
2007-08-28,33.0639,33.199,32.8054,32.964,5497400
2007-08-29,32.9875,33.1227,32.6937,33.0933,5931500
2007-08-30,32.9346,33.4517,32.8641,33.2989,4664500
2007-08-31,33.4517,33.7749,33.3929,33.6985,5654600
2007-09-04,33.6867,34.2097,33.5457,34.1568,5677500
2007-09-05,34.0158,34.0158,33.5575,33.6632,4765200
2007-09-06,33.8454,33.9159,33.5633,33.7573,4073700
2007-09-07,33.4165,33.6867,32.9111,33.0051,5972700
2007-09-10,33.2696,33.2872,32.7877,32.9875,4413200
2007-09-11,33.058,33.3518,32.87,33.2578,4067400
2007-09-12,33.1697,33.5751,33.0698,33.5222,4309900
2007-09-13,33.7573,33.8983,33.4987,33.5986,4756300
2007-09-14,33.4458,33.5927,33.2343,33.3871,4993000
2007-09-17,33.3929,33.3929,32.5997,32.8759,4384500
2007-09-18,32.9758,33.6398,32.8406,33.5751,4074900
2007-09-19,33.675,34.0804,33.3636,33.8043,5495700
2007-09-20,33.8043,33.8748,33.5398,33.5398,3676300
2007-09-21,33.7866,34.0511,33.5398,33.8571,4892100
2007-09-24,34.0158,34.1862,33.6456,33.8043,3286500
2007-09-25,33.6515,34.0804,33.4693,33.6162,4537800
2007-09-26,33.816,34.0863,33.6809,33.7279,5383700
2007-09-27,33.8454,33.9042,33.3988,33.7102,5710400
2007-09-28,33.5986,33.7455,33.3401,33.4517,4329200
2007-10-01,33.5457,34.3742,33.5163,34.2508,5629900
2007-10-02,34.3037,34.4154,34.0569,34.3272,2889400
2007-10-03,34.1098,34.7562,33.9864,34.5975,4101300
2007-10-04,34.6093,34.9148,34.6093,34.6445,4869200
2007-10-05,34.8443,35.1499,34.7562,34.9442,3760800
2007-10-08,34.8267,34.909,34.6152,34.668,2690300
2007-10-09,34.6386,34.7738,34.3742,34.4036,4175100
2007-10-10,34.3919,34.6034,34.198,34.3155,4350000
2007-10-11,34.3272,34.5916,34.1921,34.2861,5115700
2007-10-12,34.2861,34.5388,34.0687,34.3919,2865400
2007-10-15,34.4447,34.5623,33.9805,34.0452,5585000
2007-10-16,34.0452,34.0511,33.487,33.581,6512400
2007-10-17,33.7161,33.9688,33.2578,33.4635,6062200
2007-10-18,33.5516,33.7455,33.0698,33.2872,8366700
2007-10-19,33.1462,33.5927,32.8289,32.9405,5634500
2007-10-22,32.8112,33.2402,32.7466,32.9523,5161000
2007-10-23,33.1462,33.5692,32.9699,33.5692,4417300
2007-10-24,33.199,33.3459,32.6349,32.9934,5975500
2007-10-25,30.643,31.1483,30.4373,30.8075,22843100
2007-10-26,30.8604,31.0014,30.5725,30.9544,9437100
2007-10-29,30.9721,31.7301,30.9721,31.448,9798600
2007-10-30,31.2482,31.7888,31.1953,31.5479,5856400
2007-10-31,31.6302,31.9768,31.3187,31.8182,9714200
2007-11-01,31.5303,31.7242,30.9074,31.0073,8103300
2007-11-02,31.1953,31.4362,30.8604,30.9485,11851300
2007-11-05,31.1777,31.2012,30.3434,30.6489,12322500
2007-11-06,30.6724,30.9309,30.5549,30.8369,7184400
2007-11-07,30.5784,30.8898,30.2317,30.2787,5961700
2007-11-08,30.314,30.5372,30.0672,30.3316,8351900
2007-11-09,30.0672,30.6019,29.885,30.2669,6833200
2007-11-12,30.2728,31.0954,30.1142,30.8487,6991600
2007-11-13,31.0471,31.3078,30.7213,31.1834,8527800
2007-11-14,31.2485,31.7402,31.1597,31.4144,6561200
2007-11-15,31.2248,31.3848,30.7746,30.8398,6006300
2007-11-16,30.9879,31.1597,30.4251,30.6917,6753200
2007-11-19,30.437,30.6147,29.8742,30.0756,8647500
2007-11-20,30.1822,30.2059,29.5424,29.8268,6083400
2007-11-21,29.6432,29.7794,29.0804,29.0804,5995000
2007-11-23,29.578,30.1052,29.3351,30.0875,2837200
2007-11-26,30.1644,30.1822,29.3233,29.424,4981000
2007-11-27,29.5188,30.2711,29.3707,30.1585,6762700
2007-11-28,30.3244,30.9997,29.9808,30.9583,6086900
2007-11-29,30.7983,31.4618,30.7154,31.2722,6583800
2007-11-30,31.1064,31.5743,31.1064,31.367,5926500
2007-12-03,31.2841,31.367,30.9286,31.1182,4885700
2007-12-04,30.9938,31.1182,30.6561,30.8694,5450600
2007-12-05,31.2189,31.8646,31.0116,31.6869,4862700
2007-12-06,32.4333,32.4333,31.6573,31.9475,6523100
2007-12-07,32.3148,32.3741,31.8232,32.1667,4464800
2007-12-10,32.1904,32.5518,32.0542,32.4511,4606700
2007-12-11,32.4392,32.7828,31.989,32.0246,5713500
2007-12-12,32.1134,32.457,31.7876,32.0364,7299400
2007-12-13,31.8172,32.149,31.6869,32.0956,5670200
2007-12-14,31.9179,32.0956,31.7224,31.8172,5029400
2007-12-17,31.6869,31.9475,31.3729,31.5033,4799000
2007-12-18,31.6751,32.1016,31.4973,31.6869,9406900
2007-12-19,31.6277,31.835,31.2248,31.5033,6350400
2007-12-20,31.6691,31.6928,31.444,31.5329,5556700
2007-12-21,31.7521,32.1667,31.6336,32.1253,7503300
2007-12-24,32.1608,32.2852,31.9357,32.2793,1468900
2007-12-26,32.1134,32.22,31.9712,32.1727,2919600
2007-12-27,32.1075,32.1075,31.6336,31.9179,3369400
2007-12-28,31.8291,32.0779,31.8172,32.0186,3026600
2007-12-31,31.8528,31.9002,31.4736,31.6277,3970800
2008-01-02,31.6691,31.8587,30.9286,31.1301,5556800
2008-01-03,31.2307,31.4914,31.1715,31.3907,4513400
2008-01-04,31.1241,31.2959,30.6147,30.6858,6186500
2008-01-07,30.9286,32.4214,30.9049,32.3148,10376100
2008-01-08,32.4748,33.8965,32.2319,33.2093,12197900
2008-01-09,33.2034,33.8432,33.2034,33.6832,9577400
2008-01-10,33.4996,33.8373,33.2153,33.6773,6288300
2008-01-11,33.4167,33.8432,33.3041,33.6536,5360600
2008-01-14,33.8965,34.0742,33.701,33.8728,5563800
2008-01-15,33.7662,33.8373,33.2982,33.5233,5884000
2008-01-16,33.3515,33.8669,33.1323,33.2153,7974400
2008-01-17,33.2449,33.3515,32.4037,32.4866,9679400
2008-01-18,32.3978,32.6406,31.6336,31.8172,10013600
2008-01-22,30.2711,31.3966,29.6491,30.905,10933000
2008-01-23,30.0578,30.9286,29.7439,30.9109,8778300
2008-01-24,30.9287,31.2485,30.1941,30.4014,12998200
2008-01-25,30.6384,30.6562,29.8387,30.0578,9579100
2008-01-28,30.1171,30.585,29.9512,30.4488,7076500
2008-01-29,31.3492,31.3492,30.8161,30.9879,9264300
2008-01-30,30.9227,31.0116,30.3303,30.4192,7358300
2008-01-31,30.0104,30.668,29.8683,30.4429,9969700
2008-02-01,30.3422,31.1004,30.3422,30.6028,7374800
2008-02-04,30.6087,31.0234,30.431,30.8516,4836400
2008-02-05,30.3718,30.8042,30.2829,30.354,5440700
2008-02-06,30.5021,30.6739,30.1171,30.4488,4101300
2008-02-07,30.3422,30.5436,29.9571,30.3422,7153300
2008-02-08,30.2415,30.2415,29.6195,29.7557,4524200
2008-02-11,29.7202,29.8268,29.4358,29.7557,4222500
2008-02-12,29.9927,30.3481,29.7972,30.2237,5217700
2008-02-13,30.6721,30.6721,29.9965,30.0981,6503400
2008-02-14,30.0443,30.0981,29.6557,29.8829,5213600
2008-02-15,29.7573,30.4629,29.6736,30.3851,6480400
2008-02-19,30.4688,30.6422,29.9846,30.0742,5914800
2008-02-20,29.8709,30.14,29.5959,30.1161,4290300
2008-02-21,30.2775,30.3732,29.6796,29.7872,5465000
2008-02-22,30.6781,30.6781,29.6796,30.1998,9059000
2008-02-25,30.1579,30.7259,30.0324,30.6721,5266900
2008-02-26,30.5226,31.3956,30.5226,31.3597,8059900
2008-02-27,31.1146,31.2879,30.8216,30.989,3648600
2008-02-28,30.1101,30.6302,29.9247,30.4509,4396800
2008-02-29,30.1759,30.3194,29.6976,29.9068,6902600
2008-03-03,29.9247,30.0503,29.7454,30.0085,4099700
2008-03-04,29.7872,30.0264,29.7394,29.9008,5862500
2008-03-05,29.9008,30.2656,29.8112,30.146,4520500
2008-03-06,29.9427,30.0443,29.6856,29.7035,4446400
2008-03-07,29.6916,30.0384,29.5242,29.7155,7275600
2008-03-10,29.7155,30.3792,29.3149,29.5481,7032700
2008-03-11,30.1519,30.3134,29.7334,30.2476,7442200
2008-03-12,30.2536,30.3253,29.6916,29.7633,5878900
2008-03-13,29.4106,29.7035,29.0339,29.3926,6655300
2008-03-14,29.5481,29.5481,28.2985,28.5855,8428300
2008-03-17,27.9397,29.4405,27.862,29.2192,6847300
2008-03-18,29.6079,29.847,29.1774,29.847,5392200
2008-03-19,29.6198,30.6781,29.6198,29.8769,5758900
2008-03-20,29.9188,29.9248,29.3986,29.7992,9166300
2008-03-24,29.859,30.0025,29.6437,29.9546,5791500
2008-03-25,29.9068,30.3074,29.8889,29.9965,4567500
2008-03-26,29.9008,30.134,29.6378,30.0085,6626700
2008-03-27,30.0503,30.3911,30.0503,30.152,4940700
2008-03-28,30.2416,30.5406,29.9845,30.0683,5339600
2008-03-31,30.0264,30.9591,29.9786,30.8455,8754500
2008-04-01,30.9233,31.1923,30.8097,31.1086,7230400
2008-04-02,31.1205,31.2102,30.7558,30.9472,5531500
2008-04-03,30.8395,31.0727,30.5585,30.9711,5075100
2008-04-04,30.9591,31.6527,30.8515,31.2581,5583800
2008-04-07,31.545,31.9277,31.1385,31.7244,6127900
2008-04-08,31.5391,31.6407,31.1504,31.27,4895400
2008-04-09,31.2222,31.3776,30.8814,30.9531,5090400
2008-04-10,30.8933,31.5391,30.8933,31.3238,5458600
2008-04-11,31.3119,31.3119,30.9113,31.0488,5346600
2008-04-14,31.0787,31.1385,30.8276,30.983,4800300
2008-04-15,31.0906,31.1385,30.6901,30.8216,5602300
2008-04-16,31.1086,31.4733,30.8933,31.4195,4301400
2008-04-17,31.264,31.4075,30.6422,30.7259,6928500
2008-04-18,31.0309,31.2162,30.7678,31.1325,6223600
2008-04-21,30.3134,30.3433,29.5541,29.6497,10138800
2008-04-22,29.6497,29.6497,28.8545,29.3269,8526100
2008-04-23,29.3807,29.8112,29.291,29.4106,6545200
2008-04-24,29.3926,29.5899,29.0279,29.3209,4447000
2008-04-25,29.4046,29.8709,29.3627,29.5122,4609500
2008-04-28,29.6258,29.6796,29.3866,29.5122,4912900
2008-04-29,29.4763,29.4763,28.6154,28.7648,8559000
2008-04-30,28.8784,29.2551,28.6751,28.7828,6142000
2008-05-01,28.8007,29.7274,28.7887,29.7274,6267500
2008-05-02,29.8291,29.8351,29.4405,29.5242,3656500
2008-05-05,29.4524,29.4524,29.1116,29.291,3459400
2008-05-06,29.1236,29.273,28.8844,29.1475,4277900
2008-05-07,29.1116,29.3747,29.0279,29.0877,5504600
2008-05-08,29.2491,29.279,28.8485,28.9562,5302100
2008-05-09,28.9621,28.9621,28.5556,28.8485,4293400
2008-05-12,28.9382,29.285,28.8485,29.1535,3542100
2008-05-13,28.7792,29.2923,28.6765,28.7067,5367300
2008-05-14,28.7792,29.1716,28.7067,29.1595,4371500
2008-05-15,29.2319,29.4372,28.9241,29.3829,5194300
2008-05-16,30.0953,30.0953,29.3104,29.5519,5196200
2008-05-19,29.5761,29.9987,29.4976,29.9021,3779600
2008-05-20,29.8175,30.047,29.4372,29.5579,4133300
2008-05-21,29.6666,29.7934,28.9965,29.0388,4681500
2008-05-22,29.1957,29.4553,28.8999,29.2682,3106100
2008-05-23,29.2561,29.2561,28.7067,28.7188,3602800
2008-05-27,28.7852,29.0025,28.7429,28.9421,2989600
2008-05-28,29.0388,29.1474,28.6765,28.8878,3520700
2008-05-29,28.8154,29.5338,28.8154,29.3406,6290000
2008-05-30,29.4131,29.4131,28.9784,29.0629,4057000
2008-06-02,29.1474,29.1957,28.6222,28.7309,5930600
2008-06-03,28.8878,29.2561,28.6463,29.1474,7263300
2008-06-04,29.3527,29.9443,29.3527,29.6062,7408800
2008-06-05,29.9685,30.0772,29.5097,29.8598,7863000
2008-06-06,29.7934,29.7934,29.2138,29.2319,7811900
2008-06-09,29.4432,29.4432,28.8576,29.0871,6420500
2008-06-10,28.8274,29.25,28.6765,28.9421,5166200
2008-06-11,28.8637,29.1293,28.5256,28.6343,4056400
2008-06-12,28.7731,29.1716,28.7067,28.7973,4595400
2008-06-13,28.9301,29.2018,28.9301,29.1776,4298900
2008-06-16,28.9301,29.1776,28.4894,28.8878,5568600
2008-06-17,29.0206,29.3406,28.8214,28.8456,3432300
2008-06-18,28.7973,28.9784,28.3143,28.3566,4217600
2008-06-19,28.3988,28.9965,28.1513,28.8516,8223400
2008-06-20,28.5799,29.1474,28.2117,28.3324,7423900
2008-06-23,28.3988,28.8214,28.3807,28.7369,5380100
2008-06-24,28.3505,28.435,27.7528,28.3384,9260400
2008-06-25,28.3928,28.6584,28.2539,28.3747,6017500
2008-06-26,28.109,28.26,27.7468,27.783,6517300
2008-06-27,27.7709,27.9581,27.5113,27.5355,7417900
2008-06-30,27.6321,28.103,27.3846,27.8675,5417100
2008-07-01,27.5717,28.0366,27.4812,27.8313,6454400
2008-07-02,27.8313,28.1875,27.7166,27.8253,4656100
2008-07-03,28.0124,28.435,27.9581,28.3626,4530900
2008-07-07,28.3203,28.4471,27.7226,27.8977,6096900
2008-07-08,27.8796,29.3527,27.8313,29.2561,9372800
2008-07-09,29.3466,29.8598,29.1233,29.2018,6500100
2008-07-10,29.1474,29.5398,28.7007,29.075,7374800
2008-07-11,28.6886,28.9965,28.3324,28.7792,4538900
2008-07-14,29.0689,29.3467,28.9482,28.9844,5716100
2008-07-15,28.7007,29.1837,28.7007,29.0448,8184600
2008-07-16,29.1716,29.2802,28.8154,29.1474,6356300
2008-07-17,29.0991,29.3104,28.5558,29.2078,6514900
2008-07-18,29.1716,29.3104,28.6765,28.924,6421400
2008-07-21,28.9603,29.0569,28.3264,28.4833,4741700
2008-07-22,28.3264,28.5497,28.0788,28.2117,6668400
2008-07-23,28.3747,28.7912,28.2539,28.749,5608500
2008-07-24,28.9422,29.2802,28.5135,28.9784,4949200
2008-07-25,28.8093,29.2501,28.5256,28.8637,4200200
2008-07-28,28.8697,29.2501,28.6946,28.749,5131200
2008-07-29,28.7852,29.3889,28.6705,29.1354,5535600
2008-07-30,29.3225,29.6545,28.3445,28.6222,7426300
2008-07-31,28.4954,28.755,28.2841,28.4411,4931800
2008-08-01,28.4411,28.6645,28.1151,28.3988,4329200
2008-08-04,28.3203,28.7912,28.3203,28.598,4751900
2008-08-05,28.8939,28.9784,28.5196,28.8516,6486100
2008-08-06,28.5135,29.2017,28.5135,28.9784,3519600
2008-08-07,28.7731,29.2199,28.5135,28.7248,4596900
2008-08-08,28.6946,29.3285,28.5437,29.2863,4158800
2008-08-11,29.2802,29.9141,29.0387,29.6123,6115800
2008-08-12,29.6968,30.053,29.4915,29.733,6038100
2008-08-13,29.8123,29.8123,29.3063,29.4892,4955000
2008-08-14,29.2637,29.9403,29.2149,29.4648,4706200
2008-08-15,29.5624,29.989,29.5624,29.733,4611400
2008-08-18,29.7513,29.7574,29.1479,29.2881,6245500
2008-08-19,29.0625,29.3429,28.8004,29.1357,5448700
2008-08-20,29.154,29.2027,28.7639,28.898,4545100
2008-08-21,28.9406,28.9406,28.386,28.7517,4161600
2008-08-22,28.7761,29.349,28.7029,29.2759,5134400
2008-08-25,29.2027,29.6416,28.837,28.965,3940300
2008-08-26,28.9467,29.1235,28.5444,28.6603,3370600
2008-08-27,28.642,28.9467,28.3189,28.5688,5520100
2008-08-28,28.6846,28.8736,28.4408,28.5932,4285500
2008-08-29,28.453,28.6603,28.4103,28.4347,4765200
2008-09-02,28.7761,29.0199,28.2945,28.4408,5241900
2008-09-03,28.4408,28.9467,28.1787,28.5932,4425900
2008-09-04,28.5261,28.5871,28.008,28.0934,4714400
2008-09-05,28.0203,28.0995,27.5021,27.6972,5127800
2008-09-08,28.2275,28.5627,27.752,28.4469,5790600
2008-09-09,28.1665,29.1845,28.1665,28.3189,7821600
2008-09-10,28.3799,28.8675,28.3433,28.4835,6101700
2008-09-11,28.197,28.5505,28.002,28.4774,4722200
2008-09-12,28.325,28.5566,28.1543,28.4042,4271700
2008-09-15,27.9471,28.4896,27.8374,28.0629,5313600
2008-09-16,27.5936,27.7947,27.1059,27.5875,10048900
2008-09-17,27.2461,27.8191,26.7036,26.7707,7175900
2008-09-18,27.0389,27.8679,26.7402,27.685,9917400
2008-09-19,28.0446,28.8553,27.368,28.4591,11996600
2008-09-22,28.386,28.7273,27.8374,27.9776,5783900
2008-09-23,28.0934,28.1787,27.6728,27.874,7878100
2008-09-24,27.9044,28.3494,27.6728,28.2458,7240700
2008-09-25,28.386,29.0869,28.1787,28.4042,9338200
2008-09-26,28.1421,28.6846,27.8922,28.5383,5769900
2008-09-29,27.2522,28.069,26.4598,26.7707,9791500
2008-09-30,27.3559,27.4107,26.1368,26.8377,8438800
2008-10-01,26.5635,27.0876,26.4537,26.6305,6340200
2008-10-02,26.6305,26.7768,25.8686,25.9356,6564400
2008-10-03,26.2709,26.2709,25.1372,25.1798,9396200
2008-10-06,24.7714,24.808,22.6076,23.4183,18989200
2008-10-07,24.0887,24.363,23.4792,23.5341,12466300
2008-10-08,23.6133,24.0766,22.955,23.1013,8946200
2008-10-09,22.9063,23.0708,19.7733,20.2487,13833900
2008-10-10,19.4807,20.3523,17.8288,19.115,15866600
2008-10-13,19.8159,21.9432,19.627,21.8579,8286200
2008-10-14,22.699,22.8941,21.0716,21.2971,10643400
2008-10-15,21.1203,21.3276,19.4624,19.8342,10602700
2008-10-16,19.9256,21.1264,19.2003,20.9557,10297900
2008-10-17,20.2914,20.7973,19.5904,19.627,9160900
2008-10-20,19.8464,20.7851,19.3649,20.7851,9049300
2008-10-21,20.5474,21.1142,20.1451,20.5291,7733000
2008-10-22,20.4864,20.4986,19.1393,19.5721,6671900
2008-10-23,20.718,20.7241,19.054,20.4072,8729300
2008-10-24,19.499,19.9927,18.9809,19.3405,7224100
2008-10-27,19.0784,19.8708,18.5298,18.5298,7526900
2008-10-28,18.9382,20.4011,18.225,20.3462,8334900
2008-10-29,20.3096,20.523,19.4014,19.5233,9180200
2008-10-30,20.0963,20.1756,19.6635,20.011,7363200
2008-10-31,19.8891,21.0594,19.8891,20.6144,6874800
2008-11-03,20.9923,21.0533,20.4437,20.7302,4801900
2008-11-04,21.1813,21.7238,20.5108,21.4251,7786900
2008-11-05,21.1752,21.5958,20.4498,20.5778,5858400
2008-11-06,20.6571,20.8277,19.8708,20.0354,6447300
2008-11-07,20.0476,20.9497,20.0476,20.846,4023900
2008-11-10,21.1935,21.6384,20.974,21.2544,5806900
2008-11-11,21.1691,21.486,20.4986,20.7058,4962000
2008-11-12,20.5513,20.6564,19.686,19.7725,6160700
2008-11-13,19.9271,21.3239,19.6304,21.0891,13039100
2008-11-14,20.2608,20.9469,19.8096,19.8158,8113700
2008-11-17,19.5995,20.3535,19.4697,19.8591,6436700
2008-11-18,20.335,20.607,19.4944,20.607,6581300
2008-11-19,20.4957,20.9963,19.2224,19.414,7163500
2008-11-20,19.3028,19.9332,18.2891,18.4869,7966700
2008-11-21,18.6847,18.8949,17.6896,18.8083,9947500
2008-11-24,19.0988,20.2485,18.8578,19.8282,7845200
2008-11-25,20.335,20.6193,19.6736,20.2732,6495500
2008-11-26,20.0383,20.3535,19.6736,20.3164,5886700
2008-11-28,20.4339,21.3239,20.4339,21.1076,2736300
2008-12-01,20.5946,20.644,18.9319,19.2348,6326300
2008-12-02,19.4944,20.5761,19.4697,20.5142,6817900
2008-12-03,20.131,21.6824,19.7911,21.6144,7760000
2008-12-04,21.3487,21.5588,20.7367,20.9469,6856500
2008-12-05,20.8233,21.7875,20.1248,21.5959,7571000
2008-12-08,22.0533,22.1583,21.2003,21.5464,6885000
2008-12-09,21.2621,21.6948,21.225,21.3672,4471700
2008-12-10,21.5897,21.9915,21.4105,21.6391,4854200
2008-12-11,22.1831,22.6157,21.7566,22.0162,8004200
2008-12-12,21.5217,22.5601,21.3857,22.5045,6637400
2008-12-15,22.5045,22.6466,21.5712,21.8308,5728500
2008-12-16,22.0285,23.0793,21.9667,22.9989,6155900
2008-12-17,22.6899,23.0669,22.4179,22.8321,4963700
2008-12-18,22.9989,23.4378,22.5477,22.7888,6650000
2008-12-19,23.4687,23.9632,22.8691,23.6479,10252500
2008-12-22,23.6108,23.7901,22.6404,23.0793,5046400
2008-12-23,23.5243,23.7963,23.1226,23.172,4237500
2008-12-24,23.4872,23.5367,23.1782,23.3636,1237100
2008-12-26,23.4563,23.549,23.3698,23.4749,1614000
2008-12-29,23.5367,23.7963,23.2647,23.7839,4001000
2008-12-30,23.9261,24.5812,23.9261,24.5194,4743600
2008-12-31,24.5194,25.0324,24.3402,24.8903,4735100
2009-01-02,24.9583,25.2055,24.2907,25.0757,6022900
2009-01-05,25.0633,25.0695,24.1486,24.3896,6854500
2009-01-06,24.5009,24.5751,23.8024,24.4576,8975000
2009-01-07,24.1424,24.3896,23.7283,23.8704,6365600
2009-01-08,23.7592,24.0497,23.4254,23.9879,5627000
2009-01-09,23.9879,23.9879,23.5058,23.7839,5937400
2009-01-12,23.7716,23.9508,23.4316,23.5676,5199200
2009-01-13,23.6417,23.9075,23.4316,23.8086,5301400
2009-01-14,23.6974,23.7159,22.9309,23.1596,6557100
2009-01-15,23.1287,23.2585,22.4241,23.2091,4957200
2009-01-16,23.512,23.7406,23.0484,23.5676,5443900
2009-01-20,23.4378,23.957,23.0113,23.1102,9442300
2009-01-21,23.4131,23.9199,23.0113,23.6356,6836000
2009-01-22,23.2585,23.6974,22.968,23.3636,5547800
2009-01-23,22.9928,23.2647,22.7703,23.1287,6228600
2009-01-26,23.2709,23.7901,23.0237,23.2215,6766000
2009-01-27,23.3883,24.0435,23.2956,23.8643,5403700
2009-01-28,24.1053,24.2289,23.7221,24.1609,5368700
2009-01-29,23.8828,24.198,23.3265,23.4687,6473900
2009-01-30,23.9261,23.9261,22.4179,22.7579,9599100
2009-02-02,22.5786,23.2462,22.3747,23.036,5505000
2009-02-03,23.2956,24.198,22.7888,23.9137,9611300
2009-02-04,24.2413,24.2598,23.3636,23.4934,7416500
2009-02-05,23.3574,23.6726,23.0237,23.5861,5051300
2009-02-06,23.3821,23.9446,23.3821,23.5985,4978300
2009-02-09,23.6232,23.6294,23.1164,23.5614,4132900
2009-02-10,23.4872,23.7345,22.7208,22.8321,5721900
2009-02-11,23.258,23.3019,22.8383,23.0012,4244400
2009-02-12,22.6629,22.9323,22.1618,22.7632,6098300
2009-02-13,22.6441,22.8508,22.1618,22.1931,6020700
2009-02-17,21.7484,21.9927,21.4665,21.6607,7399900
2009-02-18,21.7734,21.7734,21.3663,21.5479,5916800
2009-02-19,21.7045,21.8361,21.4978,21.5981,4240600
2009-02-20,21.2222,21.3788,20.6271,20.8213,8361100
2009-02-23,21.0844,21.1909,20.2075,20.2388,5545100
2009-02-24,20.3014,20.6585,20.0822,20.6146,7345600
2009-02-25,20.5395,20.696,20.1135,20.3954,6943800
2009-02-26,20.6585,20.6585,19.4182,19.4433,12135600
2009-02-27,19.0236,19.2491,18.4035,18.4035,9522900
2009-03-02,17.8835,18.0715,17.3261,17.3824,13436000
2009-03-03,17.5891,17.8585,17.0504,17.2196,9488100
2009-03-04,17.6643,18.084,17.0818,17.8522,8865100
2009-03-05,17.4701,17.7833,17.0442,17.207,9028200
2009-03-06,17.3198,17.6831,17.1945,17.5265,8700000
2009-03-09,17.3699,17.9587,17.207,17.5202,8635800
2009-03-10,17.9336,18.6415,17.7457,18.6164,10124700
2009-03-11,18.7981,18.8482,17.9587,18.0715,9624700
2009-03-12,18.0715,18.8732,18.0088,18.8106,6359600
2009-03-13,18.9359,19.4495,18.8482,19.1927,6790500
2009-03-16,19.318,19.8817,19.2553,19.2992,6624300
2009-03-17,19.3932,19.8943,19.1175,19.8943,5031600
2009-03-18,20.3265,20.7336,20.0133,20.3578,6519000
2009-03-19,20.433,20.5269,19.7439,19.9381,5170900
2009-03-20,19.982,20.6146,19.982,20.3891,10262000
2009-03-23,20.8464,21.3538,20.6835,21.3538,6611700
2009-03-24,21.0531,21.4916,20.7775,20.7775,8487800
2009-03-25,20.8965,21.216,20.5833,21.003,7747900
2009-03-26,21.1345,21.479,20.9153,21.4352,7407000
2009-03-27,21.1909,21.3976,21.0218,21.1408,5461800
2009-03-30,20.0634,20.6585,20.0634,20.5708,7106400
2009-03-31,20.7963,21.2222,20.4204,20.9278,6702000
2009-04-01,20.6898,21.2535,20.4142,21.1596,5483400
2009-04-02,21.5542,21.5542,21.0218,21.2347,6665800
2009-04-03,21.003,21.1408,20.3703,20.6773,7122500
2009-04-06,20.5144,20.884,20.2889,20.5708,6618900
2009-04-07,19.9318,20.1323,19.3618,19.9694,6031800
2009-04-08,20.0195,20.3766,19.794,20.2576,5226900
2009-04-09,20.6835,21.1721,20.2701,20.4455,4984200
2009-04-13,20.2513,20.5457,20.2137,20.4016,3405300
2009-04-14,20.5144,20.5144,20.0321,20.1386,5248600
2009-04-15,20.101,20.6459,20.0446,20.552,6155300
2009-04-16,20.6522,20.9591,20.314,20.8401,4967300
2009-04-17,20.8339,21.3287,20.79,21.1408,6670400
2009-04-20,21.0969,21.5667,20.6209,20.6647,9799300
2009-04-21,20.9341,21.0969,20.5081,20.884,6409700
2009-04-22,20.7399,20.884,20.3327,20.5081,11129900
2009-04-23,20.3766,20.6397,20.0634,20.5958,8591400
2009-04-24,20.671,21.0844,20.577,20.6773,8328100
2009-04-27,20.6647,20.9842,20.5144,20.7524,4168700
2009-04-28,20.7148,21.1032,20.6459,20.7963,7663500
2009-04-29,20.9529,21.1283,20.6459,20.8965,6750000
2009-04-30,21.2097,21.2285,20.5645,20.6209,8283200
2009-05-01,20.6209,21.0343,20.433,20.9779,5411900
2009-05-04,20.9341,21.2911,20.8401,21.1784,5363100
2009-05-05,21.6106,21.7922,21.2661,21.6356,8330900
2009-05-06,21.93,22.0679,21.335,21.5667,5696700
2009-05-07,21.7547,22.5251,21.6294,22.4562,11236400
2009-05-08,22.7506,22.9573,22.3936,22.5189,7172300
2009-05-11,22.3121,22.4813,21.9488,22.143,6339100
2009-05-12,22.2996,22.7193,22.118,22.4875,6427600
2009-05-13,22.278,22.894,22.1065,22.3224,6042000
2009-05-14,22.3669,22.5066,22.2272,22.3034,4647400
2009-05-15,22.2907,22.3351,21.6239,21.7001,6176500
2009-05-18,21.8588,22.0684,21.5984,22.0176,5553400
2009-05-19,22.1065,22.1319,21.808,21.9287,4369900
2009-05-20,22.1383,22.3732,21.9096,22.0557,4780800
2009-05-21,22.3034,22.3034,21.7064,21.9858,5217100
2009-05-22,21.9922,22.0811,21.681,21.808,3339200
2009-05-26,21.7382,22.1764,21.6239,22.1319,3952900
2009-05-27,22.1256,22.2462,21.3254,21.3825,5193700
2009-05-28,21.3825,21.6683,21.319,21.4524,4498700
2009-05-29,21.4968,21.9731,21.3381,21.9541,4873200
2009-06-01,22.1573,22.2653,21.7699,22.0049,5319700
2009-06-02,21.9096,22.4431,21.8461,22.2589,5291500
2009-06-03,22.0684,22.1446,21.7826,21.9731,5278000
2009-06-04,22.0049,22.1256,21.5921,21.8334,4666600
2009-06-05,21.935,22.1065,21.5731,22.0811,5526000
2009-06-08,22.1002,22.1065,21.4016,21.6556,5648700
2009-06-09,21.5604,21.8271,21.2809,21.5349,4052000
2009-06-10,21.6683,21.7318,21.3381,21.5349,4738700
2009-06-11,21.554,22.1637,21.554,21.8334,6347400
2009-06-12,21.8398,22.1256,21.6366,21.7763,5266200
2009-06-15,21.5858,21.5858,20.9189,20.9316,7087900
2009-06-16,21.0459,21.2936,20.8173,20.9443,6471600
2009-06-17,20.9507,21.4714,20.9507,21.2301,5062500
2009-06-18,21.2365,21.7064,21.1476,21.4968,4871900
2009-06-19,21.6429,21.7699,21.3381,21.4079,6932400
2009-06-22,21.2111,21.2111,20.8173,21.0968,7991300
2009-06-23,21.1158,21.4397,21.0523,21.3127,5840100
2009-06-24,21.3889,21.5731,21.1857,21.3444,6134000
2009-06-25,21.1984,22.4875,21.1158,22.4367,12777400
2009-06-26,22.3542,22.5256,21.6048,22.405,18743900
2009-06-29,22.4177,22.4177,21.9287,22.2462,6993100
2009-06-30,22.2462,22.3669,21.7953,21.9985,6700100
2009-07-01,22.0747,22.3796,21.9985,22.2018,5269200
2009-07-02,22.043,22.043,21.5286,21.5286,4492900
2009-07-06,21.3889,21.573,21.1285,21.319,6241500
2009-07-07,21.3127,21.5159,21.1476,21.2682,6003900
2009-07-08,20.9824,21.5476,20.9824,21.2238,5880000
2009-07-09,21.2746,21.3254,20.8808,20.957,5492500
2009-07-10,20.8618,21.5413,20.7983,21.1603,13989200
2009-07-13,21.2111,21.2428,20.4426,20.9126,13187100
2009-07-14,20.8364,20.9761,20.703,20.8999,9884200
2009-07-15,20.9634,21.3127,20.7221,21.2682,7363900
2009-07-16,21.192,21.5349,21.192,21.4397,6020100
2009-07-17,21.4079,21.4206,21.0968,21.2936,4388500
2009-07-20,21.4397,21.5476,21.0459,21.4143,6245200
2009-07-21,21.662,21.9287,21.5667,21.8779,6772300
2009-07-22,22.1319,22.1446,21.4524,21.4587,9882600
2009-07-23,21.6302,21.935,21.4651,21.7699,6543100
2009-07-24,21.681,22.0747,21.4778,22.0239,7136100
2009-07-27,22.1128,22.3224,21.916,22.3224,4740800
2009-07-28,22.2335,22.4304,21.9223,22.2716,4896400
2009-07-29,22.2208,22.3986,21.9795,22.1637,4125500
2009-07-30,22.3669,22.64,22.17,22.2589,4579700
2009-07-31,22.2335,22.4875,22.151,22.1573,5893600
2009-08-03,22.4367,22.6273,21.9541,22.2018,5663700
2009-08-04,22.1573,22.2653,21.9795,22.2653,4364800
2009-08-05,22.3161,22.3986,21.9096,22.0366,4805900
2009-08-06,22.0811,22.0938,21.808,21.8588,4453200
2009-08-07,22.062,22.2653,21.9541,22.1573,5257700
2009-08-10,21.5731,21.5921,21.3889,21.4841,9479700
2009-08-11,21.554,21.6112,21.2936,21.3825,6293700
2009-08-12,21.5243,21.5372,21.2021,21.2279,7475700
2009-08-13,21.215,21.3632,20.8734,21.1828,6266000
2009-08-14,21.2085,21.2472,20.8799,21.1892,3817300
2009-08-17,21.0925,21.2279,20.9121,21.0796,4247000
2009-08-18,20.7703,21.273,20.7703,21.1634,5479500
2009-08-19,20.8412,21.2343,20.8412,21.2343,5936900
2009-08-20,21.3696,21.4405,21.1505,21.3632,4443900
2009-08-21,21.3954,21.8079,21.3954,21.5565,5728300
2009-08-24,21.6339,21.8465,21.5114,21.737,5603000
2009-08-25,21.7563,22.0076,21.737,21.8272,5369100
2009-08-26,21.7434,22.0076,21.6532,21.6854,5392700
2009-08-27,21.6403,22.0076,21.6403,21.9819,6200500
2009-08-28,21.9819,22.0528,21.5114,21.6532,8660000
2009-08-31,21.4663,21.7885,21.4663,21.563,5819100
2009-09-01,21.4599,21.621,21.099,21.1892,7084900
2009-09-02,21.1054,21.3374,21.041,21.273,7142100
2009-09-03,21.2472,21.2859,20.925,21.0345,5838000
2009-09-04,21.0603,21.2665,21.0345,21.2665,4159700
2009-09-08,21.3954,21.4276,21.0345,21.157,5376900
2009-09-09,21.1183,21.3632,21.0861,21.1892,6195400
2009-09-10,21.3761,21.3954,21.1054,21.1505,5942400
2009-09-11,21.1956,21.3503,21.0539,21.1505,7281700
2009-09-14,21.4727,21.4792,21.273,21.3503,8473700
2009-09-15,21.4148,21.4148,21.0796,21.1054,7476100
2009-09-16,21.1763,21.2343,21.0603,21.1828,6122600
2009-09-17,21.1376,21.2408,21.0603,21.099,7067600
2009-09-18,21.2665,21.3116,21.157,21.1763,9311900
2009-09-21,21.2665,21.2859,21.1054,21.1763,4607600
2009-09-22,21.2279,21.2794,21.0668,21.1183,6737400
2009-09-23,21.1699,21.1699,20.9121,20.9121,6428500
2009-09-24,20.9894,21.0925,20.8154,20.8799,6937400
2009-09-25,20.867,21.1828,20.867,21.0603,6311700
2009-09-28,21.0925,21.4921,21.0925,21.2923,5600500
2009-09-29,21.3825,21.621,21.215,21.5372,9277100
2009-09-30,21.6016,21.6016,21.1054,21.2859,6579000
2009-10-01,21.2472,21.2859,21.0088,21.041,6639300
2009-10-02,20.9443,21.041,20.8154,20.9508,5759000
2009-10-05,21.0152,21.0474,20.7961,20.925,5052900
2009-10-06,21.041,21.3825,20.9572,21.2794,4829000
2009-10-07,21.2665,21.3439,21.1699,21.3439,5456500
2009-10-08,21.4147,21.6016,21.389,21.4985,5007700
2009-10-09,21.5179,21.8401,21.3567,21.7692,5442700
2009-10-12,21.8465,21.9496,21.7499,21.8272,4233800
2009-10-13,21.7885,21.8143,21.4599,21.4985,5376800
2009-10-14,21.6468,21.9625,21.5114,21.8594,6773600
2009-10-15,21.7756,22.2396,21.7499,22.2332,6888400
2009-10-16,22.0785,22.2847,22.0785,22.1945,6747500
2009-10-19,22.375,22.9098,22.2719,22.7358,9515500
2009-10-20,22.6779,22.9614,22.4523,22.7101,12117400
2009-10-21,22.8132,22.8841,21.5759,21.6919,17840300
2009-10-22,21.8916,21.9947,21.5565,21.9754,10035000
2009-10-23,22.0592,22.0914,21.7821,21.8852,7867500
2009-10-26,21.9432,22.1687,21.737,21.853,8003700
2009-10-27,21.911,22.1881,21.8336,22.027,6637400
2009-10-28,22.0141,22.1494,21.911,21.911,7898000
2009-10-29,22.0076,22.0076,21.7176,22.0012,7201100
2009-10-30,21.9561,22.1236,21.7176,21.9174,8669400
2009-11-02,22.0334,22.0334,21.795,21.9432,7000200
2009-11-03,21.8465,21.911,21.5114,21.6145,7223300
2009-11-04,21.795,22.1559,21.6854,21.8981,5766000
2009-11-05,22.0012,22.2976,21.9174,22.1881,4852300
2009-11-06,22.1623,22.2525,22.0141,22.2332,9027300
2009-11-09,22.4007,22.8003,22.3041,22.7616,5819100
2009-11-10,22.7094,23.0949,22.6701,23.0361,6043400
2009-11-11,23.0753,23.1341,22.7812,22.9969,6164200
2009-11-12,22.8858,23.1341,22.8139,22.8597,5226600
2009-11-13,22.9315,23.2126,22.8401,23.108,5019100
2009-11-16,23.1276,23.5655,23.0361,23.4544,7371200
2009-11-17,23.4544,23.4936,23.2518,23.487,4780700
2009-11-18,23.5262,23.67,23.2191,23.6635,5744200
2009-11-19,23.572,23.6635,23.0426,23.6047,7071700
2009-11-20,23.5524,23.9837,23.5262,23.9118,7319900
2009-11-23,23.9379,24.2974,23.9379,24.049,5129200
2009-11-24,24.1079,24.4411,23.9968,24.3758,8028200
2009-11-25,24.4673,24.5326,24.3104,24.4411,5113500
2009-11-27,24.1209,24.2059,23.8268,24.1144,3040500
2009-11-30,24.1667,24.1797,23.8987,24.0033,6680700
2009-12-01,24.0621,24.4934,23.9641,24.2386,6762200
2009-12-02,24.2386,24.6111,24.2386,24.513,6618300
2009-12-03,24.5,24.8267,24.3823,24.4411,6362400
2009-12-04,24.6764,24.8332,24.3431,24.4346,5001100
2009-12-07,24.4607,24.6895,24.1993,24.2255,5677300
2009-12-08,24.1928,24.3954,23.8138,23.8595,7180900
2009-12-09,23.853,24.0164,23.6765,23.8922,6549500
2009-12-10,23.389,23.5524,22.7159,22.8858,21928200
2009-12-11,23.0296,23.1276,22.5264,22.8531,12559000
2009-12-14,23.0296,23.4021,22.9446,23.2779,6539000
2009-12-15,23.2518,23.389,23.023,23.3629,6072400
2009-12-16,23.487,23.5654,23.3367,23.3367,7272500
2009-12-17,23.3171,23.3694,23.0819,23.1668,5318600
2009-12-18,23.1864,23.3825,23.0884,23.3433,9838300
2009-12-21,23.4282,23.8726,23.3433,23.6831,6356000
2009-12-22,23.8072,23.9706,23.5001,23.5981,5231200
2009-12-23,23.755,23.8334,23.4544,23.487,5578300
2009-12-24,23.5262,23.5916,23.3955,23.5785,1410500
2009-12-28,23.6504,23.755,23.5197,23.6635,3104000
2009-12-29,23.6635,23.7615,23.5197,23.5328,3629300
2009-12-30,23.4282,23.6373,23.4086,23.6373,3457600
2009-12-31,23.5916,23.6243,23.304,23.3367,4821400
2010-01-04,23.3759,23.755,23.3759,23.4086,6067100
2010-01-05,23.4609,23.4674,22.827,22.9969,7517100
2010-01-06,23.0296,23.2191,23.0296,23.1668,7661600
2010-01-07,23.1929,23.2387,22.9708,23.0492,5997100
2010-01-08,23.0557,23.0557,22.7682,22.8727,5624400
2010-01-11,22.9315,23.2387,22.9315,23.1864,4793400
2010-01-12,23.1015,23.2648,23.01,23.108,4700800
2010-01-13,23.1015,23.5262,23.0492,23.4282,5320900
2010-01-14,23.3629,23.5262,23.3629,23.5262,6417300
2010-01-15,23.5262,23.5981,23.1537,23.4086,6519600
2010-01-19,23.5197,24.781,23.4674,24.4477,17795600
2010-01-20,24.4411,24.6503,23.9575,24.3758,8851200
2010-01-21,24.3562,24.4934,23.5262,23.5981,11022600
2010-01-22,23.585,23.7942,23.1733,23.2125,7247500
2010-01-25,23.4282,23.5393,23.2191,23.3629,6499400
2010-01-26,23.5001,23.6831,23.3759,23.6308,7128400
2010-01-27,23.6308,23.8007,23.4609,23.7811,7009700
2010-01-28,23.4674,23.5328,23.0492,23.3629,9423500
2010-01-29,23.487,23.487,22.9577,23.0034,9281900
2010-02-01,23.108,23.3236,22.7747,22.8727,6767300
2010-02-02,22.8727,23.3629,22.8074,23.2779,6573500
2010-02-03,23.1668,23.1668,22.9185,23.0753,5493500
2010-02-04,22.9381,23.0165,22.6179,22.6571,8914200
2010-02-05,22.6375,22.7551,22.1604,22.559,8698500
2010-02-08,22.5394,22.9577,22.363,22.729,8301000
2010-02-09,22.8401,23.1799,22.7812,23.0034,10261600
2010-02-10,23.0299,23.0299,22.5196,22.6456,9425900
2010-02-11,22.6456,22.8179,22.4136,22.6456,6352000
2010-02-12,22.4998,22.5594,22.2877,22.4998,8706400
2010-02-16,22.6986,22.6986,22.4998,22.5859,7280900
2010-02-17,22.7648,22.9438,22.6787,22.7914,5708100
2010-02-18,22.7914,22.9239,22.7052,22.8046,4158200
2010-02-19,22.6654,22.851,22.4401,22.6919,5476400
2010-02-22,22.798,22.9637,22.5859,22.8444,5855000
2010-02-23,22.7715,22.8444,22.4335,22.5064,5547900
2010-02-24,22.6058,22.7383,22.5064,22.5594,4426200
2010-02-25,22.4269,22.745,22.3473,22.6919,6111600
2010-02-26,22.7516,22.8775,22.6588,22.7582,4850100
2010-03-01,22.8643,22.8974,22.7185,22.745,5714700
2010-03-02,22.7582,23.0366,22.7516,22.8974,6316400
2010-03-03,22.9438,23.0167,22.6853,22.745,5317600
2010-03-04,22.7914,22.904,22.7383,22.8908,5815300
2010-03-05,22.9637,23.2553,22.9504,23.2553,5995400
2010-03-08,23.2685,23.2685,23.0697,23.1492,5672000
2010-03-09,23.1956,23.3083,23.0432,23.2354,4805800
2010-03-10,23.3547,23.5005,23.2487,23.421,5063800
2010-03-11,23.4143,23.7457,23.3481,23.7391,6661300
2010-03-12,23.8517,23.8584,23.5137,23.812,7245200
2010-03-15,23.7987,23.8849,23.6993,23.865,6446000
2010-03-16,23.918,24.0042,23.7855,23.9776,6635900
2010-03-17,23.9975,24.0837,23.918,24.0042,6155400
2010-03-18,23.9114,24.1102,23.8716,24.0969,5731200
2010-03-19,23.971,24.2427,23.865,23.971,9641300
2010-03-22,23.971,24.4018,23.9379,24.2162,6691600
2010-03-23,24.2825,24.3885,24.1632,24.2692,6515200
2010-03-24,24.309,24.3223,23.9776,24.0307,5450700
2010-03-25,24.2427,24.2427,23.8319,23.8451,5852200
2010-03-26,23.8849,23.8849,23.4607,23.474,8199200
2010-03-29,23.527,23.6794,23.421,23.5071,6954900
2010-03-30,23.5336,23.8186,23.5137,23.7921,7239900
2010-03-31,23.7722,24.1831,23.7258,24.0042,9361900
2010-04-01,24.1566,24.2494,23.8849,23.9578,6248100
2010-04-05,24.0903,24.5012,23.9909,24.2229,8196400
2010-04-06,24.1168,24.2427,23.8981,24.1963,7033500
2010-04-07,24.1963,24.309,24.1566,24.203,9554200
2010-04-08,24.1963,24.2692,24.1566,24.203,6104900
2010-04-09,24.3156,24.4681,24.2162,24.415,4587200
2010-04-12,24.4084,24.4084,24.2162,24.2361,5256400
2010-04-13,24.2361,24.4946,24.1897,24.4681,5788900
2010-04-14,24.3355,24.4018,24.1566,24.2494,7678300
2010-04-15,24.2626,24.3753,24.1897,24.3355,5629500
2010-04-16,24.203,24.415,24.1897,24.2162,7987600
2010-04-19,23.8252,24.2693,23.6927,24.2428,11600000
2010-04-20,24.2096,24.2891,24.1632,24.2096,7789400
2010-04-21,24.1897,24.2295,23.7258,23.865,11347000
2010-04-22,23.7192,23.7523,23.3348,23.4475,10391800
2010-04-23,23.474,23.5137,23.0962,23.5005,10398900
2010-04-26,23.5137,23.6595,23.3613,23.4077,6419000
2010-04-27,23.3878,23.4607,23.0763,23.1095,7002500
2010-04-28,23.2089,23.2089,22.9106,23.0366,6968300
2010-04-29,23.1757,23.4276,23.083,23.2221,6256300
2010-04-30,23.2818,23.527,23.1757,23.1757,6937600
2010-05-03,23.3746,23.4673,23.1956,23.3215,5234100
2010-05-04,23.2155,23.4475,23.1028,23.2022,7010800
2010-05-05,23.1691,23.4408,23.1028,23.2486,6713800
2010-05-06,23.2288,23.2818,22.1485,22.798,12354100
2010-05-07,22.798,23.1293,22.5461,22.9438,23682700
2010-05-10,23.5071,23.7258,23.1426,23.295,13461100
2010-05-11,23.1824,23.5535,23.1625,23.3812,6984800
2010-05-12,23.5694,23.5694,23.1661,23.3745,6697600
2010-05-13,23.3745,23.4081,23.1728,23.1863,5617300
2010-05-14,23.0788,23.1191,22.6688,22.7965,7688500
2010-05-17,22.8301,22.9578,22.568,22.857,5526900
2010-05-18,23.0183,23.1325,22.5882,22.5949,6693100
2010-05-19,22.4941,22.8503,22.4941,22.7562,9399300
2010-05-20,22.4806,22.8234,22.2454,22.4067,12160500
2010-05-21,22.1782,22.3126,21.9564,22.2588,9019400
2010-05-24,22.1849,22.4537,22.111,22.1647,4874600
2010-05-25,21.9295,22.0505,21.5196,22.0102,10079600
2010-05-26,22.1647,22.1647,21.5733,21.6741,12715000
2010-05-27,21.9564,22.0908,21.8556,22.0572,6110700
2010-05-28,22.0707,22.232,21.8825,22.0371,8389500
2010-06-01,21.9295,22.2656,21.7817,21.8758,5852100
2010-06-02,22.0169,22.326,21.9228,22.3193,5509500
2010-06-03,22.3328,22.5411,22.2924,22.4269,5107700
2010-06-04,22.1916,22.2454,21.6876,21.7548,6832600
2010-06-07,21.9026,22.0774,21.7951,21.8959,9650100
2010-06-08,21.8892,22.1244,21.7615,22.111,7600900
2010-06-09,22.1782,22.3731,22.0505,22.1446,6512400
2010-06-10,22.4134,22.7965,22.279,22.4873,7213400
2010-06-11,22.3932,22.7158,22.3529,22.6285,5601600
2010-06-14,22.8503,22.9981,22.736,22.7629,6053200
2010-06-15,22.8166,23.1325,22.689,23.1124,6373600
2010-06-16,23.0317,23.0922,22.7965,22.9242,7534700
2010-06-17,23.0115,23.1124,22.8032,23.1124,6494200
2010-06-18,23.2938,23.3476,23.0922,23.2602,8506400
2010-06-21,23.361,23.4215,23.1997,23.2938,5373200
2010-06-22,23.2938,23.5089,23.1325,23.1527,5256400
2010-06-23,23.146,23.3207,23.0116,23.2266,5625800
2010-06-24,23.2132,23.2602,22.9779,23.1728,16867500
2010-06-25,23.0653,23.0855,22.7562,22.8099,12710800
2010-06-28,23.0183,23.025,22.6957,22.8637,8289300
2010-06-29,22.5882,22.7226,22.4067,22.6822,8854700
2010-06-30,22.6486,22.8973,22.4672,22.5142,7742600
2010-07-01,22.4672,22.4941,22.0572,22.2588,17132600
2010-07-02,22.3664,22.7629,22.2387,22.6285,6888200
2010-07-06,22.8301,22.9511,22.6285,22.7898,19358500
2010-07-07,22.8637,23.3005,22.689,23.2938,6759500
2010-07-08,23.4081,23.65,23.3543,23.6433,7511300
2010-07-09,23.6164,23.6433,23.4417,23.6366,5367200
2010-07-12,23.5895,23.65,23.482,23.6097,4361700
2010-07-13,23.7038,23.9256,23.6366,23.6635,7524300
2010-07-14,23.6231,23.6567,23.3207,23.3879,11570800
2010-07-15,23.4282,23.6836,23.2669,23.6366,7380700
2010-07-16,23.5761,23.603,23.2401,23.2804,7637500
2010-07-19,23.361,23.5761,23.361,23.5156,4951300
2010-07-20,23.3677,23.7307,23.1527,23.6971,6926100
2010-07-21,23.8113,23.8113,23.3341,23.4887,6809100
2010-07-22,24.0936,24.0936,23.5223,23.6231,8888000
2010-07-23,23.6702,23.6836,23.2333,23.6366,6328000
2010-07-26,23.6567,23.8718,23.6366,23.818,4673400
2010-07-27,23.9457,24.2817,23.6903,24.2616,11840500
2010-07-28,24.2078,24.3288,23.8785,23.9726,10420300
2010-07-29,24.0331,24.1877,23.6567,23.8247,7269400
2010-07-30,23.6971,24.0734,23.5559,23.9256,7662800
2010-08-02,24.0869,24.4565,24.0264,24.4229,6991400
2010-08-03,24.4834,24.638,24.3826,24.5842,5950300
2010-08-04,24.5103,24.7455,24.3422,24.7186,6623300
2010-08-05,24.5909,24.7858,24.5035,24.7656,3620200
2010-08-06,24.5976,24.7925,24.4565,24.7791,4711800
2010-08-09,24.853,24.8732,24.7791,24.8396,5664200
2010-08-10,24.7388,25.4848,24.7388,25.384,11213900
2010-08-11,25.0639,25.3703,24.9005,24.9958,9675700
2010-08-12,24.7984,25.1048,24.669,24.9209,7401800
2010-08-13,24.097,24.4035,23.9881,24.3081,13055600
2010-08-16,24.0902,24.3285,23.9881,24.2196,5217800
2010-08-17,23.886,23.9336,23.457,23.6613,14976600
2010-08-18,23.7021,23.8111,23.5864,23.6817,23704700
2010-08-19,23.5523,23.6204,23.2732,23.3412,10578400
2010-08-20,23.2187,23.3072,22.9668,23.2664,9187800
2010-08-23,23.3889,23.5183,23.3208,23.3617,13820500
2010-08-24,23.1778,23.3004,23.0485,23.1302,6426300
2010-08-25,23.0416,23.491,23.0144,23.3617,7127500
2010-08-26,23.4638,23.4638,23.0417,23.1166,6380900
2010-08-27,23.2255,23.3208,22.9599,23.2868,5809800
2010-08-30,23.3072,23.3412,23.1165,23.1302,4576400
2010-08-31,23.1166,23.1778,22.8374,22.8714,9329300
2010-09-01,23.2255,23.3753,23.0348,23.2868,8004300
2010-09-02,23.2595,23.4366,23.2323,23.3617,4316400
2010-09-03,23.3549,23.634,23.3412,23.6,4450600
2010-09-07,23.634,23.6817,23.4434,23.5183,4009800
2010-09-08,23.7021,23.7634,23.5523,23.7021,3587400
2010-09-09,23.7634,24.1311,23.6749,23.9472,5616000
2010-09-10,24.1379,24.1856,23.9677,24.1243,4600900
2010-09-13,24.3286,24.3354,24.0494,24.1924,3943200
2010-09-14,24.2196,24.4103,24.1379,24.2741,6042800
2010-09-15,24.2673,24.4035,24.1788,24.3081,4535900
2010-09-16,24.2264,24.349,24.0902,24.2877,4461200
2010-09-17,24.4035,24.492,24.2264,24.3694,4899300
2010-09-20,24.4579,24.7779,24.383,24.7507,5525700
2010-09-21,24.7711,24.846,24.5669,24.7371,4736600
2010-09-22,24.6622,24.9958,24.5056,24.5464,6931300
2010-09-23,24.4647,24.5192,24.3422,24.4171,4437700
2010-09-24,24.6554,24.703,24.5192,24.5805,6132600
2010-09-27,24.6145,24.6349,24.4715,24.4715,4638800
2010-09-28,24.5464,24.7779,24.4443,24.7779,5453300
2010-09-29,24.7235,25.0026,24.5805,24.8733,6778900
2010-09-30,24.9141,25.1252,24.7371,24.8733,6022100
2010-10-01,24.9754,25.0367,24.7984,24.8801,5212600
2010-10-04,24.8801,24.8937,24.6009,24.7167,4680800
2010-10-05,24.9141,25.1933,24.812,25.1184,5468200
2010-10-06,25.0707,25.309,24.9958,25.309,4981700
2010-10-07,25.384,25.4657,25.1524,25.2478,3782400
2010-10-08,25.2818,25.3567,25.132,25.241,4539400
2010-10-11,25.2954,25.418,25.2546,25.3431,3152400
2010-10-12,25.2818,25.5337,25.1933,25.4384,3733900
2010-10-13,25.5337,25.5337,25.3703,25.4656,5772600
2010-10-14,25.4657,25.5882,25.4044,25.4793,4715900
2010-10-15,25.6495,25.8061,25.5269,25.7108,6742200
2010-10-18,25.8129,25.9287,25.6495,25.9151,10374700
2010-10-19,25.6563,25.7653,25.3431,25.4997,6696200
2010-10-20,24.1924,24.6145,24.1379,24.5192,18242000
2010-10-21,24.4171,24.4647,23.9881,24.1719,10773400
2010-10-22,24.206,24.3286,24.0017,24.1039,6708900
2010-10-25,24.1583,24.2468,23.8723,23.92,8500300
2010-10-26,23.8587,23.9609,23.7089,23.7634,7667800
2010-10-27,23.6408,23.8179,23.6136,23.7906,7163400
2010-10-28,23.8179,24.0085,23.7362,23.9336,6306900
2010-10-29,23.92,23.9677,23.7362,23.9677,6326300
2010-11-01,24.0085,24.0766,23.7498,23.8587,6940900
2010-11-02,23.9949,24.1039,23.8792,24.0902,5843000
2010-11-03,24.1175,24.2264,23.9404,24.2196,4714800
2010-11-04,24.3626,24.3966,24.1447,24.349,19563700
2010-11-05,24.3898,24.4647,24.1787,24.3217,19177000
2010-11-08,24.3626,24.4307,24.2537,24.3286,18223300
2010-11-09,24.3898,24.4239,24.2741,24.3558,6519300
2010-11-10,24.3489,24.3489,24.0244,24.1556,6763500
2010-11-11,24.0727,24.3489,24.052,24.128,5473000
2010-11-12,24.0727,24.1142,23.9761,23.9968,5527300
2010-11-15,23.9968,24.0865,23.7966,23.907,5821300
2010-11-16,23.7966,23.9968,23.6654,23.769,5934500
2010-11-17,23.7759,23.9416,23.693,23.7483,4032200
2010-11-18,23.8587,24.0866,23.8518,24.0175,4699100
2010-11-19,24.0244,24.0313,23.7897,23.8173,5109800
2010-11-22,23.8242,23.8587,23.5826,23.8518,4272000
2010-11-23,23.7138,23.7207,23.5205,23.5274,5980400
2010-11-24,23.5826,23.693,23.555,23.624,5834300
2010-11-26,23.5964,23.5964,23.4721,23.5205,2807800
2010-11-29,23.4583,23.4997,23.1615,23.3962,5126700
2010-11-30,23.265,23.3962,23.1408,23.2374,6176200
2010-12-01,23.4514,23.693,23.41,23.6516,6252100
2010-12-02,23.7,23.8173,23.5826,23.6447,8527100
2010-12-03,23.6378,23.693,23.4169,23.5688,16305000
2010-12-06,23.5135,23.6033,23.4445,23.4514,4658500
2010-12-07,23.6033,23.6309,23.341,23.5481,15330600
2010-12-08,23.5895,23.8035,23.5066,23.6861,4641600
2010-12-09,23.8104,24.1625,23.7207,23.9347,6603700
2010-12-10,24.1142,24.2177,24.0175,24.1487,5813300
2010-12-13,24.2108,24.3006,24.1073,24.1418,8563300
2010-12-14,24.2315,24.3006,24.1142,24.2246,10706900
2010-12-15,24.128,24.3627,24.128,24.2522,9004000
2010-12-16,24.2315,24.3351,24.0934,24.2867,4629000
2010-12-17,24.2591,24.2729,24.0244,24.1694,8493700
2010-12-20,24.197,24.342,24.1487,24.1901,4608400
2010-12-21,24.3006,24.3834,24.2039,24.2591,3793700
2010-12-22,24.2591,24.3282,24.1349,24.3006,2846700
2010-12-23,24.3144,24.4386,24.3006,24.3213,2913600
2010-12-27,24.2522,24.3144,24.1556,24.2108,2002800
2010-12-28,24.2937,24.3006,24.1694,24.197,2617900
2010-12-29,24.2246,24.4179,24.197,24.266,3177400
2010-12-30,24.2315,24.3627,24.1418,24.1763,3176500
2010-12-31,24.1349,24.2798,24.0796,24.1901,2979600
2011-01-03,24.2798,24.3489,24.1556,24.1625,7491700
2011-01-04,24.1763,24.2315,24.128,24.1832,7729300
2011-01-05,24.1556,24.197,24.0106,24.0106,11609100
2011-01-06,24.052,24.1625,24.0244,24.1211,6037400
2011-01-07,24.1211,24.1901,24.0313,24.0934,8366900
2011-01-10,24.0244,24.0934,23.7966,23.8104,8807700
2011-01-11,23.8311,24.1211,23.8242,24.1004,11646800
2011-01-12,24.2039,24.2315,24.0451,24.1832,11675100
2011-01-13,24.2108,24.2177,24.0106,24.0934,4218000
2011-01-14,24.0796,24.1694,23.9071,24.1004,4993000
2011-01-18,24.1142,24.2315,23.9968,24.0175,6273000
2011-01-19,23.9554,24.0589,23.8863,23.9209,6668300
2011-01-20,23.8863,23.9968,23.8173,23.9899,6900400
2011-01-21,24.1142,24.1487,23.9968,23.9968,5620200
2011-01-24,23.9278,24.0658,23.9278,24.0106,12259000
2011-01-25,24.0175,24.0589,23.8518,23.9761,6893300
2011-01-26,24.0658,24.1763,23.9623,24.128,6617200
2011-01-27,24.1694,24.5836,24.1418,24.487,9754600
2011-01-28,24.4662,24.5629,23.9899,24.0037,17586000
2011-01-31,24.052,24.1073,23.9692,24.0037,5704100
2011-02-01,24.0451,24.3144,23.9899,24.3075,6232300
2011-02-02,24.2868,24.5146,24.2246,24.4524,6754000
2011-02-03,24.3834,24.6112,24.3627,24.5974,20017900
2011-02-04,24.625,24.625,24.4317,24.5284,19844100
2011-02-07,24.5767,24.7562,24.5146,24.7148,21207700
2011-02-08,24.7631,24.7976,24.6802,24.7424,7706300
2011-02-09,24.7148,24.7148,24.556,24.701,6415500
2011-02-10,24.6388,24.7424,24.5284,24.5905,7107900
2011-02-11,24.4995,24.4995,24.1495,24.1635,9101700
2011-02-14,24.1985,24.2545,24.1425,24.1915,7215100
2011-02-15,24.1915,24.1985,24.1075,24.1285,6143500
2011-02-16,24.1355,24.2685,24.0445,24.2615,5705000
2011-02-17,24.1705,24.4435,24.1565,24.4015,4189000
2011-02-18,24.3595,24.4015,24.1775,24.2195,7277800
2011-02-22,24.0165,24.2195,23.9395,24.1005,7829700
2011-02-23,24.0585,24.1145,23.8065,23.8275,5926600
2011-02-24,23.8205,23.9675,23.7715,23.8765,5576500
2011-02-25,23.8905,23.9185,23.7995,23.8625,5821400
2011-02-28,23.9675,24.1915,23.9045,24.1915,5853300
2011-03-01,24.1495,24.3245,23.9745,23.9815,4837800
2011-03-02,23.9255,24.0095,23.8345,23.9955,4869400
2011-03-03,23.8275,24.2685,23.8065,24.0725,7070700
2011-03-04,24.1075,24.2895,24.0795,24.2195,6903800
2011-03-07,24.2265,24.3455,24.1495,24.2615,7097800
2011-03-08,24.2685,24.5695,24.1985,24.4855,6907800
2011-03-09,24.4365,24.6255,24.4015,24.5625,4693100
2011-03-10,24.5695,24.6395,24.3175,24.3385,5660700
2011-03-11,24.4225,24.4995,24.2895,24.4015,5137800
2011-03-14,24.2825,24.4225,24.1915,24.3105,11484600
2011-03-15,23.9115,24.0445,23.7995,23.8695,7572000
2011-03-16,23.8695,23.8695,23.4215,23.5405,8771200
2011-03-17,23.7015,23.9955,23.7015,23.8905,16946300
2011-03-18,24.1355,24.1635,23.9535,24.1355,6271000
2011-03-21,24.3245,24.3245,24.0585,24.0655,4656600
2011-03-22,24.1915,24.3245,24.1495,24.1985,3995800
2011-03-23,24.1355,24.1635,23.9185,24.0515,3677300
2011-03-24,24.1075,24.2895,24.0235,24.2195,3466800
2011-03-25,24.2125,24.2965,24.1145,24.1355,4750700
2011-03-28,24.1215,24.2405,24.0655,24.0865,5009800
2011-03-29,24.0655,24.2965,24.0305,24.2755,4423200
2011-03-30,24.4085,24.6605,24.3525,24.6255,6180700
2011-03-31,24.6815,24.7935,24.6115,24.6185,5860800
2011-04-01,24.6465,24.6955,24.4155,24.4925,6385300
2011-04-04,24.5835,24.6255,24.4785,24.5205,5073200
2011-04-05,24.4715,24.6745,24.4645,24.5065,4158100
2011-04-06,24.5625,25.0595,24.5625,25.0035,10337600
2011-04-07,24.9615,25.0525,24.8285,25.0105,6786600
2011-04-08,25.0945,25.0945,24.9055,24.9825,6119100
2011-04-11,25.0455,25.2345,25.0105,25.1085,5675500
2011-04-12,25.0315,25.2275,25.0035,25.0875,3578300
2011-04-13,25.1295,25.1575,24.9475,24.9755,5063400
2011-04-14,24.9265,25.1295,24.8145,25.0245,9595100
2011-04-15,25.1295,25.2415,25.0945,25.2065,11458100
2011-04-18,24.9825,25.0875,24.7585,24.9335,11452500
2011-04-19,25.0175,25.2135,24.7795,24.9895,6311700
2011-04-20,25.1925,25.2975,25.1365,25.2905,7168900
2011-04-21,25.2835,25.6965,25.2135,25.3815,11597500
2011-04-25,25.3675,25.3955,25.2625,25.3605,3641800
2011-04-26,25.5425,25.8435,25.4305,25.7735,6795100
2011-04-27,25.7525,26.1025,25.7455,26.0605,7015400
2011-04-28,25.9905,26.1935,25.9135,26.1305,4427300
2011-04-29,26.1165,26.2215,25.8855,25.9065,6882500
2011-05-02,26.0465,26.2635,26.0325,26.1165,8642300
2011-05-03,26.2005,27.0475,26.1165,26.6625,15087400
2011-05-04,26.6625,26.7955,26.5155,26.6835,15479900
2011-05-05,26.6275,26.8305,26.5575,26.7325,13642200
2011-05-06,26.8795,27.0475,26.7605,26.8725,9031600
2011-05-09,26.9145,27.0965,26.8095,26.9845,7901900
2011-05-10,27.0754,27.1244,26.9284,27.1034,6419100
2011-05-11,27.0822,27.4296,27.0184,27.1389,11591500
2011-05-12,27.0964,27.5997,27.0609,27.4792,8522600
2011-05-13,27.4863,27.6777,27.4367,27.6139,7120700
2011-05-16,27.6139,27.9329,27.5714,27.7557,8632400
2011-05-17,27.6281,27.7982,27.5572,27.7415,5197600
2011-05-18,27.7982,27.8195,27.302,27.4721,12087300
2011-05-19,27.5359,27.5643,27.2949,27.4438,7521700
2011-05-20,27.4012,27.5288,27.1673,27.2523,7899800
2011-05-23,27.0255,27.2949,26.9333,27.224,7087500
2011-05-24,27.2027,27.4721,27.1176,27.3729,5281700
2011-05-25,27.1885,27.302,27.0326,27.1602,7009800
2011-05-26,27.1956,27.2807,26.8624,26.8837,8494300
2011-05-27,26.8766,26.9758,26.6781,26.8341,6648300
2011-05-31,27.0396,27.2949,26.8553,27.2807,8168400
2011-06-01,27.1531,27.2807,26.8837,26.8979,6470400
2011-06-02,26.912,26.912,26.4938,26.6001,6794700
2011-06-03,26.4158,26.4796,26.2385,26.2669,7027500
2011-06-06,26.2669,26.4016,26.2031,26.3165,6607800
2011-06-07,26.4938,26.7348,26.4016,26.4158,5866000
2011-06-08,26.3803,26.5009,26.3165,26.4229,5483900
2011-06-09,26.4087,26.8411,26.3874,26.7419,6241900
2011-06-10,26.7348,26.7915,26.2598,26.2669,7572400
2011-06-13,26.3449,26.5079,26.2953,26.3874,6848900
2011-06-14,26.5079,26.7773,26.4583,26.6639,6506400
2011-06-15,26.5647,26.7561,26.3236,26.3732,6333500
2011-06-16,26.2882,26.437,26.2314,26.3874,5911200
2011-06-17,26.5292,26.7632,26.4087,26.4654,7188400
2011-06-20,26.5079,26.6426,26.4229,26.6284,12416000
2011-06-21,26.6923,26.8695,26.6568,26.7773,4473000
2011-06-22,26.6639,26.8482,26.6639,26.7135,5631300
2011-06-23,26.5859,26.6639,26.0897,26.3661,8335800
2011-06-24,26.4158,26.4158,26.0117,26.0613,6158600
2011-06-27,26.1393,26.2527,25.9479,26.1109,4255600
2011-06-28,26.2173,26.4867,26.1393,26.4796,6028100
2011-06-29,26.6072,26.6072,26.3307,26.4229,5658100
2011-06-30,26.5576,26.6568,26.3591,26.6072,7044300
2011-07-01,26.5717,26.7135,26.4229,26.7064,8036800
2011-07-05,26.7206,26.7277,26.3449,26.4299,9685800
2011-07-06,26.3449,26.7632,26.3449,26.6994,6991700
2011-07-07,26.8695,26.8695,26.6781,26.8341,6109700
2011-07-08,26.6923,26.8057,26.515,26.7348,4192500
2011-07-11,26.5221,26.5647,26.3661,26.4299,4080300
2011-07-12,26.3591,26.8624,26.3378,26.5788,6437800
2011-07-13,26.6355,26.9475,26.5363,26.6284,5672600
2011-07-14,26.5788,27.3587,26.5788,27.2311,13546700
2011-07-15,27.3374,27.3374,26.8624,27.1744,8511500
2011-07-18,27.1106,27.2027,26.8341,26.9759,6450200
2011-07-19,27.0964,27.2098,26.9262,27.1176,6826800
2011-07-20,27.1176,27.2523,26.9758,27.0609,5965200
2011-07-21,27.1602,28.2023,27.1602,27.8762,16441400
2011-07-22,27.7911,27.8266,27.3799,27.4367,7580900
2011-07-25,27.2807,27.5288,27.1673,27.224,5358100
2011-07-26,27.2665,27.387,27.2169,27.2665,5327300
2011-07-27,27.1673,27.4012,26.8837,26.9262,7074500
2011-07-28,27.0042,27.2594,26.9049,26.9404,20393200
2011-07-29,26.7915,27.3374,26.6001,27.1531,26942600
2011-08-01,27.5855,27.5855,26.5505,26.9191,19511900
2011-08-02,26.8128,26.827,26.3307,26.3449,16525000
2011-08-03,26.3236,26.5647,25.9975,26.4512,8410600
2011-08-04,26.1747,26.1747,25.409,25.409,10905900
2011-08-05,25.5508,26.0329,25.0404,25.6926,15044700
2011-08-08,25.1822,25.5225,24.5654,24.6717,14778200
2011-08-09,24.9199,25.2885,23.9273,25.2673,29025000
2011-08-10,24.9695,25.2389,24.3881,24.452,14628700
2011-08-11,24.4376,25.6458,24.3225,25.3869,13633500
2011-08-12,25.5163,25.6098,25.0201,25.0704,11800800
2011-08-15,25.3653,25.7824,25.2502,25.7249,11231800
2011-08-16,25.5235,25.8615,25.3293,25.6673,5977200
2011-08-17,25.7249,25.9838,25.4444,25.6961,6050800
2011-08-18,25.2646,25.4228,24.9482,25.1783,9590700
2011-08-19,24.9266,25.4516,24.9266,25.1783,7381800
2011-08-22,25.5451,25.7896,25.315,25.4732,7740500
2011-08-23,25.5595,25.8543,25.3725,25.8328,11905400
2011-08-24,25.8256,26.1996,25.7249,26.1708,6038700
2011-08-25,26.2139,26.2139,25.5595,25.8112,6843700
2011-08-26,25.6026,26.0198,25.128,25.7249,7599000
2011-08-29,25.9119,26.6023,25.8975,26.6023,6909600
2011-08-30,26.3146,26.89,26.2858,26.7317,7756700
2011-08-31,26.8828,27.0985,26.7389,26.9763,8745900
2011-09-01,27.0194,27.2208,26.6454,26.703,6322700
2011-09-02,26.3002,26.5519,26.1492,26.2067,7199400
2011-09-06,25.6746,26.1636,25.5523,26.0557,7619800
2011-09-07,26.3218,26.6023,26.2211,26.5663,6053200
2011-09-08,26.5304,26.9259,26.3578,26.6167,6645300
2011-09-09,26.6023,26.6814,25.8759,25.9838,9365100
2011-09-12,25.804,25.9478,25.4876,25.9191,6807800
2011-09-13,25.8903,26.4513,25.8184,26.3937,7568400
2011-09-14,26.48,26.9978,26.2858,26.7317,9023800
2011-09-15,27.0482,27.0482,26.5591,26.9259,8448500
2011-09-16,27.2064,27.2208,26.854,27.192,7975700
2011-09-19,26.8037,27.0841,26.6598,26.9835,5706700
2011-09-20,27.0338,27.5876,26.8972,27.2352,6242300
2011-09-21,27.2855,27.4797,26.6814,26.6886,7545200
2011-09-22,26.2211,26.3937,25.9622,26.293,9340700
2011-09-23,26.178,26.2859,25.7105,25.9406,11861900
2011-09-26,26.178,26.3721,25.9982,26.3506,15018700
2011-09-27,26.7461,27.0769,26.5591,26.7389,7601600
2011-09-28,26.6886,27.2136,26.6886,26.7821,7820900
2011-09-29,27.0913,27.3287,26.48,26.7893,13519500
2011-09-30,26.5807,26.9691,26.5232,26.5879,7368300
2011-10-03,26.6239,27.0482,26.1276,26.1276,10378700
2011-10-04,25.8328,26.4153,25.6674,26.4153,10299100
2011-10-05,26.4513,26.6958,26.2067,26.6311,6679600
2011-10-06,26.5591,26.8108,26.4369,26.7749,6733300
2011-10-07,26.9978,27.5084,26.8756,27.2711,9975800
2011-10-10,27.5876,27.8536,27.4581,27.6235,5480000
2011-10-11,27.4509,27.5156,27.1057,27.1129,8759200
2011-10-12,27.1273,27.4006,26.9978,27.0482,9029300
2011-10-13,27.2567,27.4293,26.9187,27.3286,5861000
2011-10-14,27.5588,27.5947,27.415,27.5372,4710300
2011-10-17,27.4221,27.6019,27.2495,27.3071,6213000
2011-10-18,27.2495,27.868,27.1201,27.6811,5550400
2011-10-19,27.8105,28.0334,27.6523,27.8321,6662100
2011-10-20,27.7026,27.9471,27.343,27.7674,8612400
2011-10-21,27.6523,27.868,27.1417,27.379,11893400
2011-10-24,27.2783,27.5228,27.2208,27.4653,6443700
2011-10-25,27.3718,27.4725,26.8468,26.9115,6203700
2011-10-26,27.1704,27.1776,26.7245,26.9691,7208200
2011-10-27,27.6235,27.6379,27.1417,27.2352,9113900
2011-10-28,27.3862,27.5876,27.2783,27.53,5430000
2011-10-31,27.2927,27.4365,26.7174,26.7245,10771300
2011-11-01,26.4513,27.1417,26.3578,26.7677,10497600
2011-11-02,27.0554,27.1201,26.7893,26.9547,5233400
2011-11-03,27.1345,27.415,27.0554,27.3646,25756700
2011-11-04,27.3071,27.3143,27.041,27.2855,25551000
2011-11-07,27.1848,27.6163,27.0698,27.5804,26566100
2011-11-08,27.6091,28.0766,27.4293,28.0406,6426000
2011-11-09,27.7098,27.7098,27.1057,27.2208,8454800
2011-11-10,27.4758,27.5487,27.0896,27.1261,8292800
2011-11-11,27.3956,27.6288,27.3519,27.5778,4408400
2011-11-14,27.4102,27.5195,27.2791,27.4321,3990900
2011-11-15,27.4029,27.5414,27.2208,27.4321,4423200
2011-11-16,27.3082,27.3082,26.8128,26.8346,6153000
2011-11-17,26.8856,27.0313,26.6015,26.82,5687500
2011-11-18,26.9585,26.9876,26.7035,26.8783,5101600
2011-11-21,26.6452,26.7763,26.4412,26.4776,5887500
2011-11-22,26.4922,26.5286,26.2299,26.3319,5030800
2011-11-23,26.1424,26.2007,25.953,25.9749,3866100
2011-11-25,25.9093,26.004,25.8364,25.9239,2364200
2011-11-28,26.5067,26.6306,26.2955,26.4266,6754300
2011-11-29,26.616,26.6379,26.2299,26.3319,5956200
2011-11-30,26.8492,27.5851,26.8492,27.5778,8610000
2011-12-01,27.4758,27.6288,27.3665,27.4248,6250200
2011-12-02,27.5487,27.6069,27.2135,27.2281,5497400
2011-12-05,27.4539,27.5195,27.1771,27.2572,6042200
2011-12-06,27.5997,28.5031,27.5122,28.3137,16567500
2011-12-07,28.6124,29.239,28.5104,28.729,16615300
2011-12-08,28.7071,28.7654,28.27,28.3356,8934700
2011-12-09,28.6561,28.78,28.4813,28.6124,6309400
2011-12-12,28.6197,28.7071,28.2117,28.4084,4764500
2011-12-13,28.4521,29.3192,28.4521,28.8893,11747800
2011-12-14,28.8601,29.494,28.7873,29.1734,12965800
2011-12-15,29.4576,30.1425,29.392,30.0332,13059100
2011-12-16,30.1862,30.1862,29.4649,29.5305,12555400
2011-12-19,29.7199,30.1862,29.5888,29.6835,6979300
2011-12-20,29.9822,30.0041,29.6835,29.9604,8060000
2011-12-21,30.0041,30.2882,29.9458,30.2882,5994000
2011-12-22,30.4339,30.4995,30.0769,30.2081,4904000
2011-12-23,30.3174,30.3902,30.0696,30.3392,6535300
2011-12-27,30.2154,30.5141,30.2008,30.4194,3094400
2011-12-28,30.4339,30.4922,30.0332,30.0915,3230700
2011-12-29,30.1935,30.3538,30.1789,30.2372,4186400
2011-12-30,30.2299,30.5432,30.2154,30.2809,4391600
2012-01-03,30.5651,30.6234,30.3538,30.4558,6905200
2012-01-04,30.4922,30.4922,29.6325,29.6616,10240800
2012-01-05,28.729,29.4139,28.5978,29.3629,14691100
2012-01-06,29.1224,29.2973,29.0059,29.0569,6329600
2012-01-09,29.1006,29.1006,28.8529,29.0059,12353900
2012-01-10,29.2245,29.545,29.1953,29.3848,6838800
2012-01-11,29.2172,29.2754,29.0131,29.1297,5085900
2012-01-12,29.1297,29.3337,29.1297,29.2755,4299500
2012-01-13,29.1152,29.188,28.8893,29.1006,4420100
2012-01-17,29.2609,29.4357,29.1443,29.1662,5899600
2012-01-18,29.188,29.4139,29.1807,29.2755,5173700
2012-01-19,29.3483,29.4285,29.1953,29.2682,7180500
2012-01-20,29.3046,29.3775,28.933,29.0059,8713700
2012-01-23,29.035,29.0496,28.5541,28.7071,9629000
2012-01-24,28.6416,28.882,28.6343,28.8601,5868400
2012-01-25,28.8164,29.1225,28.576,29.0642,5893300
2012-01-26,29.0787,29.1589,28.6634,28.7363,8690300
2012-01-27,28.7727,28.78,28.423,28.5614,6763100
2012-01-30,28.4521,28.7509,28.3647,28.5978,26016300
2012-01-31,29.0132,29.0277,28.6707,28.9549,13418400
2012-02-01,29.0132,29.2244,28.9476,28.9986,7765400
2012-02-02,29.0933,29.1443,28.5978,28.8529,6862800
2012-02-03,28.6707,28.9257,28.6707,28.7873,5911000
2012-02-06,28.8383,28.9476,28.6999,28.8893,7081300
2012-02-07,28.831,28.9039,28.6853,28.78,5838600
2012-02-08,28.7654,29.035,28.7144,28.984,7530400
2012-02-09,28.9549,29.0204,28.7509,28.7946,31139800
2012-02-10,28.7144,28.7217,28.4886,28.6416,6938600
2012-02-13,28.8481,28.8998,28.612,28.6637,4656400
2012-02-14,28.4792,28.5604,28.2579,28.3981,5989700
2012-02-15,28.5161,28.5899,28.3391,28.4571,4462100
2012-02-16,28.4571,28.5825,28.3391,28.5678,3825300
2012-02-17,28.7006,28.9957,28.5973,28.9662,7182600
2012-02-21,29.0695,29.0695,28.5604,28.5899,6858500
2012-02-22,28.5383,28.7153,28.5383,28.6416,4360400
2012-02-23,28.5678,28.6858,28.494,28.6194,3696800
2012-02-24,28.6785,28.9072,28.6563,28.8113,11409900
2012-02-27,28.8039,29.04,28.6342,28.9072,5097000
2012-02-28,29.0178,29.0916,28.8998,29.0695,6218400
2012-02-29,29.099,29.1433,28.9219,28.9514,4272500
2012-03-01,28.8998,29.0769,28.8998,29.0326,4590100
2012-03-02,29.0547,29.2171,28.9957,29.1285,5231700
2012-03-05,29.04,29.1802,28.8408,28.8703,4875800
2012-03-06,28.9219,29.0105,28.4497,28.5088,5938400
2012-03-07,28.494,28.7375,28.494,28.6711,4043200
2012-03-08,28.7522,28.9809,28.7522,28.9145,4478000
2012-03-09,29.0252,29.2244,28.9367,29.1875,4906800
2012-03-12,29.217,29.3794,29.1875,29.3646,4713200
2012-03-13,29.4089,29.6745,29.372,29.6376,4835700
2012-03-14,29.6302,29.8442,29.6228,29.704,4644300
2012-03-15,29.6893,29.8147,29.5564,29.7188,3802400
2012-03-16,29.7335,29.8368,29.4753,29.6597,9659000
2012-03-19,29.5564,29.8073,29.4531,29.7483,4278300
2012-03-20,29.645,29.7261,29.4384,29.5269,4442500
2012-03-21,29.5195,29.6081,29.3646,29.4753,4671700
2012-03-22,29.1949,29.4015,29.1211,29.372,3949400
2012-03-23,29.5343,29.5417,29.2982,29.4163,5203400
2012-03-26,29.4974,29.8073,29.49,29.7114,5361100
2012-03-27,29.7852,29.8221,29.645,29.704,4183400
2012-03-28,29.7483,29.7852,29.4163,29.7409,4874800
2012-03-29,29.5491,29.5786,29.2613,29.4827,5311500
2012-03-30,29.5564,29.7778,29.4753,29.7114,4784300
2012-04-02,29.7335,29.9844,29.6819,29.8663,5233900
2012-04-03,29.8663,29.9475,29.6081,29.7483,3340400
2012-04-04,29.6228,29.8516,29.5269,29.7557,4175400
2012-04-05,29.6081,29.8811,29.586,29.8663,4379400
2012-04-09,29.7483,29.7483,29.2908,29.3056,7599800
2012-04-10,29.2244,29.4532,29.0842,29.0842,6691900
2012-04-11,29.2908,29.2982,29.0621,29.1211,5141900
2012-04-12,29.1802,29.2318,29.0252,29.2023,6299800
2012-04-13,29.1875,29.2171,28.8924,28.9072,5438100
2012-04-16,28.9809,29.2908,28.9736,29.217,10405800
2012-04-17,29.2761,29.5564,29.1433,29.5564,4826200
2012-04-18,29.4384,29.5417,29.2835,29.2908,6856700
2012-04-19,29.3277,29.3941,29.2023,29.3277,4995300
2012-04-20,29.2835,29.5564,29.2761,29.4458,7548300
2012-04-23,29.3646,29.4015,29.2539,29.372,4348800
2012-04-24,29.431,29.5122,29.2687,29.4827,4844700
2012-04-25,29.8221,30.1762,29.6007,30.1024,8205700
2012-04-26,30.0877,30.25,29.9549,30.1614,4763200
2012-04-27,30.3238,30.5672,30.3016,30.4713,20040500
2012-04-30,30.3459,30.6336,30.3459,30.5377,23371700
2012-05-01,30.4861,30.5967,30.3459,30.4271,6352200
2012-05-02,30.368,30.6115,30.3459,30.6041,4856600
2012-05-03,30.6115,30.6189,30.3975,30.4492,5050800
2012-05-04,30.3975,30.5451,30.25,30.4566,7203900
2012-05-07,30.3238,30.7738,30.25,30.7,6084500
2012-05-08,30.6853,30.7369,30.5598,30.7074,7069500
2012-05-09,30.4861,30.6115,30.2574,30.4713,6102700
2012-05-10,30.5967,30.855,30.5156,30.8033,6195200
2012-05-11,30.7361,30.9825,30.6242,30.8033,5000000
2012-05-14,30.6466,30.8033,30.4524,30.557,6009900
2012-05-15,30.5047,30.5644,30.2061,30.2957,5660500
2012-05-16,30.3479,30.4972,30.2658,30.4226,4080800
2012-05-17,30.4076,30.5644,30.2583,30.2583,5824200
2012-05-18,30.318,30.4823,30.1165,30.1911,8350600
2012-05-21,30.2135,30.3853,30.1314,30.333,4955700
2012-05-22,30.3554,30.7287,30.2434,30.6092,9236300
2012-05-23,30.5495,30.6092,30.1314,30.3629,7941300
2012-05-24,30.3927,30.7287,30.3405,30.7287,5630300
2012-05-25,30.6914,30.9825,30.6092,30.6914,4076000
2012-05-29,30.7884,31.0198,30.766,30.8332,4191100
2012-05-30,30.7585,30.9452,30.5794,30.6018,4578900
2012-05-31,30.6689,30.8033,30.445,30.5719,6573800
2012-06-01,30.3629,30.4076,29.9522,29.9821,6387700
2012-06-04,29.9448,30.109,29.8104,29.9746,6544300
2012-06-05,29.9746,30.3703,29.8925,30.3255,5447800
2012-06-06,30.4002,30.6167,30.3031,30.6167,10635500
2012-06-07,30.7735,30.975,30.6988,30.8108,7191400
2012-06-08,30.7958,31.1691,30.7585,31.0049,7114100
2012-06-11,31.1617,31.2886,30.8332,30.975,5598900
2012-06-12,31.0348,31.1094,30.8407,31.087,4674100
2012-06-13,31.087,31.2364,30.9153,31.0348,3553300
2012-06-14,31.0572,31.3483,30.9825,31.2139,5375600
2012-06-15,31.3707,31.4827,31.311,31.3483,6396400
2012-06-18,31.1915,31.423,31.1915,31.3856,3686600
2012-06-19,31.5648,31.7067,31.4752,31.5723,4149900
2012-06-20,31.535,31.5574,31.2737,31.3856,3412600
2012-06-21,31.4976,31.6395,31.1393,31.1766,4243200
2012-06-22,31.3259,31.4529,31.2214,31.4081,4331800
2012-06-25,31.2065,31.2363,30.9526,30.9601,4376800
2012-06-26,30.9303,31.1692,30.9303,31.0348,4070600
2012-06-27,31.087,31.4081,31.0721,31.3035,4267700
2012-06-28,31.3259,31.4528,30.9153,31.4304,5075000
2012-06-29,31.744,32.0352,31.6992,32.0352,6136800
2012-07-02,32.1472,32.2666,32.0053,32.0949,4709200
2012-07-03,32.065,32.3338,31.9605,32.2218,2294200
2012-07-05,32.1397,32.1472,31.9531,31.9904,3760200
2012-07-06,31.8784,31.9082,31.6693,31.8485,3244300
2012-07-09,31.8336,32.0949,31.8336,32.065,3113600
2012-07-10,32.1621,32.2143,31.8933,31.9978,4142000
2012-07-11,31.8485,32.0352,31.744,31.953,4062700
2012-07-12,31.856,32.0501,31.7365,31.9829,4075600
2012-07-13,32.0426,32.4756,31.9008,32.2965,4580100
2012-07-16,32.2591,32.7668,32.2442,32.7369,5779500
2012-07-17,32.9087,33.0505,32.6996,32.8191,11535500
2012-07-18,32.7369,33.3491,32.6921,33.2297,9138900
2012-07-19,33.2371,33.2969,33.1401,33.1476,4592100
2012-07-20,32.9684,33.0505,32.834,32.9758,6506800
2012-07-23,32.7668,32.834,32.5428,32.722,4538100
2012-07-24,31.9082,31.9904,31.0497,31.3409,17930800
2012-07-25,32.3039,32.5354,31.7888,32.192,12960200
2012-07-26,32.6399,32.7519,32.3786,32.5578,6966400
2012-07-27,32.8489,33.2446,32.8415,33.1252,7526500
2012-07-30,32.7817,32.9161,32.5801,32.8862,6791100
2012-07-31,32.9086,33.155,32.8414,32.8713,7260000
2012-08-01,32.9385,33.1475,32.6921,32.7444,8163800
2012-08-02,32.61,32.8041,32.2218,32.3413,6742000
2012-08-03,32.8265,32.9982,32.7743,32.9609,5380100
2012-08-06,32.9385,32.946,32.6324,32.6324,3838700
2012-08-07,32.2591,32.4831,31.5051,31.9157,11700700
2012-08-08,31.9157,32.1024,31.8112,31.9904,5464700
2012-08-09,31.9605,32.065,31.7664,31.8933,5164300
2012-08-10,31.9083,32.6175,31.7739,32.5503,11829200
2012-08-13,32.3993,32.4597,32.1728,32.3238,3928300
2012-08-14,32.4597,32.4823,32.2105,32.2634,3274600
2012-08-15,32.2558,32.4899,32.2483,32.4521,5168600
2012-08-16,32.437,32.4823,32.1954,32.2785,3271500
2012-08-17,32.354,32.354,31.916,32.0293,4521500
2012-08-20,32.0293,32.0293,31.8707,31.9689,3892400
2012-08-21,32.0822,32.0822,31.7877,31.8707,4195400
2012-08-22,31.8405,31.9991,31.8028,31.8405,4709000
2012-08-23,31.833,32.0746,31.8028,32.0142,4589600
2012-08-24,33.8339,33.9849,32.7391,33.1166,48000900
2012-08-27,33.0335,33.9622,33.0335,33.6678,15116900
2012-08-28,33.698,34.3171,33.3809,33.7584,13256500
2012-08-29,33.6753,34.1737,33.5092,34.1057,8328900
2012-08-30,33.9773,33.9773,33.698,33.9018,5234500
2012-08-31,34.0302,34.1963,33.7357,33.9094,6397500
2012-09-04,33.9547,34.2869,33.7584,34.1963,6948400
2012-09-05,34.6342,35.0042,34.521,34.5889,11305000
2012-09-06,34.7173,35.3817,34.7173,35.344,8553600
2012-09-07,35.2685,35.3893,34.9514,35.2232,9900100
2012-09-10,35.2911,35.3742,35.125,35.125,4721800
2012-09-11,35.2232,35.2609,35.042,35.1024,4263300
2012-09-12,35.0948,35.3817,35.0797,35.1477,3977600
2012-09-13,35.2005,35.6838,34.9665,35.6007,5501100
2012-09-14,35.495,35.495,35.1175,35.276,6510400
2012-09-17,35.1401,35.4421,35.1326,35.3591,7230400
2012-09-18,35.125,35.5403,35.125,35.4195,4155500
2012-09-19,35.3138,35.6234,35.2458,35.3817,5176800
2012-09-20,35.3138,35.563,35.2987,35.5026,4905700
2012-09-21,35.6158,36.0613,35.5629,35.8347,8368200
2012-09-24,35.865,35.9631,35.6083,35.7895,4873400
2012-09-25,35.8801,36.1217,35.797,35.8272,4395100
2012-09-26,35.8272,36.016,35.3666,35.6385,4792400
2012-09-27,35.7593,36.0311,35.5629,35.9707,5020300
2012-09-28,35.7668,35.8801,35.4874,35.797,5941800
2012-10-01,35.8574,36.2727,35.8348,35.9178,5301900
2012-10-02,36.099,36.3482,36.0839,36.1972,4948300
2012-10-03,36.2878,36.537,36.1896,36.4766,5763600
2012-10-04,36.5898,36.9598,36.5596,36.8163,7990400
2012-10-05,36.7937,36.922,36.2274,36.4162,7089400
2012-10-08,36.2802,38.4623,36.0613,38.3415,28624000
2012-10-09,38.8248,40.433,38.485,39.1192,29784100
2012-10-10,39.0513,39.1646,37.813,37.9263,11520300
2012-10-11,38.1679,38.4095,37.9791,38.2056,6467400
2012-10-12,37.8055,38.3113,37.7526,38.0924,6823400
2012-10-15,38.4321,40.1461,38.3642,39.6629,12886200
2012-10-16,39.897,40.6822,39.8668,40.5161,11263700
2012-10-17,40.6067,40.7653,40.1763,40.5236,5918400
2012-10-18,40.3651,40.6671,40.0404,40.6294,7926300
2012-10-19,40.6822,40.6822,39.678,39.912,6781500
2012-10-22,40.3047,40.3726,39.2099,39.4741,9336600
2012-10-23,39.1645,39.2929,38.1754,39.1947,10998200
2012-10-24,37.7375,38.938,37.5487,38.1301,14232600
2012-10-25,38.2132,38.6511,38.0773,38.568,7109800
2012-10-26,38.4775,38.5077,37.8508,37.9112,6047600
2012-10-31,38.3642,38.3642,36.3407,36.7182,13386400
2012-11-01,36.9145,37.5185,36.3633,37.0731,8200800
2012-11-02,37.292,37.36,36.6578,36.6578,10584600
2012-11-05,36.5219,36.922,36.4766,36.8314,4246100
2012-11-06,36.8465,37.0957,36.6804,36.8314,5705500
2012-11-07,36.6276,37.0051,35.8952,36.3784,9276000
2012-11-08,36.3331,36.4086,35.8272,35.8423,23062400
2012-11-09,35.5932,36.2425,35.5932,35.8423,15307500
2012-11-12,35.865,36.7257,35.7819,36.469,7293700
2012-11-13,36.3546,36.5834,35.9427,35.9579,7142600
2012-11-14,36.0342,36.3088,35.096,35.2562,9323100
2012-11-15,35.218,35.4011,34.234,35.0578,6867700
2012-11-16,35.0884,35.2791,34.6536,35.0197,8915600
2012-11-19,35.3172,35.9046,35.2028,35.874,8489500
2012-11-20,35.874,36.0724,35.6605,35.9961,4547600
2012-11-21,36.1029,36.1868,35.8206,36.1715,3922900
2012-11-23,36.2173,36.4309,36.1639,36.4156,2254200
2012-11-26,36.1181,36.5606,35.7673,36.5606,7630800
2012-11-27,36.4766,36.8199,36.2402,36.3699,5380000
2012-11-28,36.3317,36.6521,36.0418,36.6444,3654200
2012-11-29,36.8352,37.2013,36.7894,37.0564,4395700
2012-11-30,37.0792,37.4911,36.9114,37.4072,6859200
2012-12-03,37.5369,37.842,37.2242,37.3157,5651800
2012-12-04,37.3081,37.7352,37.2623,37.5445,5488200
2012-12-05,37.5446,37.9107,37.3615,37.8192,5268300
2012-12-06,37.8573,37.8725,37.5674,37.6819,5151100
2012-12-07,37.7352,37.8802,37.5293,37.8573,2972400
2012-12-10,37.842,38.376,37.5293,38.2311,4296900
2012-12-11,38.2997,38.7193,38.2463,38.5972,5401500
2012-12-12,37.5674,38.1395,37.2318,37.3767,18763400
2012-12-13,37.514,37.5827,36.5911,36.7894,10167100
2012-12-14,36.6521,36.6826,36.3165,36.4538,6357400
2012-12-17,36.4614,37.0335,36.4461,36.8733,7445300
2012-12-18,37.0487,37.7886,36.8809,37.7734,13440200
2012-12-19,37.6971,37.8497,37.3081,37.3157,7036700
2012-12-20,37.2928,37.6437,37.1555,37.5674,6572200
2012-12-21,37.2776,37.9031,37.186,37.7963,12842500
2012-12-24,37.7276,37.7276,37.2242,37.4072,2765100
2012-12-26,37.453,37.5598,37.0869,37.4225,3680400
2012-12-27,37.3615,37.6742,37.0106,37.3539,4349100
2012-12-28,37.1098,37.514,37.0335,37.0716,3646300
2012-12-31,36.9953,37.6437,36.9038,37.6208,5245200
2013-01-02,38.0938,38.376,37.5217,37.7658,8352400
2013-01-03,37.7734,38.0251,37.5369,37.9259,7448100
2013-01-04,38.9481,39.5888,38.6658,39.3295,13587200
2013-01-07,39.1388,39.5888,38.9099,39.2761,6989100
2013-01-08,39.2227,39.6804,39.1159,39.5736,5246100
2013-01-09,39.81,40.4737,39.6651,40.405,7267200
2013-01-10,40.6186,40.8322,40.3287,40.6186,6324400
2013-01-11,40.7025,40.733,40.3974,40.5118,5126500
2013-01-14,40.5805,40.7483,40.2372,40.2753,6286100
2013-01-15,40.1685,40.7025,40.1609,40.6491,5915600
2013-01-16,40.5576,40.6643,40.2143,40.3745,4467100
2013-01-17,40.1304,40.7864,40.0618,40.6796,4880800
2013-01-18,40.6644,41.0152,40.3745,41.0152,6557400
2013-01-22,40.9771,41.0153,40.5194,40.7635,6089100
2013-01-23,40.2372,40.3974,39.8177,39.9702,10413800
2013-01-24,40.1228,40.6262,40.1228,40.5499,6719100
2013-01-25,40.5576,40.939,40.4965,40.5881,6028200
2013-01-28,40.5194,40.6186,40.016,40.1533,8054100
2013-01-29,40.2448,41.8543,40.2448,41.4348,11003300
2013-01-30,41.3661,41.7857,41.1831,41.3051,6316700
2013-01-31,41.2441,41.3127,40.5881,40.9542,5121400
2013-02-01,40.8474,41.5568,40.8474,41.3433,4205500
2013-02-04,41.0686,41.0992,40.7864,40.8474,4968900
2013-02-05,41.0076,41.4882,41.0076,41.267,3519900
2013-02-06,41.1373,41.3127,40.9085,41.1373,3575100
2013-02-07,41.0763,41.1297,40.5957,41.0229,5233900
2013-02-08,40.9161,41.1907,40.8551,40.9771,17142800
2013-02-11,40.8551,41.2365,40.794,41.1144,18307300
2013-02-12,40.9924,41.122,40.9466,41.0381,19666700
2013-02-13,41.1074,41.1459,40.9996,41.1382,4385000
2013-02-14,40.9689,41.246,40.9381,41.1844,4276900
2013-02-15,41.1844,41.5693,41.1844,41.2537,5482800
2013-02-19,41.2768,41.7079,41.2614,41.7079,3981200
2013-02-20,41.6925,42.0928,41.6463,41.7925,4446300
2013-02-21,41.654,41.7618,41.5154,41.5847,5512500
2013-02-22,41.6232,41.7771,41.2075,41.7771,5519000
2013-02-25,41.9542,42.2852,41.3922,41.3922,6361000
2013-02-26,41.6309,41.9696,41.3538,41.9003,4772100
2013-02-27,41.9542,42.3314,41.7694,42.1851,3972000
2013-02-28,42.0928,42.3237,42.0158,42.0774,5877500
2013-03-01,41.808,42.2236,41.808,42.1698,4592600
2013-03-04,42.0774,42.2698,41.9773,42.1543,4424200
2013-03-05,42.316,42.9088,42.2698,42.7548,4866800
2013-03-06,42.7856,42.8549,42.2775,42.4007,6787700
2013-03-07,42.4084,42.7702,42.4007,42.6085,3602300
2013-03-08,42.724,42.7933,42.316,42.4623,4824800
2013-03-11,42.3853,42.5239,42.1774,42.393,4766200
2013-03-12,42.3853,42.6701,42.3006,42.4007,3870600
2013-03-13,42.4546,42.5469,42.3391,42.3853,3623700
2013-03-14,42.6932,42.8395,42.1928,42.393,5357000
2013-03-15,42.0928,42.4392,41.8695,42.4392,10614700
2013-03-18,42.0543,42.3006,41.985,42.0774,3926500
2013-03-19,42.2082,42.3083,41.9542,42.1775,3337200
2013-03-20,42.3776,42.6855,42.3545,42.57,3802800
2013-03-21,42.3699,42.5623,42.2467,42.4007,2702500
2013-03-22,42.5316,42.8626,42.4392,42.7779,2811100
2013-03-25,42.878,42.9472,42.5393,42.8164,4675200
2013-03-26,43.0319,43.6324,42.9395,43.3321,5107900
2013-03-27,43.132,43.463,43.0704,43.3937,3417800
2013-03-28,43.5015,43.8325,43.3552,43.717,4223200
2013-04-01,43.6247,43.7247,43.2783,43.5785,3668000
2013-04-02,43.5939,43.9865,43.3321,43.4938,4040300
2013-04-03,43.6247,44.0558,43.5554,43.7632,5563600
2013-04-04,43.7632,44.0942,43.54,43.8248,3016200
2013-04-05,43.4553,43.5785,43.2783,43.4784,3001200
2013-04-08,43.4553,43.7401,43.0165,43.7401,3691900
2013-04-09,43.8479,44.0558,43.5554,43.6786,4145100
2013-04-10,44.0481,44.4022,44.0404,44.3329,3238000
2013-04-11,44.3791,44.8487,44.3252,44.6485,4048000
2013-04-12,44.4715,44.9102,44.1558,44.2713,4709100
2013-04-15,43.8941,44.4561,43.4784,43.4861,5645800
2013-04-16,43.7247,44.1327,43.5246,44.0173,4130500
2013-04-17,43.8633,44.3637,43.6786,44.2405,4147400
2013-04-18,44.2482,44.2713,43.2398,43.3321,4098600
2013-04-19,43.54,44.2174,43.3937,44.202,4892900
2013-04-22,44.2328,44.3637,43.871,44.3252,2732900
2013-04-23,44.6023,44.9564,44.279,44.9025,4014600
2013-04-24,44.5792,44.9026,43.1243,43.1474,6678800
2013-04-25,43.4014,43.4938,42.3545,43.4399,7431300
2013-04-26,43.4553,43.6862,43.3244,43.463,3457300
2013-04-29,43.5631,43.5939,42.9472,43.1166,4852700
2013-04-30,43.0319,43.0319,42.4623,42.6316,4679000
2013-05-01,42.4161,42.4392,41.6848,41.754,5789900
2013-05-02,41.8156,42.2082,41.6848,42.1082,4060900
2013-05-03,42.4854,42.4854,42.0158,42.3314,3407600
2013-05-06,42.3545,42.4623,41.8002,41.9311,4618300
2013-05-07,41.9696,42.0235,41.4538,41.7002,6318500
2013-05-08,41.7464,42.1697,41.6925,41.9696,5429000
2013-05-09,42.0158,42.2929,41.8387,42.0004,12817600
2013-05-10,41.5462,42.2005,41.4769,42.2005,15278800
2013-05-13,42.1236,43.3475,41.9927,43.3244,18982900
2013-05-14,43.34,43.6273,43.2623,43.3866,4821500
2013-05-15,43.4254,44.3418,43.4254,44.0467,5386200
2013-05-16,43.9224,43.9224,43.3477,43.4409,3819900
2013-05-17,43.4642,43.6661,42.9827,43.4098,3762700
2013-05-20,43.4099,43.4409,42.6178,42.7265,4242600
2013-05-21,42.7653,43.0449,42.4469,42.8197,4220100
2013-05-22,42.9129,43.5341,42.4469,42.6488,4569300
2013-05-23,42.4547,42.9439,42.3304,42.5091,3953000
2013-05-24,42.3227,42.3227,41.849,42.0431,4983600
2013-05-28,42.4857,42.8585,42.1829,42.3537,4344000
2013-05-29,42.1208,42.2139,41.4995,41.7402,4201600
2013-05-30,41.88,42.4159,41.7713,41.9965,4393500
2013-05-31,41.8723,41.981,41.2743,41.2821,4827100
2013-06-03,41.22,41.3442,40.7851,41.2665,4173000
2013-06-04,41.2665,41.484,40.5521,40.7695,4093300
2013-06-05,40.6298,41.0569,40.1949,40.2337,4540700
2013-06-06,40.2958,40.7152,39.8687,40.4512,4976800
2013-06-07,40.8317,41.2044,40.5987,40.7618,4367400
2013-06-10,40.9249,41.0258,40.4978,40.8783,4212600
2013-06-11,40.5599,40.6298,40.2104,40.3347,5268400
2013-06-12,40.622,40.855,40.1949,40.2104,3507000
2013-06-13,40.1328,40.2958,39.4727,40.2648,7099100
2013-06-14,39.9697,40.5987,39.9076,40.4201,6116300
2013-06-17,40.7074,41.1967,40.5366,40.6608,5134700
2013-06-18,40.7463,40.9404,40.1405,40.6531,5163600
2013-06-19,40.5987,40.6764,39.8532,39.892,4578700
2013-06-20,39.5736,39.5736,38.2147,38.37,7952200
2013-06-21,38.8437,39.1621,38.4632,38.7583,7198300
2013-06-24,38.2923,38.5175,37.8031,38.0982,5861800
2013-06-25,38.4709,38.4709,37.9817,38.2224,4041300
2013-06-26,38.5641,38.7505,38.2224,38.6651,6075500
2013-06-27,38.9136,39.0844,38.6107,38.6107,3657300
2013-06-28,38.533,38.7194,38.0904,38.1448,8242900
2013-07-01,38.3234,39.0689,38.2613,38.9524,6987400
2013-07-02,38.8903,39.5503,38.8825,39.2164,5845400
2013-07-03,39.2009,39.2009,38.4399,38.9369,2671200
2013-07-05,39.2863,39.4649,38.8048,39.2785,2700400
2013-07-08,39.4494,39.7522,39.3407,39.7057,4376000
2013-07-09,39.9231,40.2337,39.729,40.2182,4518800
2013-07-10,40.2104,40.3114,39.7988,39.9309,3865200
2013-07-11,40.4279,40.4279,39.9386,40.024,3922600
2013-07-12,40.0939,40.0939,39.6824,39.9542,4066900
2013-07-15,39.9231,40.1638,39.7367,40.024,2922300
2013-07-16,40.0318,40.2182,39.4494,39.6047,4029900
2013-07-17,39.76,39.7911,39.3018,39.3484,4038000
2013-07-18,39.3174,39.3484,38.6961,38.766,6040300
2013-07-19,38.7738,39.3018,38.4088,39.2941,7808800
2013-07-22,39.2553,39.4727,39.0844,39.3174,3362600
2013-07-23,39.4261,39.6513,39.263,39.597,3926400
2013-07-24,40.3813,40.9093,40.1871,40.8084,8955800
2013-07-25,40.6997,40.8783,40.2881,40.8394,4085400
2013-07-26,40.6997,41.4685,40.5754,41.4374,4349400
2013-07-29,41.3364,41.8024,41.2743,41.5927,4230700
2013-07-30,41.7791,41.9189,41.3209,41.4063,3594200
2013-07-31,41.4374,41.6626,41.1035,41.2433,4334500
2013-08-01,41.4917,41.6781,41.2432,41.5461,3297800
2013-08-02,41.5228,41.8723,41.3287,41.8412,3626300
2013-08-05,41.8334,42.2838,41.616,41.8334,3794000
2013-08-06,41.8567,42.0819,41.3364,41.4063,4177300
2013-08-07,41.4063,41.7403,41.1967,41.6393,3377600
2013-08-08,41.8412,41.8723,41.3287,41.6005,17504400
2013-08-09,41.6005,42.0975,41.4296,42.0742,14719900
2013-08-12,41.8257,42.0043,41.6082,41.9732,17194000
2013-08-13,43.8854,44.2772,42.8901,43.0704,14253300
2013-08-14,43.0704,43.1801,42.3259,42.4748,5054300
2013-08-15,42.13,42.2632,41.746,41.84,4509000
2013-08-16,41.6676,41.7851,41.3698,41.4247,5112300
2013-08-19,41.3071,41.6519,41.2836,41.3698,3372700
2013-08-20,41.3698,41.5971,41.3228,41.3776,2890900
2013-08-21,41.3228,41.4795,41.0015,41.0798,3969600
2013-08-22,41.0642,41.3541,40.9936,41.1112,2388600
2013-08-23,41.1112,41.2366,40.6959,41.2366,3249400
2013-08-26,41.2993,41.3541,40.7821,40.7899,4048600
2013-08-27,40.5078,40.547,40.1551,40.1786,4527000
2013-08-28,40.1159,40.5548,39.967,40.3354,3211800
2013-08-29,40.1708,40.547,40.0454,40.3197,2305000
2013-08-30,40.3275,40.4529,40.1003,40.2805,3237300
2013-09-03,40.5705,40.6723,39.9984,40.21,2641600
2013-09-04,40.2492,41.0642,40.1865,40.8918,4179500
2013-09-05,40.978,41.025,40.688,40.9153,2424400
2013-09-06,40.9231,41.3228,40.5078,41.072,2886500
2013-09-09,41.072,41.2052,40.8212,41.1739,2324500
2013-09-10,41.4482,41.6362,41.166,41.4325,3414600
2013-09-11,41.4325,41.6519,41.2914,41.3776,3943800
2013-09-12,41.456,41.7068,41.3463,41.4638,3094200
2013-09-13,41.5422,41.7616,41.4795,41.746,2784500
2013-09-16,42.1378,42.1927,41.8713,42.0359,2666100
2013-09-17,42.0359,42.4591,42.0124,42.1848,3782200
2013-09-18,42.2162,42.514,41.7068,42.4434,3332500
2013-09-19,42.2397,42.4121,42.0281,42.2083,3410300
2013-09-20,42.3494,42.4591,42.0986,42.2632,5877800
2013-09-23,42.1927,42.2083,41.4012,41.5657,4571400
2013-09-24,41.5265,41.6049,41.0093,41.0877,5359100
2013-09-25,41.2209,41.4952,41.0328,41.2287,4167600
2013-09-26,40.1238,40.7115,39.3009,39.9984,14551200
2013-09-27,39.7163,39.826,39.2382,39.5752,5866600
2013-09-30,39.4185,39.7006,39.3479,39.442,4803500
2013-10-01,39.5047,39.7241,39.3714,39.7084,3978100
2013-10-02,39.536,39.7084,39.3558,39.6065,3424800
2013-10-03,39.3793,39.4106,38.0079,38.243,15000900
2013-10-04,38.29,38.29,37.6239,37.9138,10750400
2013-10-07,37.7493,37.7806,37.2712,37.3418,7826100
2013-10-08,37.4201,37.8982,37.2477,37.6552,10496100
2013-10-09,37.6866,37.8198,37.2477,37.5847,6925000
2013-10-10,38.2586,38.5251,38.0157,38.5172,6285000
2013-10-11,38.1097,38.4702,38.0157,38.3057,6571900
2013-10-14,38.1098,38.4389,37.9844,38.4232,5516000
2013-10-15,38.243,38.4624,38.0862,38.2508,4968700
2013-10-16,38.3527,38.4075,38.0157,38.3292,7249600
2013-10-17,38.3292,38.9953,38.3292,38.9483,5555800
2013-10-18,39.1599,39.1912,38.6191,38.8386,7022700
2013-10-21,38.8464,38.9639,38.7053,38.9091,4469200
2013-10-22,38.9639,39.4733,38.815,39.3009,5792100
2013-10-23,39.5909,39.967,39.1364,39.4263,5754500
2013-10-24,39.826,39.967,39.4655,39.6144,5580400
2013-10-25,39.5595,39.967,39.4263,39.7006,4546700
2013-10-28,39.7319,40.0767,39.6536,39.873,4474700
2013-10-29,39.9357,39.9514,39.2852,39.3401,6986400
2013-10-30,39.3715,39.395,38.3762,38.5643,8599400
2013-10-31,38.6113,39.3479,38.5721,39.0423,6757500
2013-11-01,39.1128,39.5203,39.0345,39.4812,5045400
2013-11-04,39.489,39.6144,39.2617,39.5047,4322800
2013-11-05,39.4028,39.7241,39.3479,39.4733,3692700
2013-11-06,39.6222,39.6222,39.3871,39.5674,5477800
2013-11-07,39.6144,39.6692,39.1599,39.1912,18678300
2013-11-08,39.1442,39.7084,39.0893,39.6771,18998600
2013-11-11,38.9718,39.4341,38.7994,39.4028,8162900
2013-11-12,39.2461,39.4028,39.1599,39.2304,27846900
2013-11-13,39.0009,40.101,38.993,40.006,8956300
2013-11-14,39.9664,40.4729,39.9585,40.3859,5480100
2013-11-15,40.2592,40.465,40.2355,40.37,5759000
2013-11-18,40.4413,40.4413,40.1801,40.3859,4024500
2013-11-19,40.3146,40.4333,40.188,40.3146,3724800
2013-11-20,40.2751,40.3621,39.9506,40.1009,3711400
2013-11-21,40.1326,40.2197,39.8002,39.9585,4749300
2013-11-22,39.9822,40.552,39.8873,40.5441,5165100
2013-11-25,40.6708,40.8528,40.5362,40.6312,4338300
2013-11-26,40.6787,40.7182,39.998,39.998,5851200
2013-11-27,39.816,40.0851,39.729,39.8556,3287300
2013-11-29,40.0693,40.1801,39.6498,39.7448,2142800
2013-12-02,39.8081,39.9585,39.4678,39.7606,3588300
2013-12-03,39.6973,39.8002,39.2937,39.3966,5035800
2013-12-04,39.4045,39.5945,39.1987,39.4678,4106300
2013-12-05,39.4362,39.7132,39.357,39.539,3716500
2013-12-06,39.8398,40.1089,39.7686,40.0693,3854200
2013-12-09,40.0297,40.4017,39.9585,40.1959,3804800
2013-12-10,40.2513,40.2671,39.824,39.9585,4385600
2013-12-11,40.0455,40.0772,39.4678,39.5549,4610500
2013-12-12,39.4124,39.5311,38.8901,38.9613,5274400
2013-12-13,39.0009,39.3095,38.8426,39.0879,4286900
2013-12-16,39.262,39.5232,38.9138,38.9296,4906900
2013-12-17,39.0246,39.0246,38.6843,38.9534,4110200
2013-12-18,38.9692,40.0297,38.8822,39.9743,6207900
2013-12-19,39.7211,39.9743,39.4836,39.6815,5356300
2013-12-20,39.7448,40.3067,39.5628,39.729,6367100
2013-12-23,39.9506,40.283,39.7923,40.006,4574300
2013-12-24,40.0297,40.283,39.9743,40.1564,1359500
2013-12-26,40.1722,40.56,40.0614,40.3542,2440000
2013-12-27,40.4412,40.6628,40.2909,40.56,2265000
2013-12-30,40.4808,40.5362,40.0693,40.4967,3309200
2013-12-31,40.5125,40.5679,40.2434,40.3621,2928600
2014-01-02,40.3384,40.4333,40.0139,40.1484,3175900
2014-01-03,40.188,40.5204,40.1009,40.4413,4006300
2014-01-06,40.5046,41.106,40.4966,40.7816,7898300
2014-01-07,40.7816,41.2168,40.4808,40.5125,7359200
2014-01-08,40.2276,40.4808,39.9822,40.4492,7517100
2014-01-09,40.5521,40.9478,40.5125,40.9003,6351700
2014-01-10,40.7499,41.2406,40.56,41.0981,5399100
2014-01-13,41.1773,41.5651,41.0823,41.2089,5406300
2014-01-14,41.2643,41.5888,41.0506,41.5017,4994500
2014-01-15,41.668,42.404,41.4859,42.2694,8427400
2014-01-16,42.4119,44.0343,42.4119,43.7652,12158200
2014-01-17,43.8048,43.8839,43.417,43.6544,7850900
2014-01-21,43.8048,44.153,43.4407,43.9947,5624400
2014-01-22,44.1134,44.1451,43.7415,44.0026,3342300
2014-01-23,43.8285,43.8285,43.227,43.6465,5130300
2014-01-24,43.2982,43.5119,42.7363,42.8313,5943500
2014-01-27,42.9105,43.2666,42.586,42.8392,6378300
2014-01-28,42.9421,43.1558,42.6256,42.9184,5771200
2014-01-29,42.8867,42.9105,42.396,42.6651,7314000
2014-01-30,42.8076,43.1795,41.9687,42.1586,7277600
2014-01-31,42.0399,42.7838,41.8421,42.7443,8214700
2014-02-03,42.8234,43.0371,41.5571,41.6759,6997800
2014-02-04,41.8262,42.1032,41.4701,42.0241,6001900
2014-02-05,41.9924,42.3248,41.5176,41.7234,4467300
2014-02-06,41.8816,41.9291,41.5097,41.7234,4494400
2014-02-07,41.7946,42.3802,41.7471,42.1111,4488800
2014-02-10,41.7471,42.7284,41.383,42.7126,4220500
2014-02-11,42.5939,43.2349,42.4673,43.14,5869500
2014-02-12,43.2438,43.2438,42.4212,42.581,6049500
2014-02-13,42.3574,42.8844,42.2376,42.7087,3769200
2014-02-14,42.6528,43.4195,42.589,43.2837,3970200
2014-02-18,43.2358,44.1941,43.148,44.1222,6844600
2014-02-19,45.7594,46.4781,45.1604,46.3902,16112300
2014-02-20,46.1986,46.7336,45.8392,46.3583,8991600
2014-02-21,46.3982,46.9253,46.1347,46.2864,6617300
2014-02-24,46.3982,47.0371,46.2305,46.3423,4142200
2014-02-25,46.3104,46.9892,46.2625,46.7017,5463600
2014-02-26,46.6937,47.0291,46.6218,46.8454,4598500
2014-02-27,46.7576,47.636,46.6777,47.5482,5659200
2014-02-28,47.5402,48.0114,47.3805,47.6041,5882500
2014-03-03,47.077,47.5163,46.9652,47.1409,4088000
2014-03-04,47.5562,47.9954,47.5562,47.7958,5599100
2014-03-05,47.8676,47.8916,47.2927,47.4604,3539300
2014-03-06,47.4763,47.8517,46.8694,46.8934,5075100
2014-03-07,47.0291,47.1808,46.4382,46.7895,4288600
2014-03-10,46.7257,47.0531,46.4781,47.0371,3978100
2014-03-11,47.0531,47.1329,46.5739,46.6618,3438800
2014-03-12,46.4462,47.2847,46.4142,47.2767,4546500
2014-03-13,47.3086,47.3805,46.5021,46.5899,4103700
2014-03-14,46.5659,47.101,46.502,47.0131,4201800
2014-03-17,47.2128,47.3486,46.8375,47.0131,3016200
2014-03-18,47.0451,47.676,46.9652,47.4364,4082800
2014-03-19,47.3965,47.7079,46.8215,47.1569,2865900
2014-03-20,47.0211,47.0291,46.5579,46.7736,3546400
2014-03-21,47.0211,47.7159,46.1267,46.1427,7410400
2014-03-24,46.1427,46.3104,45.368,45.8392,5910900
2014-03-25,45.8791,46.1906,45.4719,45.6875,6410000
2014-03-26,45.8312,46.5579,45.7114,45.9031,6628500
2014-03-27,45.9191,46.4142,45.6555,45.943,5472500
2014-03-28,46.0548,46.6937,45.8392,46.0069,3117500
2014-03-31,46.2705,47.2208,46.1666,47.0052,5098900
2014-04-01,47.2208,47.8437,46.7256,46.9732,6344300
2014-04-02,47.2527,47.3406,46.9173,47.2368,3881400
2014-04-03,47.7798,48.0593,46.9173,47.093,5446800
2014-04-04,47.2927,47.8836,47.0611,47.125,5177900
2014-04-07,47.3246,47.9795,46.7816,46.8135,5522400
2014-04-08,46.3184,47.0611,45.9989,46.7816,6169800
2014-04-09,46.8774,48.2829,46.8454,48.2589,6638600
2014-04-10,48.235,48.235,46.7416,46.8454,5514500
2014-04-11,46.6218,47.0291,46.3423,46.6777,5351000
2014-04-14,47.0531,47.636,46.5579,47.077,3675600
2014-04-15,47.2687,47.668,46.542,47.4524,4526200
2014-04-16,47.4364,47.9155,47.3965,47.8836,5321800
2014-04-17,47.6999,48.2749,47.6121,48.2589,4743000
2014-04-21,48.2669,48.6263,47.8756,48.6024,3343000
2014-04-22,48.6902,48.8339,47.8916,47.9395,6270800
2014-04-23,47.652,47.9235,47.3006,47.5642,6555400
2014-04-24,46.5659,47.2607,45.7993,46.8614,7854500
2014-04-25,46.8774,47.2208,46.542,46.7177,4260400
2014-04-28,47.652,47.652,46.4461,47.093,4930700
2014-04-29,47.2767,47.652,47.2128,47.6121,5110900
2014-04-30,47.5162,47.5801,46.8454,47.1968,5198100
2014-05-01,47.2607,47.6839,46.9492,47.5322,4173400
2014-05-02,47.4045,47.6201,46.9173,47.1809,4122500
2014-05-05,46.9333,47.093,46.3503,47.0211,3805900
2014-05-06,46.9093,47.5961,46.6777,46.7656,4185900
2014-05-07,46.8614,47.2527,46.3583,47.2368,5453300
2014-05-08,47.1809,47.5242,46.9493,47.5163,11023900
2014-05-09,47.4683,47.5163,46.6618,47.4045,5098400
2014-05-12,47.8836,47.9555,47.1649,47.4524,4982700
2014-05-13,47.5409,48.5958,47.3155,48.3462,6843500
2014-05-14,48.3542,48.7085,48.314,48.3945,4050200
2014-05-15,47.9919,48.161,46.7116,46.8726,9782900
2014-05-16,46.6874,47.1061,46.5505,46.9773,8677100
2014-05-19,46.929,47.3155,46.8807,47.2269,3564300
2014-05-20,47.2269,47.4041,46.9773,47.235,3952800
2014-05-21,47.3155,47.5892,47.2269,47.5651,3020700
2014-05-22,47.6134,48.2012,47.2672,48.0885,3782400
2014-05-23,48.016,48.2012,47.8308,48.1529,2624600
2014-05-27,48.314,48.322,47.863,48.0966,4006600
2014-05-28,48.4992,48.5153,48.0724,48.0724,2604600
2014-05-29,48.2415,48.314,47.7986,47.8872,3362100
2014-05-30,47.8147,48.3945,47.7503,48.2012,4803000
2014-06-02,48.1127,48.2012,47.388,47.9033,3405700
2014-06-03,47.7584,48.016,47.5973,47.7906,2798200
2014-06-04,47.6537,47.8711,47.5007,47.6859,2997400
2014-06-05,47.7342,48.1207,47.5651,47.9758,2753800
2014-06-06,48.1932,48.1932,47.8147,48.016,2551300
2014-06-09,47.9677,48.1207,47.6617,48.1046,2570100
2014-06-10,48.169,48.169,47.5812,48.1127,2988000
2014-06-11,47.7101,48.1851,47.6778,47.8872,2977400
2014-06-12,47.7261,47.9113,47.2752,47.4121,3937400
2014-06-13,48.2737,48.2737,47.3799,47.4282,2881200
2014-06-16,47.4604,47.6456,47.1061,47.3719,3209200
2014-06-17,47.3155,47.7745,47.2108,47.71,2805700
2014-06-18,47.8067,48.314,47.5571,48.3059,3211600
2014-06-19,48.3542,48.475,48.0321,48.1932,2431300
2014-06-20,48.8535,50.0372,48.5475,49.9486,11960600
2014-06-23,49.9889,50.2465,49.699,49.9808,5103400
2014-06-24,49.9164,50.2465,49.5943,49.8358,3809500
2014-06-25,49.9003,50.8102,49.9003,50.7297,6416500
2014-06-26,50.6008,50.8102,50.2787,50.7619,3663000
2014-06-27,50.7055,50.939,50.48,50.8102,4643700
2014-06-30,51.0035,51.0357,49.9728,50.0613,4879100
2014-07-01,50.4317,50.6089,49.9244,50.327,4109000
2014-07-02,50.2868,50.7941,50.0211,50.4881,3941000
2014-07-03,50.6491,50.8102,50.2787,50.778,2709100
2014-07-07,50.5928,50.9149,50.1821,50.4156,2627300
2014-07-08,50.319,50.3593,49.8198,50.2948,3449400
2014-07-09,50.3512,50.4961,50.1418,50.4237,2748600
2014-07-10,50.0291,50.4962,49.9244,50.3512,2619200
2014-07-11,50.2787,50.6894,50.1419,50.6008,2400700
2014-07-14,50.7297,50.9632,50.4962,50.7377,2436600
2014-07-15,50.7297,50.8263,50.5122,50.6169,3854400
2014-07-16,50.7699,50.8665,49.9808,50.5767,3885700
2014-07-17,50.2143,50.625,50.0372,50.1338,3424700
2014-07-18,50.3109,51.1323,50.1821,51.1081,3281400
2014-07-21,50.7297,51.2853,50.5284,51.245,3479400
2014-07-22,51.39,51.6557,51.084,51.3094,3101800
2014-07-23,51.4785,51.8892,51.3739,51.7362,5559900
2014-07-24,51.6154,52.9038,51.3739,51.8328,5090200
2014-07-25,51.551,51.6154,51.1242,51.3578,2987400
2014-07-28,51.3578,52.1791,50.625,51.0437,3956600
2014-07-29,51.2933,51.3819,50.4156,50.5445,5287400
2014-07-30,50.8424,50.8746,50.1418,50.4237,3974000
2014-07-31,49.9003,50.2868,49.0709,49.1675,5485600
2014-08-01,49.1272,49.1675,48.467,48.8615,6884700
2014-08-04,49.1192,49.6748,48.9179,49.6265,4379100
2014-08-05,49.5218,49.6829,48.9098,49.0145,3389600
2014-08-06,49.0467,49.4574,48.8857,49.2078,2682800
2014-08-07,49.4413,49.4574,48.4267,48.5958,2352400
2014-08-08,48.7005,49.1514,48.5878,49.1031,2665400
2014-08-11,49.401,49.8197,49.1675,49.1836,2850400
2014-08-12,49.1756,49.4896,49.1192,49.4171,3481500
2014-08-13,49.7094,49.9123,49.0762,49.1818,4136900
2014-08-14,49.336,49.6931,49.336,49.6688,1801600
2014-08-15,49.7824,49.8879,49.1087,49.3847,3075600
2014-08-18,49.6607,49.8798,49.5714,49.7986,2198300
2014-08-19,50.237,50.6185,49.7743,50.4561,3523200
2014-08-20,50.2775,50.5211,50.0584,50.3344,2082200
2014-08-21,50.6266,50.6834,50.2532,50.3506,2846000
2014-08-22,50.3344,50.9838,50.2451,50.586,3147200
2014-08-25,50.6753,51.2435,50.4805,50.9188,2078700
2014-08-26,50.9026,51.1542,50.8295,50.9838,1927700
2014-08-27,51.2922,51.3734,50.9756,51.138,3082100
2014-08-28,50.9837,51.3571,50.7646,51.2273,2162000
2014-08-29,51.4383,51.6169,51.1136,51.5925,3388300
2014-09-02,51.625,51.8442,51.5276,51.6899,3470600
2014-09-03,51.8766,52.0796,51.7468,52.0715,4701200
2014-09-04,52.0471,52.25,51.9497,52.1283,5792000
2014-09-05,52.039,52.6153,51.9253,52.5341,5457200
2014-09-08,52.4529,52.9643,52.4286,52.7614,4264100
2014-09-09,52.5423,52.6234,52.0309,52.3069,4745800
2014-09-10,52.6315,52.7289,52.2176,52.5828,3893000
2014-09-11,52.4773,52.9156,52.4042,52.9075,3577000
2014-09-12,52.9643,53.1997,52.7614,52.9806,5376800
2014-09-15,52.875,52.9562,52.591,52.9156,2720900
2014-09-16,52.9643,53.5001,52.6802,53.4108,2867100
2014-09-17,53.3864,53.7192,53.2971,53.5001,5096200
2014-09-18,53.6381,54.1089,53.6056,54.052,4326900
2014-09-19,54.3767,54.4985,53.8978,54.0033,6504900
2014-09-22,53.8329,53.8653,53.3702,53.6381,3981700
2014-09-23,53.289,53.6705,53.1672,53.5325,2718900
2014-09-24,53.8329,54.0196,53.6381,53.7273,3273600
2014-09-25,53.5488,53.6867,53.1673,53.2322,3122600
2014-09-26,53.4108,53.4108,52.7533,53.151,2925400
2014-09-29,52.8101,53.1267,52.6234,53.0374,3520600
2014-09-30,53.1104,53.2241,52.6234,52.6396,4945700
2014-10-01,53.4757,53.4757,52.5179,52.8263,4246900
2014-10-02,52.8345,52.8832,52.2581,52.6234,4306900
2014-10-03,52.94,53.3783,52.8588,53.3052,3609800
2014-10-06,53.5163,53.5488,53.078,53.2647,3428800
2014-10-07,52.8669,52.9156,52.0309,52.1283,6157400
2014-10-08,51.8279,52.9724,51.4627,52.9562,3411200
2014-10-09,52.7127,53.0699,52.1851,52.1932,3632100
2014-10-10,51.9659,52.8507,51.8117,52.0715,3281200
2014-10-13,51.9984,52.3718,51.3247,51.3653,4030300
2014-10-14,51.7467,51.901,50.9513,51.2516,4432900
2014-10-15,50.2532,51.2516,49.1736,51.0324,6814100
2014-10-16,50.3425,50.7727,49.5957,50.2451,5488400
2014-10-17,50.6915,50.9838,50.2451,50.7971,5329400
2014-10-20,50.8376,51.2191,50.6509,51.2191,2900700
2014-10-21,51.4708,52.5585,51.4708,52.5017,3478200
2014-10-22,52.4286,53.0049,52.4205,52.5017,4294500
2014-10-23,52.1688,52.9237,51.7711,52.2338,6343000
2014-10-24,52.4205,53.7679,52.2744,53.6137,4784700
2014-10-27,53.5244,54.0764,53.4027,53.7355,4112500
2014-10-28,53.5731,53.6543,51.7386,52.6234,8981000
2014-10-29,52.7614,53.5488,52.5828,53.1591,6196800
2014-10-30,53.0861,54.3686,53.013,54.2225,4134900
2014-10-31,54.6283,54.7339,53.5001,53.841,4471900
2014-11-03,53.6137,54.1089,53.5975,54.0114,3465400
2014-11-04,54.2874,54.5715,53.9384,54.5228,4057800
2014-11-05,54.7257,54.88,54.19,54.3767,3073900
2014-11-06,54.4092,54.5715,54.1007,54.3524,3091800
2014-11-07,54.2387,54.328,53.776,54.0601,3796800
2014-11-10,54.2387,55.5375,53.914,55.4806,4438100
2014-11-11,55.4806,55.7404,55.0423,55.0748,5282300
2014-11-12,55.0666,55.4754,54.7968,55.1075,4499400
2014-11-13,55.3364,55.7289,55.1157,55.3364,3292700
2014-11-14,55.3364,55.3691,54.8786,55.0503,2333300
2014-11-17,54.8377,55.0666,54.7314,55.0176,3309300
2014-11-18,54.9358,55.5981,54.7886,55.4182,3705400
2014-11-19,55.3201,55.3201,54.7069,54.9521,3126000
2014-11-20,54.7477,54.8459,54.4207,54.6169,2467600
2014-11-21,55.1484,55.1892,54.805,55.0748,5892000
2014-11-24,55.2792,55.3283,54.6578,54.7232,4574100
2014-11-25,54.666,54.9603,54.576,54.6578,4380000
2014-11-26,54.805,55.0993,54.6905,55.0421,2372900
2014-11-28,55.3773,56.0478,55.271,55.6962,2237800
2014-12-01,55.5735,56.2276,55.271,56.015,4669500
2014-12-02,56.1132,57.8629,56.0805,57.544,8413400
2014-12-03,57.4623,58.1818,57.2333,58.1572,6423400
2014-12-04,58.0346,59.2283,57.9201,59.1792,6516600
2014-12-05,58.9421,59.0402,58.6069,58.7459,5787500
2014-12-08,58.844,59.5717,58.7214,59.5472,4915100
2014-12-09,59.0157,59.0811,58.4843,59.0402,3794600
2014-12-10,58.7868,59.032,58.0509,58.0918,4117600
2014-12-11,60.2012,61.4031,58.4924,58.5496,10901500
2014-12-12,58.427,58.5824,56.8,56.8654,7844400
2014-12-15,56.9717,57.822,56.7591,56.9635,5718800
2014-12-16,56.7346,58.3371,56.4402,56.6283,4916700
2014-12-17,56.8735,57.8056,56.6037,57.4622,5506500
2014-12-18,58.2144,59.261,57.9773,59.2365,5875600
2014-12-19,59.0648,59.4082,58.3207,59.1956,8311300
2014-12-22,58.0019,58.5333,57.4377,58.3943,4622900
2014-12-23,58.5987,58.6478,56.4239,57.0207,4768100
2014-12-24,57.266,57.8138,57.266,57.3641,1507000
2014-12-26,57.4704,58.0427,57.4459,57.5522,1438200
2014-12-29,57.1679,57.5522,57.1433,57.315,1739600
2014-12-30,57.1352,57.3641,56.7754,56.939,2726100
2014-12-31,57.1843,57.6421,56.3585,56.4075,2491000
2015-01-02,57.0453,57.9038,57.0044,57.2824,3146200
2015-01-05,57.0125,57.3069,56.5383,56.7182,4845500
2015-01-06,57.1679,57.9773,56.5792,57.0044,5127400
2015-01-07,57.2578,57.6666,55.966,56.6037,9043000
2015-01-08,57.2333,58.4515,56.9553,57.9446,7472200
2015-01-09,57.2578,57.3232,56.4238,57.1761,8141700
2015-01-12,57.4132,57.732,56.6446,56.7591,5797600
2015-01-13,57.2905,57.8874,56.2603,56.7264,3364800
2015-01-14,56.2276,57.1352,56.1786,57.0371,3376100
2015-01-15,57.5931,58.2717,57.0125,57.0207,4055000
2015-01-16,56.8981,57.9528,56.7754,57.7893,4263300
2015-01-20,57.9446,58.9503,57.9446,58.8931,6163300
2015-01-21,58.5578,59.2773,58.1408,59.0647,5195900
2015-01-22,59.4327,59.4327,58.5742,59.2446,4582800
2015-01-23,59.2446,59.5717,58.9094,58.9748,2903200
2015-01-26,58.7541,59.0075,58.1,58.9585,3466600
2015-01-27,58.6723,58.983,58.4188,58.6478,3661600
2015-01-28,58.9585,59.1792,57.8547,58.0264,3105200
2015-01-29,58.0264,58.9993,57.5767,58.9585,4416600
2015-01-30,59.7025,60.0704,58.5251,58.8685,6720100
2015-02-02,58.7623,58.8685,57.4214,58.6151,6274500
2015-02-03,58.5333,58.5742,57.1107,57.961,6811500
2015-02-04,57.4214,57.6339,57.0453,57.4132,5376400
2015-02-05,57.8056,58.517,57.7893,58.3861,3847000
2015-02-06,58.1817,58.3698,57.4295,57.5276,3246000
2015-02-09,57.2333,57.4459,56.7264,56.9144,3771200
2015-02-10,57.3232,57.6912,57.1434,57.6421,6888000
2015-02-11,57.6421,58.1526,57.395,57.6009,3456400
2015-02-12,57.7986,58.095,57.5021,58.0786,3383500
2015-02-13,58.2103,58.375,57.7986,58.1032,2691900
2015-02-17,57.9797,58.9843,57.8891,58.9267,3971600
2015-02-18,58.8032,58.8361,57.8068,58.4738,3800000
2015-02-19,58.3256,58.7044,58.2762,58.5644,2337000
2015-02-20,58.4409,59.2561,57.8644,59.1902,3461700
2015-02-23,59.1325,59.2231,58.2267,58.5397,3378600
2015-02-24,58.4656,58.8773,58.0621,58.3832,3158600
2015-02-25,58.3585,58.3585,57.6833,57.9386,3029500
2015-02-26,57.7821,57.8974,57.2633,57.6668,4544900
2015-02-27,57.6009,58.0538,57.568,57.7821,3353200
2015-03-02,57.7821,58.5809,57.7739,58.5644,3815100
2015-03-03,58.5644,58.5891,57.7162,57.9468,4137300
2015-03-04,57.6504,58.3174,57.4857,58.1774,3005100
2015-03-05,58.2515,58.5397,57.9715,58.128,3465900
2015-03-06,57.8562,57.8562,56.2505,56.3328,5880800
2015-03-09,56.6046,57.428,56.3411,57.2963,5848000
2015-03-10,56.9175,57.1727,56.4481,56.6375,3664900
2015-03-11,56.7281,57.0904,56.3328,56.374,3424500
2015-03-12,56.6128,57.3374,56.4399,57.2798,2724000
2015-03-13,57.1563,57.6833,56.9339,57.5515,3223800
2015-03-16,57.8644,58.7949,57.7903,58.5232,3922300
2015-03-17,58.2268,58.6797,57.9138,58.3338,2572500
2015-03-18,58.3832,61.0759,58.2103,60.5572,6436200
2015-03-19,60.3266,61.4135,59.7748,61.1171,7051200
2015-03-20,61.9406,62.7476,61.3806,62.6817,10713900
2015-03-23,62.5993,63.7851,62.5417,62.8793,6284400
2015-03-24,62.8052,63.1593,62.0558,62.2205,5111600
2015-03-25,62.3029,62.9781,61.2324,61.2324,5431600
2015-03-26,60.936,61.2242,60.4583,60.4748,4023500
2015-03-27,60.623,60.9277,60.2772,60.5901,4171600
2015-03-30,60.936,61.1006,60.6642,60.8289,3370700
2015-03-31,60.4007,60.9195,59.8243,59.8243,4348000
2015-04-01,60.0466,60.0878,58.5232,58.902,5875800
2015-04-02,58.8444,59.1079,58.0785,58.6632,3781800
2015-04-06,58.5726,59.0502,58.3338,58.7208,3936900
2015-04-07,58.6714,59.3549,58.6138,59.042,3128100
2015-04-08,59.2231,59.5196,58.9102,59.4125,3215400
2015-04-09,59.4702,59.7502,59.2067,59.5855,2595800
2015-04-10,59.7007,60.9195,59.4949,60.8701,3956400
2015-04-13,60.3431,60.6395,60.2031,60.5407,4351500
2015-04-14,60.3595,60.7301,60.1948,60.4913,3950600
2015-04-15,60.5571,60.9524,60.3595,60.6971,4358700
2015-04-16,60.6148,60.9359,60.4336,60.516,2880000
2015-04-17,60.1207,60.2772,59.2561,59.676,4386700
2015-04-20,60.1125,60.3266,59.5361,59.6266,2540400
2015-04-21,60.096,60.2113,59.3384,59.462,4048400
2015-04-22,59.676,59.676,59.1902,59.5361,3506100
2015-04-23,60.0137,60.0631,58.5232,59.6184,5448700
2015-04-24,59.4702,59.6431,58.6797,58.9432,3816300
2015-04-27,59.2314,59.429,58.1609,58.375,5328400
2015-04-28,58.1526,58.6961,57.8068,58.6138,4557900
2015-04-29,59.1737,59.9643,59.1573,59.5196,6789600
2015-04-30,59.2561,59.7913,58.8196,59.182,5479300
2015-05-01,59.5031,60.3842,58.6714,60.2113,6533400
2015-05-04,60.3183,60.5983,59.989,60.1537,4040700
2015-05-05,59.9725,60.0878,59.1408,59.2149,3735900
2015-05-06,59.2643,59.5196,58.9102,59.3302,3567600
2015-05-07,59.0832,59.5279,59.0585,59.1408,3628100
2015-05-08,59.7007,60.6889,59.7007,60.3266,3713300
2015-05-11,60.3266,60.9277,60.269,60.4995,2958600
2015-05-12,60.2277,60.2277,59.5443,59.6513,3152800
2015-05-13,59.9148,60.3019,59.6925,59.9478,2682100
2015-05-14,60.2629,60.7106,60.0556,60.5779,3364300
2015-05-15,60.7189,60.8764,60.1882,60.4453,3464400
2015-05-18,60.5696,60.6028,60.2131,60.4784,2162000
2015-05-19,60.379,61.0091,60.2214,60.9013,3548000
2015-05-20,60.9013,61.1003,60.6774,60.8267,1980300
2015-05-21,60.8101,61.6475,60.6774,61.5812,3288200
2015-05-22,61.3988,61.631,61.2496,61.6061,3023400
2015-05-26,61.3242,61.6642,61.2081,61.6144,4194600
2015-05-27,61.6559,62.1782,61.4734,62.1036,2901100
2015-05-28,62.0207,63.4136,61.9709,63.3556,4823600
2015-05-29,63.14,65.9591,63.0322,65.4202,11917000
2015-06-01,65.4368,66.2079,65.3207,65.5031,4866500
2015-06-02,65.3041,65.3041,64.2677,64.6325,4467700
2015-06-03,64.674,64.8149,64.077,64.533,3270800
2015-06-04,64.1267,65.1715,64.1185,64.4087,3786500
2015-06-05,64.3091,64.8895,63.8365,64.7735,2788900
2015-06-08,64.6574,65.3788,64.533,65.1051,6065900
2015-06-09,64.9808,68.7285,64.6823,68.629,10109100
2015-06-10,67.9823,69.226,67.4185,68.969,13169400
2015-06-11,68.911,72.3354,68.8861,71.7964,16740800
2015-06-12,71.216,71.3072,68.8944,69.823,12630500
2015-06-15,69.2924,70.1547,68.8944,69.7152,5462700
2015-06-16,69.5742,70.7433,69.3421,70.2956,5694500
2015-06-17,70.2127,70.2127,68.828,69.2592,5968200
2015-06-18,69.5577,69.9557,68.6124,68.8529,7251500
2015-06-19,68.3803,68.9938,68.2559,68.5129,6907000
2015-06-22,69.0685,69.1846,68.6954,68.7534,3537100
2015-06-23,69.4416,69.4416,68.3637,68.5461,3643500
2015-06-24,68.4052,68.8861,68.2062,68.2062,4212100
2015-06-25,69.7815,72.0534,69.7152,70.3122,9630100
2015-06-26,70.6356,71.2492,70.1298,71.1829,14369800
2015-06-29,70.7682,70.959,69.425,69.4665,4441900
2015-06-30,70.0635,70.1215,69.1431,69.226,4261200
2015-07-01,69.483,70.4449,69.3172,70.3537,3629100
2015-07-02,70.6521,71.5062,70.221,71.4232,5128100
2015-07-06,70.7351,71.672,70.6853,71.5974,5062900
2015-07-07,71.8378,73.6122,71.3569,73.5708,6912300
2015-07-08,73.1894,73.3801,72.2773,72.3436,5330000
2015-07-09,72.9655,73.2225,72.0534,72.5343,4767600
2015-07-10,73.2142,73.3469,72.7168,73.206,4471200
2015-07-13,73.9107,74.7731,73.521,73.6454,5940500
2015-07-14,73.8361,73.8776,72.8411,73.5957,6028700
2015-07-15,72.7914,73.1065,71.3901,71.6223,6615900
2015-07-16,71.9705,72.5178,71.7881,72.2773,5578000
2015-07-17,72.1363,72.5012,71.8213,72.4431,4430100
2015-07-20,72.7168,72.8992,72.3602,72.8577,4320500
2015-07-21,72.6172,72.7085,70.9092,70.9506,8065300
2015-07-22,69.0851,71.9705,67.576,71.6223,12677800
2015-07-23,73.8444,74.516,70.9921,71.9373,5258500
2015-07-24,71.3072,71.4813,69.7815,70.2459,3460300
2015-07-27,70.0635,70.1547,69.1017,69.7733,5420600
2015-07-28,70.2376,71.0584,70.0634,71.0418,3027800
2015-07-29,71.2326,71.2989,70.2376,70.5527,2711800
2015-07-30,69.8645,70.4532,69.6323,70.0966,3867800
2015-07-31,70.3785,70.6936,69.964,70.0717,4113600
2015-08-03,70.3205,70.478,69.2592,69.765,4815500
2015-08-04,70.0551,70.4697,69.5245,69.6903,2848200
2015-08-05,70.2127,70.5444,69.624,70.2542,3776800
2015-08-06,70.5941,70.5941,67.3604,68.571,3866500
2015-08-07,68.4052,68.5627,66.8712,68.2144,4545300
2015-08-10,68.6705,69.4582,68.3554,69.2426,3211600
2015-08-11,68.6622,69.4416,68.5959,69.2675,3205600
2015-08-12,68.9922,69.6512,68.0997,69.5511,2826900
2015-08-13,69.401,69.8597,69.1424,69.2592,2253900
2015-08-14,69.159,70.0265,69.0589,69.9932,2280200
2015-08-17,69.451,69.8847,69.1757,69.6261,2814700
2015-08-18,69.9264,70.0599,69.426,69.5594,2241400
2015-08-19,69.3509,70.5103,68.8754,69.8764,2651300
2015-08-20,72.4539,74.1973,71.578,72.8459,10887700
2015-08-21,72.554,73.1546,70.5103,70.5103,8320000
2015-08-24,68.0663,69.2007,66.3146,67.3406,8620700
2015-08-25,68.5584,68.9004,64.9466,65.2802,6439000
2015-08-26,66.6316,67.8161,64.8715,67.6492,7217800
2015-08-27,68.2248,70.1016,68.1581,69.8514,4703400
2015-08-28,69.8514,70.0682,69.0422,69.3926,4860800
2015-08-31,69.5761,70.4186,68.4417,68.6919,3445300
2015-09-01,66.9402,67.7744,66.2312,66.5648,4300500
2015-09-02,67.3239,68.2582,66.9819,68.2415,3257900
2015-09-03,68.4417,69.1173,67.8494,68.0663,3227700
2015-09-04,67.2655,67.6575,66.4647,66.9986,3416400
2015-09-08,67.9495,69.2174,67.7827,69.134,2643600
2015-09-09,69.6095,69.6512,67.4741,67.6409,2839600
2015-09-10,67.6659,68.1247,67.1487,67.4324,3667700
2015-09-11,67.2739,68.2748,65.6806,68.2331,3645900
2015-09-14,68.3332,68.6335,67.7994,68.3082,3197200
2015-09-15,68.7587,69.5344,68.4917,69.2008,3532600
2015-09-16,70.1517,70.5103,68.9088,70.4436,3845000
2015-09-17,70.4603,77.4504,70.3018,75.0564,16918100
2015-09-18,75.657,76.2826,73.7218,73.8136,11578000
2015-09-21,74.3224,74.9146,72.6624,73.0628,6644100
2015-09-22,72.4205,73.3882,72.2537,73.238,5059500
2015-09-23,73.4048,73.7552,72.2203,72.3121,4863300
2015-09-24,72.1119,72.187,70.9691,71.1944,5693500
2015-09-25,71.9367,72.0952,69.426,70.1183,5794900
2015-09-28,69.8013,69.9515,65.4805,66.5148,8295100
2015-09-29,67.0403,68.5668,66.056,66.9652,7315200
2015-09-30,68.0079,69.8764,67.9829,69.8097,6780700
2015-10-01,69.7346,71.1693,69.5677,71.0525,5350400
2015-10-02,70.2017,73.0295,69.7263,73.0045,5616600
2015-10-05,73.4716,73.8052,71.4029,72.212,5297400
2015-10-06,72.0619,72.162,68.4667,70.2101,5521200
2015-10-07,70.3185,70.7773,68.7337,70.0599,5128000
2015-10-08,69.3592,70.0599,68.2248,69.8764,4595400
2015-10-09,71.1777,72.212,70.9024,71.8533,5115100
2015-10-12,65.5472,67.3573,65.3136,66.2646,26477400
2015-10-13,66.5565,67.7743,66.348,66.4147,10104700
2015-10-14,67.5408,68.3999,65.9392,66.106,9495500
2015-10-15,66.1811,66.7984,65.739,66.6149,6408600
2015-10-16,67.2155,68.0079,66.6983,67.9912,5519800
2015-10-19,67.6742,67.816,66.2896,66.9402,5869900
2015-10-20,66.8568,67.0153,64.7548,64.8882,7458000
2015-10-21,65.2553,65.3804,63.3284,64.2376,8955200
2015-10-22,64.4127,64.9299,62.6944,64.2126,10075500
2015-10-23,64.688,65.9642,64.4544,65.322,5679200
2015-10-26,65.3219,66.6149,64.8715,65.9893,4755200
2015-10-27,66.3146,67.5241,66.3146,67.4907,4771600
2015-10-28,67.7326,69.3175,67.057,69.2925,5710300
2015-10-29,68.6502,69.7096,67.8077,68.4,5158600
2015-10-30,68.4667,68.8587,68.0413,68.0413,4044300
2015-11-02,67.6826,68.5501,67.4073,68.4333,3473900
2015-11-03,68.5918,68.8504,67.6743,68.1247,4826100
2015-11-04,68.5251,68.5251,67.5075,67.6076,3401900
2015-11-05,67.5658,67.8995,66.4481,67.2405,3787200
2015-11-06,66.9819,67.2238,65.4304,67.1154,6082600
2015-11-09,66.7567,66.9736,65.5472,66.1978,4160200
2015-11-10,66.0719,67.4234,66.0719,67.2051,3302600
2015-11-11,67.2387,68.2293,67.1296,67.7424,3323400
2015-11-12,67.6165,67.7928,66.9869,67.0373,3647800
2015-11-13,66.8693,67.3814,66.4664,66.777,3638600
2015-11-16,67.1548,68.2125,67.138,68.1873,3318900
2015-11-17,67.9355,69.1946,67.6836,68.246,3012100
2015-11-18,68.4055,70.3111,68.3216,70.2187,3916600
2015-11-19,69.841,70.4118,69.4464,70.2775,3156100
2015-11-20,70.7643,71.7716,70.6048,70.907,4251500
2015-11-23,70.9322,71.2848,70.6132,71.1337,4033100
2015-11-24,70.1432,70.7811,69.7151,70.4118,3431100
2015-11-25,70.4118,70.8651,70.1348,70.2943,2529400
2015-11-27,70.3194,70.7224,70.1767,70.2187,1253800
2015-11-30,70.311,70.5377,68.8672,68.8672,6563300
2015-12-01,70.6888,72.6363,69.9585,72.6111,7368900
2015-12-02,72.4096,72.8042,70.8651,70.9826,4444800
2015-12-03,71.0581,71.2176,69.3037,69.7234,3669800
2015-12-04,70.0676,73.2659,70.034,72.7118,6987600
2015-12-07,73.4086,74.0046,72.099,72.5104,4379000
2015-12-08,71.8724,73.5932,71.8304,72.5355,4761000
2015-12-09,72.2082,72.46,70.1516,70.395,5479500
2015-12-10,70.7056,71.78,69.9753,71.2764,3667200
2015-12-11,70.3446,70.8315,69.7738,69.9165,3738200
2015-12-14,69.9753,71.1085,69.6479,71.0834,5208700
2015-12-15,71.5031,72.1746,71.3687,71.7885,3975500
2015-12-16,72.1914,72.6783,70.5545,72.4348,2983600
2015-12-17,72.821,73.2071,72.3593,72.3761,3928200
2015-12-18,71.8304,72.1746,71.1589,71.1589,5821300
2015-12-21,71.9563,72.5691,71.4779,72.225,3742400
2015-12-22,72.418,72.5859,71.5786,72.1159,2446100
2015-12-23,72.4936,72.9217,72.3005,72.3593,2804200
2015-12-24,72.1746,72.3173,71.7465,72.0655,1486900
2015-12-28,71.8388,71.9395,71.2596,71.7633,2031100
2015-12-29,72.0571,72.9217,71.8556,72.4012,2097700
2015-12-30,72.5691,73.1148,72.3089,72.3593,1969400
2015-12-31,71.9563,71.9815,70.5797,70.7308,3178500
2016-01-04,70.0089,70.1767,68.6574,69.564,6907300
2016-01-05,69.5891,71.6877,69.5639,70.6048,7475300
2016-01-06,69.4129,71.2512,69.2534,70.16,6628400
2016-01-07,68.5231,69.5136,67.8515,68.3384,5833200
2016-01-08,68.5566,69.2449,68.0278,68.204,5880200
2016-01-11,68.246,68.7665,66.1726,67.3814,4889300
2016-01-12,67.6669,67.9942,66.7519,67.4906,4329300
2016-01-13,67.776,67.8431,66.3909,66.5672,4628400
2016-01-14,66.5504,69.4464,65.9964,69.2869,8253700
2016-01-15,67.734,68.4811,67.2219,68.1957,6674300
2016-01-19,69.0939,71.1841,68.8001,69.8661,9162300
2016-01-20,68.7077,70.0676,67.4989,69.3541,8354400
2016-01-21,69.3037,69.3541,67.65,68.33,4930800
2016-01-22,69.1694,69.8074,68.7581,69.2366,3456300
2016-01-25,69.2534,69.841,68.5147,68.5902,2632800
2016-01-26,68.6238,68.9763,67.9187,68.8001,4583400
2016-01-27,68.5063,69.8829,67.9606,68.6322,4341900
2016-01-28,68.7245,69.2449,64.2503,64.477,10128700
2016-01-29,64.9387,66.6679,64.8295,66.3993,7042500
2016-02-01,65.6522,66.4497,64.8715,65.8117,4056000
2016-02-02,65.1905,65.7278,63.8726,64.0489,4804200
2016-02-03,64.1832,65.0982,62.2693,63.8726,6966400
2016-02-04,63.7551,64.2419,61.6481,62.3532,6339500
2016-02-05,62.2525,63.6459,61.7404,62.3868,6312800
2016-02-08,61.7404,62.6051,61.136,62.2777,4348800
2016-02-09,61.6397,62.924,61.0437,61.8999,5160000
2016-02-10,62.3226,63.2862,61.6886,61.7647,4748700
2016-02-11,61.0293,61.3928,59.8713,60.37,5425400
2016-02-12,60.4967,60.632,59.5331,60.2431,6332600
2016-02-16,60.8179,62.0605,60.801,61.9844,4811300
2016-02-17,62.5592,63.3284,61.7816,63.1256,4000300
2016-02-18,62.0605,63.0157,61.8407,62.1028,5620000
2016-02-19,61.4435,61.7647,61.0293,61.3758,6650800
2016-02-22,61.6294,62.2465,60.9447,61.7139,5672600
2016-02-23,61.79,62.9734,61.7562,62.1028,4411200
2016-02-24,61.9844,62.7874,61.4012,62.6353,3636100
2016-02-25,62.779,63.3031,62.3564,63.2439,4306800
2016-02-26,63.7511,64.0638,62.0521,62.2127,4807700
2016-02-29,62.0183,62.0183,60.8433,60.8602,5730200
2016-03-01,61.3927,61.5449,60.7419,61.4857,4541700
2016-03-02,61.4773,62.593,61.2321,62.5677,6738800
2016-03-03,62.3817,62.4578,61.3505,61.9168,4526500
2016-03-04,62.0183,62.6015,61.621,62.2127,3481600
2016-03-07,61.8492,62.517,61.5365,62.0436,3443100
2016-03-08,61.6548,63.0157,61.6125,61.7055,3278900
2016-03-09,62.1366,62.5001,61.7055,62.162,2372000
2016-03-10,62.5508,62.7283,61.2237,61.7224,4419200
2016-03-11,62.1028,63.3538,61.8661,63.1002,3527200
2016-03-14,62.7705,63.0579,62.3733,62.4747,3201800
2016-03-15,60.5644,60.8602,58.8315,60.2178,13748200
2016-03-16,60.2601,61.621,60.1586,61.2659,5287400
2016-03-17,61.0546,61.1561,57.3776,58.3751,15421600
2016-03-18,58.4934,60.0572,58.3751,59.9727,10131700
2016-03-21,59.8459,60.0572,59.0344,59.381,5900100
2016-03-22,59.3472,61.0631,59.3049,60.7926,7655400
2016-03-23,61.0039,61.0546,59.9389,60.1586,3884400
2016-03-24,59.7191,60.3868,59.3387,60.1164,2892900
2016-03-28,60.3108,60.4122,59.4908,59.6937,2661900
2016-03-29,59.7952,60.8095,59.7275,60.6066,3814800
2016-03-30,60.8433,61.1392,60.0741,60.6742,3081000
2016-03-31,60.6658,61.1391,60.0994,60.8686,3680000
2016-04-01,60.5221,62.2972,60.4629,62.0605,4083600
2016-04-04,62.1788,62.3733,61.6125,61.8576,2796300
2016-04-05,61.5195,62.2549,61.266,61.7393,3591800
2016-04-06,61.5364,63.4468,61.5364,63.1932,5669100
2016-04-07,62.9819,63.5313,62.424,63.0495,3724100
2016-04-08,63.6327,63.6327,62.4324,62.8804,3224900
2016-04-11,62.9565,63.1763,62.3817,62.5085,3351100
2016-04-12,62.3648,63.6412,62.1535,63.0326,2849800
2016-04-13,63.1678,63.5989,62.6184,63.5313,2341600
2016-04-14,63.6496,64.0976,63.227,63.9286,3022100
2016-04-15,63.9201,64.4526,63.4721,63.844,3007500
2016-04-18,63.8863,65.3064,63.5567,65.2726,4088400
2016-04-19,65.5769,66.3545,64.7823,65.2979,3819600
2016-04-20,65.3233,65.7375,64.7316,65.1542,4049400
2016-04-21,65.2303,66.0164,65.0105,65.3994,3286600
2016-04-22,65.1711,65.8812,65.0274,65.7882,2697200
2016-04-25,65.4754,65.9319,65.2134,65.8812,3767100
2016-04-26,64.7654,66.1855,64.3174,64.4696,5347300
2016-04-27,64.6809,65.2219,64.0892,64.6724,3690900
2016-04-28,64.3428,64.7992,63.9624,64.6301,4383000
2016-04-29,64.6724,64.6724,63.4806,63.844,3386600
2016-05-02,64.1991,65.1542,64.0807,64.8753,3571900
2016-05-03,64.5287,64.7908,63.8948,64.4527,3270700
2016-05-04,63.5398,63.9201,63.0833,63.2862,4176800
2016-05-05,63.1594,63.7257,63.0157,63.6243,3446400
2016-05-06,63.1594,63.3538,61.9929,63.058,4196900
2016-05-09,63.2101,64.1568,63.1932,63.8948,2963200
2016-05-10,64.4865,65.1965,64.2836,64.9852,4366000
2016-05-11,64.6448,65.5723,64.5342,64.9341,3716300
2016-05-12,65.283,65.4702,64.1258,64.6363,4081900
2016-05-13,64.5172,65.5638,64.3044,64.9511,3629700
2016-05-16,64.6533,66.7721,64.5342,66.6189,4580100
2016-05-17,66.5509,66.9764,64.2619,65.0022,7153300
2016-05-18,65.0107,65.3936,64.3385,64.9511,4664900
2016-05-19,63.9215,64.0151,62.7473,63.2323,4848800
2016-05-20,63.6407,64.2789,63.5471,63.6577,4689200
2016-05-23,63.8194,63.9385,62.9004,63.0366,4440500
2016-05-24,63.4365,63.9896,63.2748,63.8109,3711800
2016-05-25,64.2364,64.2449,63.3514,63.428,4621700
2016-05-26,63.479,64.33,63.1982,64.2619,2654600
2016-05-27,64.2619,64.4321,63.5386,63.8109,3247500
2016-05-31,63.8279,64.3555,63.5726,63.8449,4438800
2016-06-01,63.7343,64.1938,63.5471,63.7684,2450200
2016-06-02,64.0066,64.398,63.7343,64.2108,3231000
2016-06-03,64.2449,64.33,63.1812,63.9215,5319000
2016-06-06,63.913,64.2449,63.1387,63.6833,3253800
2016-06-07,63.4961,63.862,63.4025,63.5641,2902900
2016-06-08,63.5301,63.896,63.3089,63.7428,3194900
2016-06-09,63.6237,64.2789,63.1727,63.3344,2760500
2016-06-10,63.0451,63.1302,62.2622,62.9259,4124200
2016-06-13,63.0366,63.7939,62.6877,62.8494,3767000
2016-06-14,62.5771,63.2833,62.1686,63.2408,3691900
2016-06-15,63.5897,63.7258,62.6366,62.7217,3408900
2016-06-16,62.5175,63.3684,62.075,63.1812,4788700
2016-06-17,63.5216,63.8875,62.5175,62.8494,6604900
2016-06-20,63.3514,63.5641,62.3048,62.3558,3640100
2016-06-21,62.7132,62.7983,61.7176,61.7517,5999200
2016-06-22,61.6921,62.8919,61.6921,62.1771,4410800
2016-06-23,62.6196,62.9174,62.2877,62.9174,2989700
2016-06-24,61.6496,63.9215,61.156,63.2493,10471300
2016-06-27,63.0196,63.879,62.2878,63.7258,7657800
2016-06-28,63.93,64.8831,62.7557,63.947,8012300
2016-06-29,64.5682,66.5764,64.5597,66.4998,7123700
2016-06-30,66.5424,67.0614,65.9127,67.0104,4017200
2016-07-01,67.1295,67.5039,66.687,67.1805,2909600
2016-07-05,67.0614,67.9889,67.0104,67.7677,3286600
2016-07-06,67.4954,68.4144,67.3082,68.0911,4669800
2016-07-07,67.9294,68.1166,66.9253,67.4954,3587300
2016-07-08,67.4954,67.9889,67.1636,67.7847,3134900
2016-07-11,67.6826,67.8783,67.1806,67.3422,3461400
2016-07-12,67.7592,67.9379,67.1976,67.7932,4430000
2016-07-13,67.9975,68.0996,67.5039,67.5294,2917200
2016-07-14,67.6486,68.6612,67.5635,68.5761,3823800
2016-07-15,68.9079,68.925,68.023,68.2612,4529100
2016-07-18,68.3889,68.5761,67.9549,68.0315,3087600
2016-07-19,67.9464,68.2868,67.7167,68.0485,3303700
2016-07-20,68.3038,68.5165,68.0655,68.3123,2811100
2016-07-21,68.2442,68.5846,68.0911,68.4144,2685900
2016-07-22,68.4144,69.5292,68.3123,69.427,4315900
2016-07-25,69.427,69.7759,68.925,69.7589,4180100
2016-07-26,70.4141,70.9246,69.461,69.8525,5134900
2016-07-27,69.9886,71.1289,69.9035,70.9672,4057200
2016-07-28,70.8395,70.9587,69.7333,70.5672,4862000
2016-07-29,70.6864,71.0097,70.3205,70.5332,3016200
2016-08-01,70.6438,71.2991,70.5758,70.78,3131100
2016-08-02,70.7459,71.2225,70.2609,70.8991,3340100
2016-08-03,70.9842,70.9842,70.0822,70.3886,2940900
2016-08-04,70.6438,70.6438,70.0907,70.1333,2093800
2016-08-05,70.1333,70.2184,68.959,69.4015,5886900
2016-08-08,69.2994,69.6482,68.4655,69.4355,4227300
2016-08-09,69.5632,69.895,68.6697,69.3504,2242800
2016-08-10,68.1761,69.0611,67.7932,68.542,4956700
2016-08-11,68.4907,69.0815,68.4907,68.9873,2408000
2016-08-12,68.6705,69.1244,68.4222,68.6962,2525000
2016-08-15,68.7904,69.0387,68.5677,68.7305,2780400
2016-08-16,68.7219,68.8503,68.3708,68.3708,2158700
2016-08-17,68.6448,68.8075,68.1481,68.602,2519500
2016-08-18,68.5934,68.8332,68.071,68.3194,3037200
2016-08-19,68.1224,68.3279,67.463,67.7028,3745500
2016-08-22,67.9255,68.4222,67.6686,67.8998,3157000
2016-08-23,68.2338,68.4821,68.0283,68.1396,3406900
2016-08-24,68.2509,68.4992,66.9492,67.1719,3423000
2016-08-25,67.1719,67.797,66.6238,66.8037,2800500
2016-08-26,66.8379,67.4973,66.6581,67.0006,2602300
2016-08-29,67.0777,67.4288,66.8379,67.3089,2203300
2016-08-30,67.3089,67.3089,66.4782,66.5981,2025700
2016-08-31,66.7009,66.8722,66.3926,66.581,2182600
2016-09-01,66.581,66.7951,65.7675,66.1357,3544700
2016-09-02,66.384,66.4782,65.4677,65.8103,3943400
2016-09-06,66.0415,67.3946,66.0415,67.2318,5528600
2016-09-07,67.2147,67.5572,67.0177,67.3003,2971400
2016-09-08,68.5335,68.6534,68.0026,68.4136,4405400
2016-09-09,68.1824,68.1824,66.9663,67.0006,4152500
2016-09-12,66.7865,67.8998,66.6324,67.72,3288900
2016-09-13,67.5401,67.5401,66.7865,67.2061,3149000
2016-09-14,67.3688,67.8569,66.8122,67.0434,2660900
2016-09-15,66.8978,67.7028,66.5981,67.4973,2652300
2016-09-16,67.3945,67.5744,66.9407,67.4802,4255100
2016-09-19,67.4716,67.9683,67.2147,67.7884,3321500
2016-09-20,68.191,68.8075,67.8998,68.405,3629400
2016-09-21,68.3365,69.3641,68.2338,69.2528,3147600
2016-09-22,69.407,69.7581,69.1329,69.6125,2639800
2016-09-23,69.3384,69.758,69.1672,69.5011,2197700
2016-09-26,69.3642,69.4926,68.0796,68.0968,4332800
2016-09-27,69.0387,69.3042,68.1738,69.2614,6888900
2016-09-28,69.2271,69.5097,68.5249,69.1158,2467800
2016-09-29,68.8075,68.9103,67.8484,68.2851,3269200
2016-09-30,68.5934,69.0644,68.5335,68.7305,3623000
2016-10-03,68.5078,69.4241,68.2423,69.3641,3983500
2016-10-04,69.4155,69.7152,69.0901,69.4583,3184100
2016-10-05,69.6639,70.2976,69.5611,70.0064,3560400
2016-10-06,69.5782,70.0321,69.1329,69.7666,2994200
2016-10-07,69.8523,70.486,69.6211,70.2976,4241400
2016-10-10,70.3318,71.2824,70.3061,71.1282,4608400
2016-10-11,70.7343,70.9484,69.5783,70.0578,4218200
2016-10-12,70.0578,70.4089,68.9017,68.9445,3629800
2016-10-13,68.4478,68.9274,68.1652,68.5078,3565000
2016-10-14,68.6534,68.7818,67.8313,67.8827,3143900
2016-10-17,68.1053,68.1053,66.8037,67.249,3884700
2016-10-18,67.7285,67.7799,67.2233,67.4545,3218300
2016-10-19,67.6172,67.934,67.2489,67.2746,2988500
2016-10-20,67.4202,67.7456,67.1291,67.4288,2661900
2016-10-21,67.2575,67.463,66.8636,67.0092,3215000
2016-10-24,67.2147,67.386,66.3155,66.4269,4363200
2016-10-25,65.836,67.0349,64.6542,66.581,8496000
2016-10-26,66.2984,66.4954,65.3993,65.7332,2988700
2016-10-27,66.247,66.2984,65.1937,65.2194,3789900
2016-10-28,64.757,64.8084,63.2498,63.8236,5651500
2016-10-31,63.9092,64.0034,63.1984,63.2327,3562100
2016-11-01,63.207,63.3526,61.5285,62.4962,8190500
2016-11-02,62.6418,62.933,62.2051,62.2136,4433900
2016-11-03,62.3507,62.7531,61.5543,61.7512,4843200
2016-11-04,61.7597,62.539,61.3744,62.0766,3617200
2016-11-07,62.7018,63.3098,62.5562,63.267,4969400
2016-11-08,63.0015,63.7722,62.8217,63.3868,2690800
2016-11-09,66.0672,67.9083,65.5791,67.1291,7332700
2016-11-10,68.06,68.6978,67.2325,67.5256,6904800
2016-11-11,67.2067,67.3101,66.1895,66.9481,3072700
2016-11-14,67.2411,67.4394,66.1034,66.3878,3221700
2016-11-15,66.7412,66.836,65.6637,66.6464,3097600
2016-11-16,66.8188,66.8188,66.2154,66.3188,1922300
2016-11-17,66.3706,67.0687,66.1378,66.9825,4519200
2016-11-18,66.8705,67.1635,65.9568,66.0861,4571600
2016-11-21,66.1982,66.405,65.5948,66.0602,4060300
2016-11-22,67.0687,67.0687,65.0776,65.5,5208800
2016-11-23,55.4582,58.9836,55.3203,58.6129,53877200
2016-11-25,59.0698,59.5956,58.4233,59.5784,8620700
2016-11-28,58.9836,58.9836,57.8372,57.9234,12507700
2016-11-29,58.2423,58.3027,57.3028,57.8803,8930000
2016-11-30,58.0096,58.4578,57.5872,57.8544,9085300
2016-12-01,58.001,58.0096,56.596,56.8632,7168100
2016-12-02,57.1476,58.9491,56.8546,58.363,12272200
2016-12-05,58.7509,58.8802,57.5269,57.9751,7286000
2016-12-06,57.9234,58.5526,57.863,58.4406,4617200
2016-12-07,57.9665,58.0785,57.3717,58.0785,5835900
2016-12-08,57.7941,57.9837,57.2252,57.9148,4811400
2016-12-09,58.0785,58.7595,57.9406,58.4837,4350800
2016-12-12,58.5957,59.0784,58.113,58.2768,5273700
2016-12-13,58.6043,59.3801,58.6043,59.1646,6010900
2016-12-14,58.975,59.406,58.2165,58.3285,6140300
2016-12-15,60.6558,61.7074,60.0438,61.5177,14320800
2016-12-16,62.802,63.5347,61.8539,63.1899,17584700
2016-12-19,63.3365,64.207,63.1813,63.2848,6102400
2016-12-20,63.483,63.8709,62.9227,63.2503,6001500
2016-12-21,63.2072,63.6899,63.0089,63.1382,5054100
2016-12-22,63.0606,63.3365,62.6469,63.1468,4827500
2016-12-23,63.3364,63.7847,63.1468,63.6036,2570100
2016-12-27,63.8364,64.1812,63.5089,63.6209,2786700
2016-12-28,63.4916,63.5951,62.8969,62.9744,3256800
2016-12-29,63.2589,63.6726,63.1296,63.4054,3031600
2016-12-30,63.3278,63.5692,63.121,63.3968,2933900
2017-01-03,63.733,64.3622,63.3882,64.3018,3622700
2017-01-04,64.6036,64.6467,64.1122,64.4053,3021600
2017-01-05,64.5863,67.1205,64.1553,65.1552,3310800
2017-01-06,65.0431,65.5689,64.6725,65.2241,2296500
2017-01-09,65.2241,66.043,65.0862,65.7413,3204100
2017-01-10,65.8878,65.9913,65.3448,65.7413,3559400
2017-01-11,65.9482,66.3016,63.7847,64.8708,7701700
2017-01-12,64.5174,66.8015,64.4398,66.4999,11900700
2017-01-13,66.3016,67.3359,65.8361,66.7153,5602600
2017-01-17,66.4223,66.4223,65.3966,66.2413,4913300
2017-01-18,66.6464,66.9825,66.2671,66.8274,3360300
2017-01-19,66.7757,66.905,66.1637,66.2326,4439200
2017-01-20,66.3878,66.724,65.9137,66.2068,4371200
2017-01-23,65.7155,66.2671,65.6465,65.7844,5055100
2017-01-24,65.681,65.8792,63.9312,64.5173,6594300
2017-01-25,64.7501,65.1638,64.0174,64.5173,4830800
2017-01-26,64.6294,64.9483,64.2502,64.2846,3748000
2017-01-27,64.5777,64.9914,64.2243,64.9742,3132800
2017-01-30,64.7242,64.8018,64.0002,64.388,5909600
2017-01-31,64.0002,66.6119,63.7847,66.3964,6964100
2017-02-01,67.1377,67.7238,66.293,66.8877,4959200
2017-02-02,66.362,67.155,65.9827,66.7067,3830900
2017-02-03,66.7757,67.1291,66.1206,66.5688,3836300
2017-02-06,66.3016,67.1032,66.1637,67.086,2835500
2017-02-07,66.9567,67.2411,66.6464,66.9739,3346800
2017-02-08,66.7498,67.7928,66.5343,67.3273,2820800
2017-02-09,67.3273,67.7411,66.9653,66.9739,2962600
2017-02-10,67.1205,67.448,66.8877,67.0515,2598600
2017-02-13,67.3118,67.737,67.2771,67.4854,2097500
2017-02-14,67.2511,68.4052,67.0341,68.3878,3311200
2017-02-15,67.98,69.889,67.7283,69.6374,4272800
2017-02-16,69.4639,69.7502,68.9085,69.4552,3629600
2017-02-17,69.542,70.2882,69.4812,69.7589,3111100
2017-02-21,69.568,70.1754,69.5159,69.7329,3178800
2017-02-22,69.7849,70.4704,69.7068,70.349,3468800
2017-02-23,70.618,71.9196,70.4097,71.6333,6193500
2017-02-24,71.5204,72.232,71.3642,71.9109,4016000
2017-02-27,71.8762,72.3708,71.7287,72.0758,3104200
2017-02-28,71.8675,72.4402,71.6593,71.8588,3672000
2017-03-01,72.4056,73.013,71.9977,72.7613,3420600
2017-03-02,72.7787,72.8481,71.8849,71.9456,3371600
2017-03-03,71.7634,72.8047,71.6766,72.7006,2649100
2017-03-06,72.2407,73.1345,71.9803,72.744,3960100
2017-03-07,71.9804,72.1452,70.6093,71.7981,5570600
2017-03-08,71.7981,72.8828,71.7374,72.3795,4491800
2017-03-09,72.6051,73.5597,72.4663,73.3688,5861600
2017-03-10,73.3254,73.3687,72.8047,73.2039,3629400
2017-03-13,73.3341,73.3688,72.744,73.013,2248500
2017-03-14,72.8915,73.3688,72.8221,73.2907,2839100
2017-03-15,73.2647,74.7485,73.2126,74.5229,4883900
2017-03-16,74.2278,74.2278,72.7179,73.7506,4742800
2017-03-17,73.2733,73.5423,72.744,72.8568,5786900
2017-03-20,73.4121,73.6377,72.8654,72.9435,3121900
2017-03-21,73.1865,73.7159,72.5704,72.6572,4066200
2017-03-22,72.9696,73.3687,72.4316,73.2039,2850300
2017-03-23,72.8221,73.8026,72.8221,73.2559,3021100
2017-03-24,73.1518,73.7419,72.77,73.0477,2479100
2017-03-27,72.8047,73.2733,72.6659,73.0997,2340300
2017-03-28,73.1258,73.7592,72.9262,73.5423,2755000
2017-03-29,73.3688,73.551,73.1692,73.2733,2066600
2017-03-30,73.3861,73.7159,72.9609,73.551,3204100
2017-03-31,73.2386,73.7072,72.9609,72.9869,3151900
2017-04-03,73.0043,73.5944,72.9522,73.282,2429900
2017-04-04,73.3514,74.9654,73.1431,74.7051,4624600
2017-04-05,74.5576,75.2518,74.2539,74.3059,4056300
2017-04-06,74.1671,74.5402,73.8634,74.0716,2684600
2017-04-07,74.0543,74.332,73.6812,74.0369,2808500
2017-04-10,74.1584,74.4968,73.9588,74.1671,1994900
2017-04-11,74.1671,74.7485,74.0369,74.5663,2699200
2017-04-12,74.4014,74.922,74.3406,74.8439,2545100
2017-04-13,74.6531,74.9047,74.4361,74.5229,2172500
2017-04-17,70.5486,72.0151,70.3837,71.4857,12424500
2017-04-18,71.0779,71.2427,70.1928,70.4618,8210800
2017-04-19,70.3924,70.9043,69.3163,70.1928,5504500
2017-04-20,70.4531,71.3295,70.0713,71.1039,3267200
2017-04-21,70.9998,71.3642,70.8696,71.0605,3204000
2017-04-24,71.8675,72.6572,71.7807,72.3882,4813600
2017-04-25,71.7721,71.7721,69.8543,70.4618,9221100
2017-04-26,70.5833,70.9043,70.2275,70.2535,4421700
2017-04-27,70.2622,70.8089,70.0192,70.5746,3219200
2017-04-28,70.6093,71.3729,70.4617,71.208,3161800
2017-05-01,71.2341,71.3469,70.939,70.9998,2397200
2017-05-02,71.1386,71.1386,70.7221,70.8957,3626500
2017-05-03,70.5138,70.7742,70.4965,70.5052,3373200
2017-05-04,70.592,72.1105,70.5399,72.0585,3567100
2017-05-05,72.0758,72.1192,71.2167,71.5985,3135600
2017-05-08,71.4684,71.5118,69.7329,70.0019,4712900
2017-05-09,70.132,70.2362,69.7242,70.106,3988100
2017-05-10,70.1494,70.3837,69.5853,70.3316,4018500
2017-05-11,70.4976,70.7421,69.7902,70.0609,3920500
2017-05-12,70.157,70.4015,69.6417,70.0347,2935200
2017-05-15,70.0347,70.2967,69.3709,70.1307,2559100
2017-05-16,70.0696,70.1307,68.4714,68.9866,7170100
2017-05-17,68.9867,69.0216,68.0522,68.2443,4486000
2017-05-18,68.6198,68.943,68.157,68.384,2928200
2017-05-19,68.5587,68.7421,67.8862,67.9473,5091800
2017-05-22,68.0347,68.1307,67.1176,67.2312,6936500
2017-05-23,67.4146,68.4364,67.2661,68.1133,5884800
2017-05-24,68.1133,68.3665,67.9473,68.0871,2253800
2017-05-25,68.3927,68.5237,67.9124,68.4189,1736700
2017-05-26,68.2268,68.4277,67.8775,68.1657,2238900
2017-05-30,68.0783,68.7071,67.9037,68.4277,3244900
2017-05-31,68.5412,69.7901,68.5412,69.4932,5163900
2017-06-01,69.5194,70.0696,69.3272,69.86,3093100
2017-06-02,70.2792,70.7945,69.7814,69.9823,4005700
2017-06-05,69.8687,69.9299,68.9779,69.3011,2814800
2017-06-06,69.3535,69.3971,68.777,69.074,2688000
2017-06-07,69.1351,69.467,69.074,69.336,2899900
2017-06-08,69.336,70.2705,69.2923,69.9561,4610400
2017-06-09,69.9561,70.908,69.6067,70.777,4599300
2017-06-12,70.7071,70.9953,70.6023,70.6547,2842400
2017-06-13,70.9255,70.9954,70.0783,70.9604,4492900
2017-06-14,70.6548,71.2748,70.5412,71.2661,4025600
2017-06-15,71.0827,71.7465,70.7072,71.6591,3484800
2017-06-16,71.8251,72.1045,71.3185,71.5107,4903200
2017-06-19,71.6329,72.2792,71.5019,71.9124,2538000
2017-06-20,71.8076,73.0827,71.8076,72.2705,3694700
2017-06-21,72.5761,72.8469,71.9473,72.1744,3781400
2017-06-22,72.3491,74.0259,72.3491,73.6329,4891600
2017-06-23,73.467,73.6591,73.1089,73.2661,3928000
2017-06-26,73.4408,73.7552,73.0652,73.6067,2952800
2017-06-27,73.5194,73.6504,72.5238,72.5238,2365800
2017-06-28,72.8818,73.2923,72.4015,72.5762,3035300
2017-06-29,72.5674,72.681,71.8862,72.2268,2366800
2017-06-30,72.4626,72.6023,71.6154,71.8774,5713900
2017-07-03,71.9735,72.4102,71.8949,72.2268,1464700
2017-07-05,72.1657,72.2792,71.6417,72.2268,2263600
2017-07-06,71.8949,72.1133,71.0652,71.2661,3391000
2017-07-07,71.2836,71.9211,71.1176,71.8687,1803700
2017-07-10,71.9037,72.1133,71.5194,71.86,2269700
2017-07-11,71.956,72.3491,71.5106,71.9211,2708900
2017-07-12,72.253,73.3796,72.1482,72.9255,3527000
2017-07-13,72.9779,73.563,72.6285,73.3796,2944100
2017-07-14,73.4582,73.8687,73.1962,73.6678,2005700
2017-07-17,73.6329,73.8251,72.8556,73.0478,1989100
2017-07-18,72.9343,73.1613,72.681,73.1002,1704500
2017-07-19,72.943,73.6067,72.943,73.5631,2297400
2017-07-20,73.825,74.3403,73.7203,74.0172,2980600
2017-07-21,73.9036,74.2006,73.6329,73.9386,3064400
2017-07-24,73.9386,74.6984,73.8076,74.0085,3952200
2017-07-25,73.1351,73.7115,70.5412,71.7814,13319900
2017-07-26,71.2399,71.5107,70.777,71.4757,7030500
2017-07-27,71.4058,72.5325,71.1438,72.5063,5577400
2017-07-28,72.3753,72.681,72.0521,72.5762,3820100
2017-07-31,72.7857,73.1526,72.1657,72.1919,4083000
2017-08-01,72.3666,72.6198,71.7203,71.9386,3439400
2017-08-02,71.6679,71.7639,70.8032,71.4583,4574400
2017-08-03,71.2486,71.86,71.1788,71.5543,3688300
2017-08-04,71.5281,71.8949,71.4058,71.8862,2802600
2017-08-07,71.8862,71.9648,71.3709,71.6766,2769700
2017-08-08,71.5019,72.2443,71.2923,71.5892,3292600
2017-08-09,71.729,72.2617,71.5893,72.1133,2392100
2017-08-10,72.0871,72.0871,71.3185,71.6591,3367500
2017-08-11,71.8964,72.0459,71.2988,71.3251,2446400
2017-08-14,71.4921,71.791,71.3515,71.624,1879600
2017-08-15,71.6327,72.371,71.6327,71.8173,1949500
2017-08-16,72.1952,72.248,70.3319,70.9208,3970500
2017-08-17,70.6659,70.8153,68.2928,68.3807,7318200
2017-08-18,68.2928,68.2928,67.6248,67.7391,4061300
2017-08-21,67.783,68.2401,67.5809,68.0116,3638100
2017-08-22,68.1434,69.1278,68.1434,68.785,2131900
2017-08-23,68.7323,69.0135,68.6004,68.6883,1801500
2017-08-24,68.8466,69.6464,68.785,69.3124,4188400
2017-08-25,69.4003,69.9013,69.2069,69.2509,2171500
2017-08-28,69.5233,69.8134,69.1102,69.2948,1923200
2017-08-29,69.0311,69.2948,68.662,69.0399,2154300
2017-08-30,69.5233,70.9911,69.2157,70.745,5036900
2017-08-31,70.9911,71.5009,70.6132,71.4482,3939500
2017-09-01,71.6679,71.8173,69.8133,70.3847,4345000
2017-09-05,69.8485,70.3583,69.4794,70.1561,3384000
2017-09-06,70.4989,70.9032,70.1913,70.7626,2689200
2017-09-07,70.8593,72.7314,70.6395,71.6679,6249300
2017-09-08,71.7294,73.0566,71.6679,72.8808,3961300
2017-09-11,72.8984,73.2588,71.8701,72.6259,4389200
2017-09-12,72.5996,72.7138,72.0107,72.2216,2566400
2017-09-13,72.037,72.582,71.9667,72.4501,2454900
2017-09-14,72.3623,73.8213,72.1777,73.0127,3370300
2017-09-15,73.2148,73.4521,72.2304,72.4589,5374500
2017-09-18,72.5556,72.6611,72.1337,72.5293,2200000
2017-09-19,72.6347,72.8105,71.6767,71.8349,2259200
2017-09-20,72.1249,72.4414,71.5361,72.0898,2849900
2017-09-21,72.081,73.5664,71.9668,73.2412,4426700
2017-09-22,73.25,73.8565,72.7226,73.751,3148700
2017-09-25,73.7158,74.4014,73.6543,74.3926,4223800
2017-09-26,74.208,74.8233,73.8389,74.0234,2347200
2017-09-27,74.1289,74.5332,73.8037,74.4014,3085200
2017-09-28,74.3486,75.2188,73.9619,74.709,2841000
2017-09-29,74.8584,75.2451,74.1729,75.1836,3506100
2017-10-02,75.3946,76.1856,75.3594,75.8956,3071100
2017-10-03,75.7989,76.0801,75.5264,75.9835,2128800
2017-10-04,76.0274,76.6075,75.834,76.4317,2317700
2017-10-05,76.2647,78.3038,75.9307,77.0382,5221000
2017-10-06,76.7393,76.8975,76.1504,76.5372,2297200
2017-10-09,76.5899,76.713,75.9922,76.5108,1701400
2017-10-10,75.043,76.2032,74.9287,75.7286,4943700
2017-10-11,75.8956,76.168,75.1045,75.6407,3433200
2017-10-12,75.6758,75.9834,75.5088,75.9659,1941100
2017-10-13,75.9395,76.2032,75.333,76.0714,3026500
2017-10-16,76.0098,76.2384,75.3946,75.544,3800700
2017-10-17,75.5352,76.0274,75.0781,75.6407,3643700
2017-10-18,75.878,76.0802,75.1661,75.3506,4002200
2017-10-19,75.3154,75.9219,75.1572,75.9043,3233400
2017-10-20,76.045,76.8009,75.878,76.669,3223200
2017-10-23,76.8799,77.5128,76.5723,76.6251,4909800
2017-10-24,76.836,77.6358,73.6103,74.8584,8696100
2017-10-25,75.5088,75.9131,74.4277,74.5772,3916000
2017-10-26,74.4189,74.8057,73.6806,73.9707,3820700
2017-10-27,73.8916,74.542,73.4697,73.707,2892900
2017-10-30,73.6191,73.6191,72.4502,72.6435,4667200
2017-10-31,72.7402,73.039,71.8261,72.0195,3853300
2017-11-01,72.2216,73.6719,72.0722,72.8544,3309300
2017-11-02,72.5556,73.7598,72.3447,73.0654,2716100
2017-11-03,72.6962,73.4697,72.6523,73.3994,1534800
2017-11-06,73.206,73.3291,72.8808,72.8984,1861700
2017-11-07,72.9863,73.3203,72.749,73.1973,2851900
2017-11-08,72.9511,74.1729,72.9511,73.8389,2328700
2017-11-09,73.6719,74.0586,73.5049,73.8213,2098600
2017-11-10,73.54,73.7158,72.5732,73.206,2692500
2017-11-13,73.2412,73.2412,72.5381,72.8281,2478700
2017-11-14,73.1377,73.5092,72.7131,72.9608,2684800
2017-11-15,72.9785,73.5357,72.0144,72.6954,1838100
2017-11-16,72.89,73.9691,72.3859,73.801,2599700
2017-11-17,73.4118,73.8364,73.2349,73.3145,4097800
2017-11-20,73.4915,73.6949,73.2526,73.5711,2205900
2017-11-21,73.9868,74.7651,73.7391,73.8629,3529900
2017-11-22,74.0044,74.5263,73.8364,74.0133,2230900
2017-11-24,74.1813,74.4467,73.9248,74.3229,817600
2017-11-27,74.429,75.4019,74.3229,75.0128,2980900
2017-11-28,75.2428,75.4993,74.9509,75.2251,2659400
2017-11-29,74.9951,75.3931,74.6943,75.1454,2316000
2017-11-30,75.4019,75.6054,74.5794,74.8624,5002100
2017-12-01,75.1631,75.5434,74.4555,75.4638,2736300
2017-12-04,75.6142,76.7552,75.4992,75.6938,4228300
2017-12-05,75.7027,76.5783,75.3666,76.1184,3876800
2017-12-06,76.1007,76.4102,74.7651,75.4638,3130900
2017-12-07,75.3665,75.9503,74.8712,75.9503,4344900
2017-12-08,75.7646,76.4721,75.5965,76.4633,3777100
2017-12-11,76.6049,76.8083,76.1272,76.6579,3336800
2017-12-12,76.4987,76.8613,76.0564,76.6933,4252500
2017-12-13,76.4279,78.7983,76.366,77.737,5786800
2017-12-14,78.0288,78.1261,76.1714,76.5075,4388400
2017-12-15,76.8525,77.4893,76.3041,76.5429,7346400
2017-12-18,76.7375,77.3478,76.0565,76.1361,3796000
2017-12-19,76.1007,76.7463,75.9326,76.6933,4027600
2017-12-20,76.6667,76.8967,75.7469,75.8353,3016900
2017-12-21,76.0918,76.2245,75.57,75.7203,2024300
2017-12-22,75.7115,75.8707,74.9597,75.2427,1834800
2017-12-26,75.4373,75.5612,75.1454,75.172,1099900
2017-12-27,75.3489,75.5877,75.1631,75.3047,1332800
2017-12-28,75.4462,75.57,75.0836,75.2251,1731700
2017-12-29,75.287,75.57,74.7032,74.7032,2563800
2018-01-02,74.7032,75.1808,74.3494,74.8978,3456700
2018-01-03,74.9509,75.5523,74.5352,75.3047,3078400
2018-01-04,75.4285,75.8884,74.9508,75.6407,2462500
2018-01-05,76.1449,76.7287,76.0034,76.5695,2946300
2018-01-08,76.6756,76.6933,75.5346,76.1803,3251400
2018-01-09,76.2422,76.4368,75.8353,76.1184,2426000
2018-01-10,75.7203,76.2157,75.6142,76.1537,1674600
2018-01-11,76.2156,76.5871,75.9503,76.4102,2647500
2018-01-12,76.5252,77.3124,76.0918,76.9321,2728900
2018-01-16,76.0034,76.5871,75.3135,75.4373,4878300
2018-01-17,75.8884,76.3837,75.5965,76.251,4083300
2018-01-18,76.1007,76.1891,75.4196,75.9061,4445800
2018-01-19,76.2157,76.313,75.4639,75.6142,5826900
2018-01-22,73.633,75.685,72.8812,75.57,6374000
2018-01-23,75.34,75.9945,74.5086,74.6678,5728100
2018-01-24,75.057,75.3223,74.544,74.5617,5977700
2018-01-25,75.0128,75.5346,74.7917,75.1897,5201600
2018-01-26,74.9685,77.3655,74.9685,77.0205,6394100
2018-01-29,76.7463,78.1261,76.6402,77.4805,5324500
2018-01-30,76.6314,76.8967,75.3666,76.1449,5388400
2018-01-31,76.5075,76.711,71.8817,72.0409,10558500
2018-02-01,72.1205,73.2969,71.8994,72.89,8410700
2018-02-02,72.4212,73.4384,71.749,71.8021,5152500
2018-02-05,71.5456,72.1824,67.707,68.5384,8145200
2018-02-06,67.7158,69.9712,66.964,68.9806,10558800
2018-02-07,68.7771,69.4847,67.8484,67.8573,8240300
2018-02-08,68.273,68.6799,65.6196,65.6373,8059600
2018-02-09,66.3891,67.9458,65.1773,67.4239,8939700
2018-02-12,67.8219,68.1934,66.5129,67.4416,6454200
2018-02-13,67.2382,67.7424,66.9994,67.4063,4041200
2018-02-14,67.195,68.7811,67.1327,68.6386,4361100
2018-02-15,69.2801,69.6366,68.6386,69.5207,4810700
2018-02-16,69.4583,70.9731,69.4227,70.3672,4699600
2018-02-20,69.6633,70.1266,68.7722,69.1019,3195000
2018-02-21,69.1376,70.1712,69.1019,69.1019,3871100
2018-02-22,68.7812,69.5831,68.1841,68.7812,7687400
2018-02-23,69.2623,70.2692,69.1821,70.1712,5170300
2018-02-26,70.385,71.7038,70.3672,71.4454,6015900
2018-02-27,71.4187,71.4722,70.1177,70.1266,4860400
2018-02-28,70.1979,70.5544,68.6208,68.6297,6123400
2018-03-01,68.6653,68.9415,67.302,68.1663,6258400
2018-03-02,68.0594,69.1465,68.0059,68.8168,3216700
2018-03-05,68.5227,69.5742,68.3534,69.2356,3816600
2018-03-06,69.3782,69.5029,68.5049,68.7812,2962700
2018-03-07,68.2376,69.1554,68.2019,69.0039,2266500
2018-03-08,69.191,70.4118,69.0306,70.2959,3497200
2018-03-09,70.6434,71.2494,70.287,70.9375,4399500
2018-03-12,71.1335,71.2583,70.0464,70.4296,5059600
2018-03-13,70.4652,71.1692,70.189,70.5276,4863200
2018-03-14,70.7415,70.893,69.5207,69.9395,3167900
2018-03-15,70.0197,71.1603,69.9128,70.1712,3910100
2018-03-16,70.5722,71.7216,70.5009,71.7216,8326300
2018-03-19,71.392,71.4632,69.6455,70.1534,5117000
2018-03-20,70.4296,70.5722,69.3692,69.8326,3943800
2018-03-21,69.9128,70.394,69.5296,69.7167,4052000
2018-03-22,69.1108,69.5118,68.0861,68.193,3816900
2018-03-23,68.4069,68.4336,66.3931,66.6159,4298100
2018-03-26,67.3733,67.9257,66.5178,67.8812,3488700
2018-03-27,67.801,68.2554,66.9545,67.4178,4070600
2018-03-28,67.7742,69.2,67.7564,68.6208,4257500
2018-03-29,69.0217,69.3247,68.2643,68.9415,3424000
2018-04-02,68.5049,68.8881,67.1861,67.4535,6282600
2018-04-03,67.9435,69.1465,67.596,69.093,3610600
2018-04-04,68.4514,70.2336,68.3534,70.0375,3022200
2018-04-05,69.9663,70.2603,69.5831,70.0554,2213100
2018-04-06,69.6633,69.7256,67.9881,68.4782,4012800
2018-04-09,68.8524,69.8148,68.0148,68.9148,5377500
2018-04-10,69.5831,70.9999,69.5653,70.59,3657200
2018-04-11,69.8148,70.3049,69.6098,70.1534,2830000
2018-04-12,70.5633,70.9999,70.2247,70.6524,2121100
2018-04-13,71.1781,71.686,70.6078,71.0355,2652400
2018-04-16,71.6949,71.9533,70.991,71.3919,2743000
2018-04-17,71.7929,71.8553,70.8306,71.2137,3782400
2018-04-18,71.2494,71.4989,70.9197,71.0355,4261000
2018-04-19,70.3583,71.0623,69.993,71.0623,4989400
2018-04-20,70.9643,71.2049,70.2336,70.4474,5424100
2018-04-23,70.7771,71.5434,70.5454,71.4632,4015900
2018-04-24,72.3276,72.6216,70.3227,71.3652,6394900
2018-04-25,71.5256,73.3523,71.294,72.3008,5379000
2018-04-26,72.5503,74.4572,72.5503,73.5573,5058700
2018-04-27,73.5127,74.1721,73.4057,73.7176,3209600
2018-04-30,74.0384,74.1453,72.2296,72.2385,5483500
2018-05-01,71.8909,72.1137,70.1177,70.4563,6306100
2018-05-02,70.1088,70.7415,69.9128,70.2425,5166300
2018-05-03,70.0821,70.1266,69.0039,69.5385,4469300
2018-05-04,68.9861,70.0554,68.692,69.8593,3367500
2018-05-07,69.8682,70.6256,69.7078,70.0643,3722600
2018-05-08,69.9306,70.3048,69.6544,70.287,4591700
2018-05-09,70.3583,70.9732,69.9039,70.6345,3325200
2018-05-10,70.8039,72.3276,70.7593,72.0514,3718400
2018-05-11,72.3097,73.4681,72.1939,73.4681,4393800
2018-05-14,73.6018,74.2434,73.5127,74.0206,4739700
2018-05-15,73.7087,73.9048,72.9157,73.2543,3662700
2018-05-16,73.3916,73.5262,72.6379,72.8353,3614500
2018-05-17,72.7097,73.4274,72.7007,73.2659,2808400
2018-05-18,73.1134,73.8312,73.1134,73.6338,4002300
2018-05-21,73.8312,74.0555,73.2749,73.4185,2505900
2018-05-22,73.6966,74.3695,73.4005,73.7684,2620700
2018-05-23,73.3108,74.3964,73.2211,74.1811,2516900
2018-05-24,74.208,74.2798,73.6607,74.208,2481800
2018-05-25,74.2798,74.8899,74.1003,74.2618,2338100
2018-05-29,73.6697,74.1273,73.257,73.9658,3459300
2018-05-30,74.3964,75.3833,74.3874,75.2398,3475400
2018-05-31,75.2578,76.3613,75.0783,76.2985,9526400
2018-06-01,76.442,76.8727,75.8678,76.128,4057700
2018-06-04,75.9486,76.7292,75.6884,76.3254,4263100
2018-06-05,76.4869,76.8907,75.8499,76.1011,3667600
2018-06-06,76.1549,77.097,75.9576,77.097,2720100
2018-06-07,77.3393,77.4469,76.5497,77.0522,3123600
2018-06-08,77.0073,77.5367,76.6484,77.2316,3172300
2018-06-11,77.438,77.8597,76.9894,77.0342,3506900
2018-06-12,76.9445,77.1778,76.6664,76.7023,3016900
2018-06-13,76.9445,77.5007,76.8009,76.9086,3052100
2018-06-14,76.8638,77.5726,76.4152,77.4739,3115100
2018-06-15,77.2765,78.2993,77.2495,77.9494,5575200
2018-06-18,77.1419,77.2944,76.2716,77.2585,2903900
2018-06-19,77.0611,77.9404,76.8637,77.8955,3044500
2018-06-20,77.8238,78.2006,77.3393,77.411,4675500
2018-06-21,76.9983,77.411,76.4331,77.2226,2856400
2018-06-22,77.1778,77.5187,76.9893,77.088,3769500
2018-06-25,77.1598,77.7071,76.3703,76.9535,3414100
2018-06-26,76.7471,77.1598,76.2267,76.3613,2840600
2018-06-27,76.1819,76.8009,75.9396,75.9665,3005400
2018-06-28,76.128,77.1239,76.0922,76.7023,2564600
2018-06-29,77.0163,77.2495,76.3792,76.5587,2964000
2018-07-02,76.3165,77.097,76.0024,77.0342,2347000
2018-07-03,76.9894,78.075,76.9894,77.6174,2163500
2018-07-05,77.9763,78.2275,77.2765,77.6623,2675500
2018-07-06,77.9045,78.694,77.8955,78.4069,2290500
2018-07-09,78.5954,79.2503,78.5236,78.8376,2718300
2018-07-10,79.026,79.1606,78.6582,78.9991,2227200
2018-07-11,78.7479,79.017,78.2364,78.5594,2449500
2018-07-12,79.044,79.8425,78.8825,79.7707,2604500
2018-07-13,79.6989,80.632,79.4387,80.4885,3335000
2018-07-16,80.4167,80.6051,79.7079,79.9142,3175200
2018-07-17,80.1744,80.7217,80.1565,80.3628,2179400
2018-07-18,80.3898,80.8653,79.9142,80.7756,3021400
2018-07-19,80.5961,80.7307,79.7348,80.2372,3171000
2018-07-20,79.8694,80.1834,79.1875,79.3759,3829800
2018-07-23,79.2234,79.995,79.1068,79.7438,3145300
2018-07-24,81.6997,84.1222,80.7487,83.7543,9910000
2018-07-25,83.5838,86.7151,83.4672,86.5177,8476800
2018-07-26,86.7061,86.9932,85.0822,85.3962,4826100
2018-07-27,85.8179,86.9932,85.2526,86.6702,3975500
2018-07-30,86.4728,88.034,86.3562,87.9442,5356000
2018-07-31,88.1506,89.0029,87.5046,88.653,4957800
2018-08-01,88.5902,89.1375,88.3211,88.5543,4971800
2018-08-02,87.8814,90.0706,87.7827,89.2452,4321000
2018-08-03,88.985,90.3398,88.7159,90.2411,4572100
2018-08-06,90.0796,92.0445,89.9181,91.5151,5090900
2018-08-07,91.3267,93.1391,91.228,91.4613,5095100
2018-08-08,91.3806,92.1163,91.0037,91.7574,3901600
2018-08-09,91.569,92.1611,91.4434,91.6856,3298100
2018-08-10,91.6497,92.5828,91.5061,91.7394,2783800
2018-08-13,91.9189,92.1252,91.6228,91.9099,2816400
2018-08-14,91.8134,92.7787,91.3623,92.4178,3283900
2018-08-15,92.2735,93.32,92.0931,93.2208,3143200
2018-08-16,93.1486,94.6732,93.1486,94.15,4427200
2018-08-17,94.2131,95.5574,93.7891,95.2236,3824300
2018-08-20,95.2506,95.9724,95.2506,95.4671,2765500
2018-08-21,95.6476,95.7468,94.4748,94.7905,2775500
2018-08-22,94.5469,95.2957,93.9605,94.7544,1964400
2018-08-23,94.7183,94.9529,94.177,94.565,2043400
2018-08-24,95.2416,95.6656,94.3034,95.422,3089900
2018-08-27,95.7649,96.0716,94.6732,94.8266,2452500
2018-08-28,94.7544,95.2596,94.3575,94.8897,2516800
2018-08-29,94.1861,95.2597,94.0778,95.0251,2949500
2018-08-30,94.8897,95.3949,94.6732,95.1604,2928600
2018-08-31,94.8537,95.5032,94.2492,95.3138,3278900
2018-09-04,95.007,95.3589,94.168,94.3846,3107000
2018-09-05,94.592,95.7288,94.4567,95.3769,3366600
2018-09-06,95.3318,95.404,93.5185,95.0612,3180700
2018-09-07,94.8627,96.7482,94.547,96.5588,3822900
2018-09-10,96.9828,97.2895,95.9814,96.0085,2950800
2018-09-11,95.9994,96.1889,95.1965,95.3048,3516400
2018-09-12,95.4581,96.0716,95.1875,95.6025,3926000
2018-09-13,95.7739,96.2701,95.4672,96.1528,5167400
2018-09-14,96.1438,96.252,95.0882,95.422,3103100
2018-09-17,95.2777,96.3242,94.7725,95.3679,4972200
2018-09-18,95.5123,96.7031,94.8266,96.4234,3668800
2018-09-19,96.4234,96.5948,95.1784,95.395,3270400
2018-09-20,95.3769,95.7288,94.0237,95.6927,3762000
2018-09-21,95.837,96.4144,95.0431,95.9273,5333700
2018-09-24,95.5844,96.234,95.2596,95.2596,3095500
2018-09-25,95.6386,96.3152,95.2146,95.3589,3775700
2018-09-26,95.6837,96.8655,95.6386,95.9092,3707300
2018-09-27,96.0716,96.6851,95.819,96.252,2093700
2018-09-28,96.3242,97.1993,95.9002,96.8114,2812300
2018-10-01,97.1361,97.1722,96.5588,97.073,2707500
2018-10-02,96.9828,97.5602,96.7031,97.3978,3787900
2018-10-03,97.8579,98.8864,97.6504,97.9932,5097200
2018-10-04,102.504,104.3625,100.1764,101.9357,10940700
2018-10-05,102.928,104.155,102.928,103.7671,8330300
2018-10-08,103.6137,105.2015,103.5415,104.164,6002300
2018-10-09,103.8302,104.6512,103.0543,104.155,4716000
2018-10-10,103.7129,104.0828,102.1702,102.2514,5602900
2018-10-11,102.0259,102.2334,96.1528,97.3527,7226300
2018-10-12,98.336,100.1584,97.8218,99.6712,4519100
2018-10-15,99.6893,100.8711,99.2202,99.7975,3884700
2018-10-16,99.996,100.3388,99.1751,100.1674,4192800
2018-10-17,100.1223,102.6394,100.0141,102.477,4402100
2018-10-18,102.7837,103.0724,101.4124,102.2243,3619600
2018-10-19,101.8364,102.2695,99.8336,100.9704,4224000
2018-10-22,101.0425,101.6921,100.4742,101.0696,2938300
2018-10-23,99.8697,100.5554,98.3902,99.59,3757000
2018-10-24,99.4367,100.2757,95.8009,95.9182,6739400
2018-10-25,96.0175,98.1736,93.9786,97.3346,4114800
2018-10-26,96.5768,96.9557,94.7815,95.9814,4464500
2018-10-29,96.9377,98.4082,95.9002,96.8926,3587800
2018-10-30,96.7392,97.894,96.6039,97.7406,3325900
2018-10-31,98.8683,99.6261,97.7496,97.8308,4349200
2018-11-01,98.1015,98.5435,96.8294,97.3076,3639400
2018-11-02,97.5602,97.7857,95.5664,96.3062,3577200
2018-11-05,99.6261,101.1147,99.0217,99.3645,7368600
2018-11-06,98.336,98.6067,94.6823,95.5393,6803700
2018-11-07,96.3964,99.9419,96.2791,98.9856,5875400
2018-11-08,98.7781,100.0862,98.345,99.3284,3666300
2018-11-09,99.6171,101.5297,98.9675,101.232,5054400
2018-11-12,101.2771,103.4874,101.2771,102.1251,5078900
2018-11-13,103.0724,103.0724,100.8892,101.3944,4239700
2018-11-14,101.8777,102.1406,99.5021,99.5655,5392800
2018-11-15,98.9943,101.7598,98.414,101.7326,4796800
2018-11-16,101.2611,103.6366,101.252,103.2105,4766400
2018-11-19,102.458,105.2687,102.458,105.0058,4869800
2018-11-20,104.1626,105.3594,103.6548,104.0175,4877300
2018-11-21,103.6185,103.6185,101.6691,101.7598,3619700
2018-11-23,101.4243,103.1924,101.0072,102.3401,1897000
2018-11-26,100.8803,103.002,100.6173,101.8958,3296200
2018-11-27,101.8051,103.5913,101.2883,103.5641,3263200
2018-11-28,104.0266,105.0239,103.147,104.7519,4814500
2018-11-29,104.5434,106.928,104.2442,106.0848,4688300
2018-11-30,106.6379,107.6352,105.3775,107.5718,8965600
2018-12-03,107.5718,107.6171,106.5744,107.4629,4290100
2018-12-04,107.5809,108.6598,105.4682,105.6496,5676600
2018-12-06,104.5615,105.169,102.4398,105.033,5064400
2018-12-07,104.7519,104.9786,102.2494,102.9838,4128100
2018-12-10,103.002,103.954,100.6627,103.4463,3832600
2018-12-11,104.1263,104.8335,103.2921,103.818,3806800
2018-12-12,104.7066,104.9423,103.6095,103.6729,3758800
2018-12-13,103.9268,104.4074,103.2196,104.1444,3609900
2018-12-14,103.6276,103.8905,100.8621,101.4878,5306100
2018-12-17,100.8349,100.9165,97.6705,98.2508,6121700
2018-12-18,99.221,99.4296,95.8118,96.5644,6864400
2018-12-19,101.1342,101.1342,97.6524,98.9309,8362800
2018-12-20,98.9218,99.8829,98.0332,99.094,8362300
2018-12-21,99.0941,101.107,98.541,99.2119,13154500
2018-12-24,99.1484,99.2029,96.6822,96.791,3284000
2018-12-26,96.8001,100.7261,96.5009,100.7261,3792400
2018-12-27,99.9554,102.3673,98.5863,102.3582,4101600
2018-12-28,102.8206,104.3529,102.0862,103.546,3984000
2018-12-31,103.6729,105.0421,103.5823,104.9242,2731000
2019-01-02,104.0809,104.6612,102.2313,104.1625,4247100
2019-01-03,104.0175,104.0356,100.7352,100.9256,4203300
2019-01-04,101.7416,104.1263,101.3155,103.9631,5795200
2019-01-07,101.8867,105.577,101.5966,104.5252,7749600
2019-01-08,104.897,105.5589,103.8362,105.4864,3428900
2019-01-09,105.5136,107.191,105.3775,106.2752,5820100
2019-01-10,106.1664,106.2842,104.2442,105.1237,4282300
2019-01-11,104.5162,105.3685,104.362,105.3413,2648800
2019-01-14,104.4527,104.498,103.6638,103.9812,4404600
2019-01-15,103.283,107.191,102.8206,106.1664,5097700
2019-01-16,106.0757,107.055,105.6133,105.9034,2920600
2019-01-17,105.9125,108.0795,105.6768,108.0433,4401900
2019-01-18,104.7972,105.9941,104.2895,105.713,8887000
2019-01-22,104.897,106.1845,104.897,106.1664,4377500
2019-01-23,106.1845,107.8075,106.0122,107.7078,4012100
2019-01-24,107.191,107.191,103.546,104.2623,6946200
2019-01-25,104.5796,104.5887,103.4009,104.2441,4599100
2019-01-28,104.0175,104.3711,102.9476,104.2986,3590900
2019-01-29,103.7183,105.1327,103.2831,104.9151,3767400
2019-01-30,104.7519,106.1573,104.7519,106.0304,4362900
2019-01-31,106.0304,108.9318,105.84,108.678,5746100
2019-02-01,109.095,109.7025,108.016,109.6118,4171500
2019-02-04,109.902,110.4732,107.6171,108.959,4518400
2019-02-05,109.4577,110.3825,109.1676,109.1948,8832400
2019-02-06,107.599,109.5484,106.7557,108.143,7421000
2019-02-07,107.8982,108.1974,105.9578,106.5381,7935000
2019-02-08,106.7467,110.1015,106.4928,108.4422,16195100
2019-02-11,108.0795,108.7505,106.1211,107.0006,7203100
2019-02-12,106.7739,108.7142,106.5381,108.3425,6975500
2019-02-13,108.4422,109.0588,107.0912,108.4875,12738600
2019-02-14,108.4283,110.5341,108.3007,110.0783,17847000
2019-02-15,110.4703,111.6554,109.7593,111.6554,10366400
2019-02-19,110.5888,112.4303,110.5797,111.3364,17861300
2019-02-20,111.5643,112.1751,110.8623,111.8195,19880300
2019-02-21,111.2725,112.8223,111.0355,111.8742,20798700
2019-02-22,111.8833,113.7157,111.8104,113.0411,19574000
2019-02-25,113.1323,113.6519,112.5579,112.9408,13682400
2019-02-26,112.9135,114.0986,112.4212,113.6519,20790900
2019-02-27,113.4878,115.3019,113.114,114.5726,32135600
2019-02-28,114.4268,116.4779,114.135,115.1287,36023600
2019-03-01,116.0039,117.9821,115.3931,117.4533,43290900
2019-03-04,118.9757,118.9757,114.2627,116.1953,59468600
2019-03-05,117.0522,117.4807,115.5207,117.1343,53212600
2019-03-06,117.3713,117.4078,114.3083,115.4842,74822500
2019-03-07,115.2381,115.9492,114.0712,115.1743,60615600
2019-03-08,115.2016,115.7577,114.1806,115.5025,50169800
2019-03-11,111.9471,113.8707,111.6828,112.5853,61771200
2019-03-12,112.5853,113.0593,111.8377,112.5853,8077600
2019-03-13,113.5881,119.1946,112.2753,113.3237,68139300
2019-03-14,113.9345,113.9345,111.6828,112.2024,42768700
2019-03-15,112.2206,113.1869,111.1814,112.9864,47331000
2019-03-18,113.032,114.2718,112.5853,114.1715,16052200
2019-03-19,114.1897,115.4569,114.0803,115.4022,13726300
2019-03-20,116.2682,117.6904,115.621,116.8334,7520700
2019-03-21,115.6666,117.581,115.4478,116.9702,5704300
2019-03-22,117.3531,118.0368,116.168,116.9611,15332900
2019-03-25,117.2437,119.0396,117.0613,118.3923,5972800
2019-03-26,118.7296,120.4526,118.2373,119.4407,5872900
2019-03-27,119.386,119.9329,117.1616,117.3895,7675100
2019-03-28,117.9092,118.4197,117.4807,117.5536,6112900
2019-03-29,117.6083,118.4561,117.581,118.292,5729100
2019-04-01,119.1581,119.7415,117.6448,117.6448,5132300
2019-04-02,117.6357,118.1188,116.9064,117.8909,3214600
2019-04-03,117.6995,117.8271,115.6301,115.8215,4425300
2019-04-04,116.0859,116.095,113.5972,114.5088,5539800
2019-04-05,115.311,115.7851,114.5088,115.7668,4656400
2019-04-08,115.3202,116.0312,114.9464,115.9218,3430900
2019-04-09,115.5572,116.797,115.4113,115.9947,4215600
2019-04-10,116.2865,116.6602,115.7121,115.9492,4227100
2019-04-11,115.6483,116.0677,113.506,114.0894,5520700
2019-04-12,114.1715,114.1715,112.1477,112.1842,5470400
2019-04-15,112.8314,113.3602,112.2753,113.114,4549100
2019-04-16,113.8889,113.8889,109.2032,109.3581,6573400
2019-04-17,109.3946,109.4493,105.6479,106.2039,14842800
2019-04-18,105.9578,106.3407,104.0525,105.0188,9805800
2019-04-22,104.873,105.3561,103.6058,105.265,7519700
2019-04-23,105.7846,107.4711,105.2285,107.1064,5891500
2019-04-24,107.8357,107.9634,106.8694,107.5714,4254100
2019-04-25,107.3435,108.1913,106.4318,107.781,3425000
2019-04-26,108.328,109.3217,108.1821,109.2761,3372500
2019-04-29,109.3034,109.4037,108.7109,109.03,4097200
2019-04-30,106.3042,106.7874,104.7544,106.6962,7548300
2019-05-01,106.7053,108.9661,106.2586,107.7355,5392100
2019-05-02,107.9725,108.091,106.5321,107.9907,4168800
2019-05-03,107.9725,107.9725,106.2404,106.5777,5695500
2019-05-06,105.5841,106.7327,105.11,106.3407,5952100
2019-05-07,106.0216,106.1948,104.3442,104.7818,5127200
2019-05-08,105.6114,106.5595,105.0462,105.976,2992600
2019-05-09,105.6205,105.8849,104.6359,105.5658,5818900
2019-05-10,105.4108,106.0398,104.1254,105.9487,3660500
2019-05-13,104.7089,105.0097,103.8064,104.2622,4284600
2019-05-14,104.5904,105.3197,104.408,104.7818,3668400
2019-05-15,105.0644,105.6023,104.2166,105.4017,3724400
2019-05-16,105.0304,107.8815,105.0304,107.0106,3914100
2019-05-17,106.0663,106.9373,105.6263,106.3505,3109800
2019-05-20,106.2222,106.6164,105.4246,106.5522,3042800
2019-05-21,107.2948,107.9823,106.8272,106.8731,2611100
2019-05-22,106.4514,108.5324,106.4514,108.1565,3934200
2019-05-23,107.9548,108.1381,106.7814,107.0839,3653500
2019-05-24,107.744,107.7623,106.7539,107.0656,2086400
2019-05-28,107.3406,108.5507,106.0663,106.1213,5007200
2019-05-29,105.9838,106.158,104.9021,105.8738,5915800
2019-05-30,105.8738,106.6164,105.388,106.2497,2392800
2019-05-31,105.7363,107.7898,105.4155,106.2864,6098400
2019-06-03,106.8272,107.9181,106.378,107.0472,4722000
2019-06-04,108.2482,109.0274,107.634,107.7715,3122700
2019-06-05,108.2023,108.5232,106.8272,107.2764,4175800
2019-06-06,107.7348,109.0366,107.5056,107.7165,3882800
2019-06-07,108.349,109.0366,108.074,108.4957,2726300
2019-06-10,106.3414,106.3414,104.3979,104.4437,8172400
2019-06-11,105.223,105.9655,102.5369,102.8669,5681200
2019-06-12,103.1328,105.883,103.1328,105.6446,3793800
2019-06-13,105.7913,105.7913,101.4002,102.5094,8477300
2019-06-14,102.7936,102.9036,101.7669,102.4361,3188100
2019-06-17,102.3444,103.9762,102.0694,103.9578,3032300
2019-06-18,104.187,105.2688,103.7928,105.1038,2868700
2019-06-19,105.443,106.3322,104.8196,105.6355,3320600
2019-06-20,106.6622,107.3223,105.663,105.938,2840100
2019-06-21,106.103,106.2772,105.2504,105.8738,4024600
2019-06-24,105.498,106.4789,105.1588,106.0022,2570500
2019-06-25,105.8921,107.1022,105.5804,105.7546,2110100
2019-06-26,105.2504,105.3788,101.4093,102.0694,4677500
2019-06-27,102.4361,102.8669,101.9044,102.1885,3615900
2019-06-28,102.4911,102.5186,100.8593,101.5652,8958700
2019-07-01,102.0419,103.4445,101.4277,103.3528,3236400
2019-07-02,103.4261,104.7004,103.0411,104.6912,2343400
2019-07-03,105.3055,105.8555,104.3062,104.8929,3707700
2019-07-05,104.5538,104.8471,103.1786,103.4262,2444000
2019-07-08,103.1053,103.3986,101.6752,102.2344,2998700
2019-07-09,102.5369,103.9212,102.5369,103.6645,2717700
2019-07-10,103.8387,105.1038,103.2886,104.9938,3339100
2019-07-11,102.2436,102.8944,100.0159,100.6759,6589600
2019-07-12,100.3551,100.3551,96.3948,99.2733,7211100
2019-07-15,99.2825,100.0709,98.6316,99.4383,4405200
2019-07-16,99.9242,100.0984,98.98,99.7592,2206500
2019-07-17,100.2451,100.5201,98.1641,98.1732,3507300
2019-07-18,98.8516,99.4475,98.3108,99.3192,3232900
2019-07-19,99.4659,99.4842,97.7057,97.8982,4820600
2019-07-22,98.0174,98.4208,97.0548,98.3383,2894400
2019-07-23,98.5491,100.2909,97.229,99.2092,5098200
2019-07-24,99.3283,100.5292,98.2374,99.4842,3762700
2019-07-25,99.53,101.1893,98.7141,98.8425,4596700
2019-07-26,98.9341,100.1351,98.5858,99.255,3470700
2019-07-29,99.0717,101.061,99.0717,99.6675,3192500
2019-07-30,99.2825,100.8593,98.0907,99.64,4664200
2019-07-31,99.0625,101.4918,98.6499,99.8784,5535700
2019-08-01,99.9425,101.5193,99.2917,101.3085,3679000
2019-08-02,101.721,103.8387,101.0151,103.0595,4477700
2019-08-05,102.1061,103.1236,98.4941,99.6584,4765800
2019-08-06,100.3551,102.7844,99.9609,102.1244,5490000
2019-08-07,101.1802,102.1061,99.4934,101.8677,4231700
2019-08-08,102.6378,105.0029,102.3444,104.4804,4815900
2019-08-09,103.8112,105.0121,102.9953,104.2971,2788100
2019-08-12,103.4995,104.5629,102.9403,104.1412,2318400
2019-08-13,104.077,106.4697,103.9854,106.0664,5247200
2019-08-14,105.8866,105.8958,101.6091,101.6736,4937900
2019-08-15,101.7934,102.6139,100.678,101.6183,3939900
2019-08-16,102.2728,102.6324,100.7517,101.8856,3497600
2019-08-19,102.3742,104.1166,102.1345,103.7386,2903500
2019-08-20,103.5542,104.0613,102.2452,102.3374,2074800
2019-08-21,103.25,103.6556,101.4063,102.7522,2207300
2019-08-22,102.7338,103.4989,102.1346,102.8905,1840200
2019-08-23,102.7522,103.7663,100.3738,100.9545,3870100
2019-08-26,101.9686,103.0841,101.6367,103.0472,2565500
2019-08-27,103.5358,104.0613,102.0792,102.0792,2945200
2019-08-28,101.7105,102.826,101.2127,102.3005,1744400
2019-08-29,103.0748,103.6003,101.9594,103.4805,2708600
2019-08-30,104.006,105.2505,103.1763,104.1442,2870700
2019-09-03,103.7478,105.1122,103.4252,105.0569,3710300
2019-09-04,105.4441,105.5547,103.6649,104.4024,3756400
2019-09-05,105.0569,106.4213,104.4116,105.6469,4045900
2019-09-06,105.8128,106.0064,104.9462,105.1398,2904700
2019-09-09,105.5731,105.5731,101.7289,102.3927,4982300
2019-09-10,99.9036,102.448,98.0875,102.4203,6589500
2019-09-11,103.0472,103.25,101.6736,102.9642,3404100
2019-09-12,103.1762,103.6372,102.4388,102.7614,3578500
2019-09-13,103.0103,103.3883,101.6275,102.2267,2842600
2019-09-16,101.7934,101.8948,100.678,101.5261,1728900
2019-09-17,101.7105,102.5033,101.0652,102.4388,2438100
2019-09-18,102.7338,104.0889,102.4849,103.9138,3132500
2019-09-19,104.0428,106.117,103.6095,105.4164,3929800
2019-09-20,106.873,108.0714,105.5271,107.085,7517700
2019-09-23,106.9375,107.4353,105.0661,105.2597,2611300
2019-09-24,105.4256,105.6008,103.1947,104.4024,3480200
2019-09-25,104.0612,104.9555,102.6139,102.6877,3093400
2019-09-26,103.2869,103.8585,102.0424,103.0841,2266400
2019-09-27,103.5727,104.513,102.6784,103.5911,1906300
2019-09-30,103.6188,104.5867,102.9642,103.0933,2516600
2019-10-01,103.1947,103.6648,101.7842,102.2913,2203400
2019-10-02,101.7105,101.9963,98.3272,98.6406,4483900
2019-10-03,98.7236,99.6547,97.9124,98.908,2735000
2019-10-04,99.0923,99.8022,98.6406,99.7469,2865300
2019-10-07,99.8483,100.1617,99.1661,99.4058,1460800
2019-10-08,98.5393,99.8668,97.6727,98.8158,2802500
2019-10-09,99.1569,99.7008,98.53,98.9172,1636600
2019-10-10,98.6683,99.0923,98.2534,98.5669,2736900
2019-10-11,99.332,100.6135,99.1845,99.8944,2554900
2019-10-14,100.0419,100.6042,99.4519,99.4703,1341300
2019-10-15,99.8852,101.4985,99.7653,101.1297,1760000
2019-10-16,100.6503,100.9269,99.3689,99.5164,2314600
2019-10-17,100.6872,100.9085,99.8022,99.9866,2018900
2019-10-18,99.8483,100.4291,99.4703,100.1525,2207100
2019-10-21,100.3645,100.4844,99.3505,99.4795,3944900
2019-10-22,101.3878,102.7522,100.383,101.2588,5708500
2019-10-23,97.7188,99.332,93.4413,99.0094,9047500
2019-10-24,99.1016,99.7561,97.9492,99.415,3304500
2019-10-25,99.6363,101.9502,99.1384,101.5906,4234600
2019-10-28,101.9778,104.3471,101.9778,104.1627,4168500
2019-10-29,103.711,103.9967,102.7891,102.9458,2987800
2019-10-30,102.6693,104.3655,102.5678,103.9138,2424700
2019-10-31,103.5819,105.7114,103.25,105.0477,4124400
2019-11-01,105.1583,105.5639,103.5358,103.7202,2629100
2019-11-04,104.3931,105.398,104.0521,104.2733,3002100
2019-11-05,104.1258,104.2456,101.8764,102.5586,3357300
2019-11-06,102.8536,105.3611,102.7983,104.9278,3973700
2019-11-07,105.3058,105.6745,103.2777,103.9599,3076200
2019-11-08,103.8492,104.6973,103.3422,104.6605,2224100
2019-11-11,104.5959,105.2873,103.4528,103.9875,1770200
2019-11-12,103.9599,105.1306,103.6649,104.3286,2273200
2019-11-13,104.052,104.6605,103.4805,103.9783,3250600
2019-11-14,104.02,104.1776,102.9167,103.2783,2627100
2019-11-15,103.2226,105.5313,103.2226,104.9472,4857400
2019-11-18,104.7896,105.8187,104.6412,105.7631,3361600
2019-11-19,105.726,107.6638,105.4664,106.7181,3781600
2019-11-20,106.5883,107.4784,105.7446,106.2638,3638200
2019-11-21,106.3472,107.1075,105.0399,106.3936,2909500
2019-11-22,106.7088,108.183,106.3565,107.738,3120100
2019-11-25,108.1089,109.8334,108.1089,108.9155,2939300
2019-11-26,108.9155,109.5089,108.4797,108.5632,4704900
2019-11-27,109.1566,109.3142,108.1274,108.8877,1798200
2019-11-29,108.693,109.444,108.6374,108.8042,1243900
2019-12-02,108.9619,109.6387,107.6453,108.2387,2199700
2019-12-03,107.9234,109.3327,107.4784,109.0453,2786000
2019-12-04,109.6665,110.1857,109.0082,110.0281,2597000
2019-12-05,109.7778,111.1871,108.9804,111.048,3003200
2019-12-06,111.2335,111.9196,110.8719,110.9275,2462800
2019-12-09,110.8255,112.0401,110.2785,111.4838,2335100
2019-12-10,111.7805,112.3275,111.3633,111.8639,3592600
2019-12-11,111.7805,112.3739,111.2427,111.9845,3438100
2019-12-12,111.7805,113.0507,111.7805,112.8375,2959400
2019-12-13,113.0971,113.2918,111.9288,112.6798,3343900
2019-12-16,114.1077,115.211,113.1712,113.9037,3468400
2019-12-17,114.97,117.7793,114.3302,116.2031,6718800
2019-12-18,118.5674,120.5145,118.3913,120.0509,8173000
2019-12-19,119.68,121.4509,118.9939,121.3211,4423400
2019-12-20,122.8417,127.0233,121.6827,122.7861,9229900
2019-12-23,122.749,122.9252,121.488,121.5993,2473400
2019-12-24,121.5251,121.6549,120.6536,121.5622,1215800
2019-12-26,121.4602,122.1092,121.145,121.59,1272000
2019-12-27,121.9887,122.1741,121.3118,121.9423,2161300
2019-12-30,121.9424,122.3225,121.3397,121.7384,1856200
2019-12-31,121.6271,121.9424,120.9966,121.8589,1549800
2020-01-02,122.1742,122.6285,121.2099,122.5821,2204200
2020-01-03,120.8112,122.8232,120.7463,122.1741,1963500
2020-01-06,121.8497,122.9066,121.4046,122.6285,2102900
2020-01-07,122.1093,123.2497,122.1093,122.8603,2448300
2020-01-08,122.8139,124.4365,122.3967,123.9729,5188600
2020-01-09,124.7517,126.4299,124.251,126.0219,4522800
2020-01-10,125.8921,128.2008,125.6603,127.9505,4177600
2020-01-13,128.1359,129.7956,127.8485,128.822,5117100
2020-01-14,128.8683,130.6392,128.0617,130.4074,4685200
2020-01-15,130.3426,131.3718,129.8141,130.834,3676500
2020-01-16,131.5016,131.6314,129.6657,131.1307,3794800
2020-01-17,130.6207,131.4181,129.2114,129.4154,5393200
2020-01-21,129.3412,131.2605,128.3491,130.6486,4849500
2020-01-22,130.9638,131.8909,130.4446,131.2512,2742100
2020-01-23,130.9638,131.4181,129.6935,130.9267,3138700
2020-01-24,131.5201,131.6499,128.5995,128.9426,3183300
2020-01-27,127.3385,128.9703,127.3385,128.2378,2826400
2020-01-28,128.5902,129.6936,128.1637,129.1187,2649100
2020-01-29,129.3504,130.8617,128.8498,129.7306,2815500
2020-01-30,128.1173,133.2539,128.0432,132.2803,5243400
2020-01-31,132.4473,132.4473,129.3134,129.471,3913500
2020-02-03,130.2962,131.2605,129.5081,130.732,5137800
2020-02-04,131.9373,133.5784,131.4552,132.9943,3177500
2020-02-05,134.2367,136.6288,134.0049,136.6196,4060900
2020-02-06,136.9812,137.1017,136.1189,136.5732,3285000
2020-02-07,136.4991,136.4991,134.7931,135.748,2670400
2020-02-10,131.1956,134.9507,130.8433,134.9136,4892100
2020-02-11,135.1176,135.2381,132.7533,133.7454,2976400
2020-02-12,134.1347,134.348,133.0407,133.0592,3953200
2020-02-13,133.1431,133.9632,132.1459,132.1552,3455500
2020-02-14,132.5746,132.6399,131.0089,131.5215,2273700
2020-02-18,131.4282,132.3043,130.9716,131.4189,2858200
2020-02-19,131.9874,132.1924,130.8131,131.2511,3082800
2020-02-20,131.9968,133.0965,131.596,132.3416,3417000
2020-02-21,131.7265,132.9474,130.7852,132.3789,2900900
2020-02-24,129.8066,131.9595,128.4925,128.7534,4727400
2020-02-25,129.4897,129.76,125.4635,126.1998,3401600
2020-02-26,126.7777,127.7003,124.2427,124.4477,4659000
2020-02-27,124.2613,125.5101,120.2724,120.4029,4292800
2020-02-28,117.784,118.1755,113.2453,117.551,7898300
2020-03-02,119.0515,123.9537,117.6256,123.8046,7355700
2020-03-03,124.2147,126.4235,119.9369,121.4467,6936600
2020-03-04,123.9817,131.2791,123.9537,130.8318,5301900
2020-03-05,128.9678,132.2577,128.1756,130.6174,6882100
2020-03-06,126.8615,132.6771,126.3303,131.8383,8010700
2020-03-09,124.9044,131.3444,124.2427,126.4888,5351300
2020-03-10,129.76,132.2763,125.5567,131.5867,5961200
2020-03-11,129.9744,132.1925,128.0452,130.4963,7211800
2020-03-12,121.894,127.2157,117.3646,117.4485,7836300
2020-03-13,123.9071,129.8904,119.7691,129.8904,6841700
2020-03-16,122.0898,129.2474,119.5268,120.58,6619700
2020-03-17,124.1494,133.8234,122.183,133.4599,8909200
2020-03-18,127.0666,134.2055,124.9603,133.3574,6734600
2020-03-19,132.7982,133.2549,122.2016,124.0376,6554800
2020-03-20,123.1709,123.2548,112.0523,114.0747,9113500
2020-03-23,112.7233,118.25,109.0979,110.9526,7299300
2020-03-24,114.8576,116.1251,109.4241,114.5314,6827300
2020-03-25,111.9498,117.5603,111.1017,113.646,6472100
2020-03-26,114.9042,126.5074,113.646,125.2119,6723600
2020-03-27,121.7636,128.2502,121.3442,124.9883,4717400
2020-03-30,124.7646,132.1272,124.4291,129.0237,5057400
2020-03-31,127.6444,132.3602,125.3703,129.2847,7560100
2020-04-01,124.8857,127.8588,123.9351,127.1411,3297900
2020-04-02,126.1439,133.0872,123.9817,132.5094,4725000
2020-04-03,131.335,134.7647,129.0423,130.1607,4013200
2020-04-06,132.5932,133.7396,130.7572,131.9781,4159900
2020-04-07,133.3947,134.9512,130.5242,132.2298,3900600
2020-04-08,132.3882,137.2345,130.9436,136.2746,4006600
2020-04-09,134.6809,136.4423,133.7862,135.8179,4415300
2020-04-13,135.1096,136.6194,133.1617,134.597,2289000
2020-04-14,137.2625,141.242,134.2522,140.832,3809600
2020-04-15,138.8096,142.9662,138.4088,140.8972,3614400
2020-04-16,142.4909,145.0072,141.6614,144.2057,3512900
2020-04-17,144.8488,146.9457,142.6213,146.5916,3709900
2020-04-20,145.9765,149.3037,145.0259,147.0576,2562200
2020-04-21,144.8395,145.203,141.1115,142.2858,4270200
2020-04-22,144.0939,146.5823,143.1246,146.051,3278000
2020-04-23,146.489,151.5031,143.5253,149.052,5692900
2020-04-24,150.9812,153.684,149.6858,151.848,4414000
2020-04-27,152.8452,153.3112,149.7883,150.3195,3210300
2020-04-28,149.9934,150.9626,145.9393,146.601,3270200
2020-04-29,147.0296,147.2813,144.1498,144.6065,3240700
2020-04-30,144.6437,146.3027,142.8543,144.1218,4175800
2020-05-01,143.2644,144.0846,141.2606,143.1805,2576400
2020-05-04,144.1311,145.3893,140.9717,142.8543,2228500
2020-05-05,143.339,148.3904,142.3604,147.1508,2862600
2020-05-06,147.682,148.1294,145.7155,146.0231,1964800
2020-05-07,146.7873,146.9644,142.3325,142.5655,2330600
2020-05-08,143.7118,143.9168,142.174,143.0687,1966600
2020-05-11,143.0314,148.6233,142.668,147.7659,3196200
2020-05-12,148.9961,150.422,146.8711,146.9923,2329400
2020-05-13,146.3493,148.5115,145.4266,147.1881,2650000
2020-05-14,146.0176,148.8361,144.0231,148.3024,2393900
2020-05-15,148.5365,149.3605,146.1019,149.0983,2824500
2020-05-18,151.074,152.0385,147.1132,147.9091,2703700
2020-05-19,146.8697,149.0047,145.3996,146.7293,2339400
2020-05-20,145.3902,147.4128,141.9631,143.3864,3780800
2020-05-21,143.4051,143.4051,140.1934,142.5905,3049800
2020-05-22,142.5343,142.8527,140.6148,141.5418,2355000
2020-05-26,141.495,142.1036,137.7963,138.5454,5013400
2020-05-27,138.742,138.742,134.4815,136.4291,5376100
2020-05-28,138.0491,142.4219,137.1876,141.0642,3982700
2020-05-29,142.0099,143.8639,140.3994,143.2178,9466300
2020-06-01,144.6412,145.1281,141.2889,142.7497,5233800
2020-06-02,142.4032,144.276,141.4294,144.07,3269400
2020-06-03,143.5831,144.5663,141.2515,142.8246,3190300
2020-06-04,142.525,143.7703,140.1841,141.1204,3328700
2020-06-05,140.1746,142.1036,138.9012,139.7158,4578800
2020-06-08,137.4124,139.7533,137.197,139.7158,4076400
2020-06-09,140.2215,142.0943,139.6222,139.641,4302100
2020-06-10,140.4181,142.7029,140.3057,141.3919,4940200
2020-06-11,142.1879,142.553,133.9478,134.9123,4547400
2020-06-12,136.2793,137.0659,132.4683,134.4066,3973200
2020-06-15,132.9646,133.8074,130.7922,132.5152,3709900
2020-06-16,146.3734,156.7765,145.1374,153.2932,15029300
2020-06-17,153.7801,153.9019,149.2575,149.7912,4711200
2020-06-18,149.0702,152.6003,148.1338,150.8212,3631600
2020-06-19,151.9074,152.1415,148.19,149.7632,6004900
2020-06-22,149.0515,151.2051,148.808,150.2407,2647300
2020-06-23,150.6526,152.5066,148.8361,149.2013,2771500
2020-06-24,148.4616,149.6227,146.3828,147.0383,3096000
2020-06-25,147.6095,152.9936,146.7387,152.4973,3735400
2020-06-26,152.0011,153.3682,149.9879,152.4693,5290400
2020-06-29,153.4243,153.7614,150.7837,152.3662,2640300
2020-06-30,152.7314,154.6603,151.9729,153.7333,3296300
2020-07-01,153.8644,154.9412,152.1789,152.9093,2065100
2020-07-02,153.6303,154.2858,152.0385,153.443,1960200
2020-07-06,153.9955,158.1717,153.5741,156.2709,2760100
2020-07-07,155.5499,157.6661,154.754,156.1398,3273300
2020-07-08,156.224,159.0144,156.224,158.3683,2781800
2020-07-09,159.0706,159.8853,153.2932,155.8589,2955200
2020-07-10,155.5686,155.5686,152.385,152.9655,2245100
2020-07-13,154.1359,156.3739,150.7931,151.7669,3455600
2020-07-14,152.516,154.2858,151.2519,153.4524,2642900
2020-07-15,154.679,155.8869,153.4711,154.9225,2346200
2020-07-16,154.4543,154.9131,152.2538,154.5011,1486800
2020-07-17,155.475,156.6173,154.6041,155.4001,2935800
2020-07-20,155.8963,157.0387,155.1847,156.4113,1806200
2020-07-21,156.2522,156.5893,154.2764,154.7821,1540700
2020-07-22,155.0068,155.2971,152.001,154.3513,1686500
2020-07-23,154.7446,154.9319,150.559,151.2426,2408800
2020-07-24,151.1958,151.1958,148.3679,149.3886,2247900
2020-07-27,149.4447,151.4486,148.499,150.2875,2709700
2020-07-28,151.383,154.8851,151.0834,152.3007,3483100
2020-07-29,152.1883,152.6565,150.8493,151.4579,3108900
2020-07-30,148.3679,148.4147,140.8769,143.2647,6638100
2020-07-31,143.3864,143.583,139.2757,140.7271,5342700
2020-08-03,143.0774,144.0606,141.5979,143.1149,3615000
2020-08-04,143.6205,146.0738,143.349,144.997,3260000
2020-08-05,147.3004,147.469,143.5456,144.5194,2386400
2020-08-06,144.0606,145.6056,141.3919,143.1523,2176200
2020-08-07,143.2273,143.7329,141.9351,143.1992,2017100
2020-08-10,143.1991,143.7235,141.8882,143.2647,1745200
2020-08-11,143.3958,143.3958,140.6429,141.0455,2103400
2020-08-12,141.1953,143.4239,141.0174,142.8433,2430400
2020-08-13,141.9118,142.7304,140.9426,141.5731,2077700
2020-08-14,140.952,142.7304,140.3404,141.2249,1538000
2020-08-17,142.0059,143.6807,141.479,142.5798,2704700
2020-08-18,143.1633,144.1042,142.2223,144.0666,1959700
2020-08-19,144.7252,145.2898,143.0315,143.295,1938800
2020-08-20,143.5396,143.8219,141.94,142.4011,1830200
2020-08-21,142.4011,142.4105,139.2113,140.4439,3112000
2020-08-24,141.1873,141.5166,139.4936,140.6886,2268400
2020-08-25,141.479,142.3729,140.491,140.8391,2216100
2020-08-26,140.3781,140.6321,138.7032,140.4439,3029700
2020-08-27,141.6859,142.0247,140.1428,140.171,3146100
2020-08-28,140.0488,140.3404,138.2986,138.6374,2102600
2020-08-31,138.6468,140.0017,138.3457,139.6253,4430700
2020-09-01,139.8323,140.3875,137.9881,138.5997,2358700
2020-09-02,138.1198,141.1402,137.8563,140.7168,2406800
2020-09-03,143.2009,144.3112,138.7502,140.2181,4226100
2020-09-04,139.9829,143.5678,139.2113,141.9965,4361800
2020-09-08,142.0341,142.3728,139.7288,140.491,4351200
2020-09-09,141.7236,145.0168,141.4319,142.9938,2328500
2020-09-10,141.0273,141.7048,137.113,137.5835,3961300
2020-09-11,138.8444,140.3781,138.2045,139.343,3001400
2020-09-14,140.284,141.6201,138.7597,140.1993,3072500
2020-09-15,141.1026,142.8997,140.5944,141.2155,2923500
2020-09-16,142.7587,143.662,141.8836,142.0436,3618800
2020-09-17,141.2625,143.6619,140.6321,143.4643,3620700
2020-09-18,143.0597,145.3744,143.0597,145.0639,13209800
2020-09-21,144.123,144.5841,140.2558,142.2505,3501600
2020-09-22,141.9965,142.6175,140.3404,141.0085,2926400
2020-09-23,141.1873,142.6363,139.917,140.9614,3545700
2020-09-24,140.4439,140.8203,138.6656,140.0205,3424200
2020-09-25,139.6253,141.5166,139.1172,141.3848,2440600
2020-09-28,142.0812,142.6269,139.1642,139.3524,2427100
2020-09-29,139.2395,139.6723,137.3106,137.6211,3308300
2020-09-30,137.7528,139.6818,136.492,139.2772,5083900
2020-10-01,139.5689,139.9264,135.5511,135.7675,3809200
2020-10-02,135.1841,138.261,134.8077,136.6332,3880000
2020-10-05,136.5015,138.7597,135.664,137.9693,2790600
2020-10-06,138.2515,139.0984,135.4287,135.6169,2409200
2020-10-07,139.7477,141.0368,138.1763,140.1617,4602800
2020-10-08,143.3985,144.8475,141.6107,144.4335,4686100
2020-10-09,144.9887,147.8679,144.9699,147.6139,4590600
2020-10-12,147.5668,147.8678,145.2991,145.365,3242700
2020-10-13,143.963,145.2144,139.7758,141.2155,5963900
2020-10-14,141.4978,141.7048,138.9855,139.6912,2710200
2020-10-15,137.8564,138.2327,136.7931,138.1104,3785900
2020-10-16,138.4209,139.6159,137.3765,137.4894,2918900
2020-10-19,138.3174,138.7032,133.8103,134.3655,3158900
2020-10-20,134.8924,135.6075,133.7162,135.1088,2188700
2020-10-21,133.8856,134.8642,132.8694,132.9635,1983700
2020-10-22,133.1705,133.8574,132.4836,133.2834,3056600
2020-10-23,133.8386,136.1533,133.3493,133.9703,2427200
2020-10-26,133.5187,133.8856,131.778,133.3305,2947100
2020-10-27,125.1632,128.0424,124.0811,124.1093,11374600
2020-10-28,122.7543,126.1793,122.6132,123.5541,6188000
2020-10-29,124.2034,125.2666,122.6791,124.7209,4099900
2020-10-30,123.9776,125.2385,121.5782,122.7544,4335300
2020-11-02,124.7115,126.0382,122.3121,123.8553,3449500
2020-11-03,125.7465,126.1511,122.9802,123.2436,3628400
2020-11-04,126.9415,143.0032,126.9415,139.8134,12211700
2020-11-05,138.9573,140.0205,136.1533,136.9249,5731000
2020-11-06,136.4826,138.6844,130.884,134.309,6229800
2020-11-09,134.1209,136.2003,132.2955,133.9233,5493800
2020-11-10,138.882,140.3875,135.297,137.9034,5377000
2020-11-11,139.0325,139.0325,134.9018,136.2097,3046800
2020-11-12,135.1789,135.6801,132.2753,133.3819,3463400
2020-11-13,134.706,135.4437,133.6562,134.6587,2142700
2020-11-16,135.3018,136.4745,132.4077,132.9657,4957600
2020-11-17,132.001,134.2614,131.0931,133.5426,3619200
2020-11-18,134.2047,134.6965,132.5307,132.5685,2795100
2020-11-19,132.6442,136.0868,131.3863,135.6328,4626100
2020-11-20,135.0937,139.1132,135.0937,137.6,5063800
2020-11-23,137.6473,137.7229,133.5048,135.6044,3794200
2020-11-24,135.6139,137.7419,135.3491,137.042,4127000
2020-11-25,137.042,137.4582,134.8762,136.9002,3223700
2020-11-27,137.7513,139.8982,137.4771,139.4443,1754000
2020-11-30,138.4039,140.1347,137.042,137.7513,5842200
2020-12-01,138.7349,140.0306,137.3825,137.6662,3954400
2020-12-02,137.4771,139.1133,136.5502,137.2879,3757400
2020-12-03,137.7986,138.5552,135.368,136.2948,4059600
2020-12-04,136.257,140.6549,136.1908,140.3995,3058600
2020-12-07,139.3119,140.286,138.5363,139.4253,2637200
2020-12-08,139.0092,141.9978,138.943,141.2034,2754400
2020-12-09,146.2065,150.3206,145.3458,149.4316,8364400
2020-12-10,151.2002,153.2147,149.6018,152.2689,6430600
2020-12-11,151.0583,152.4391,150.4341,151.3609,3441900
2020-12-14,151.9757,153.4889,149.2708,149.3465,4390100
2020-12-15,150.784,159.1068,149.4789,158.3502,6974300
2020-12-16,160.4877,163.7979,157.7071,162.7197,6009900
2020-12-17,162.417,164.4693,161.8211,163.2682,3521100
2020-12-18,163.1642,163.5141,159.835,162.1049,7356400
2020-12-21,159.7216,159.835,156.8086,159.627,3655900
2020-12-22,158.615,159.2581,156.8748,157.6787,2447900
2020-12-23,158.3691,158.8892,156.4965,156.5059,1697300
2020-12-24,156.8559,158.8325,156.8559,157.622,627200
2020-12-28,158.1421,158.5109,156.2506,157.4706,1482000
2020-12-29,157.5936,158.6528,156.9126,157.5463,1712000
2020-12-30,158.3597,159.2581,157.6409,157.953,1413300
2020-12-31,158.0097,159.9675,157.272,159.6837,1643600
2021-01-04,159.854,160.289,154.255,156.5249,3164800
2021-01-05,156.2316,157.6219,154.3496,157.3004,2322600
2021-01-06,154.1415,158.2083,154.132,155.4088,3619700
2021-01-07,155.2764,158.057,153.0066,156.837,3025500
2021-01-08,157.2058,157.8111,155.7115,157.3855,3438100
2021-01-11,174.9673,179.0342,172.149,175.8564,11396500
2021-01-12,172.8772,174.2486,167.8173,169.1036,7179300
2021-01-13,170.0777,177.4453,169.6143,175.4402,7303900
2021-01-14,175.2227,178.7126,174.5701,176.5657,4413200
2021-01-15,176.6698,181.3797,176.6698,180.4245,6624600
2021-01-19,185.3708,188.6999,183.5455,187.7163,7729100
2021-01-20,187.9906,190.8279,187.9055,190.3456,5335800
2021-01-21,192.6532,193.6179,187.2718,191.3764,8698800
2021-01-22,191.0833,195.3393,189.6836,194.961,6128800
2021-01-25,196.947,201.0044,196.8052,200.8342,5959100
2021-01-26,201.0233,201.6664,199.1791,201.1841,6601500
2021-01-27,199.6236,200.5221,193.9773,196.3134,7358000
2021-01-28,196.7201,200.3518,196.3134,198.7251,5460400
2021-01-29,200.4653,206.1778,193.3721,196.6917,8401700
2021-02-01,198.1009,198.5075,192.0858,192.1236,5383800
2021-02-02,193.2964,194.7339,186.6476,186.8462,5314600
2021-02-03,187.0827,189.7119,186.2126,186.2788,3679000
2021-02-04,186.1369,190.9319,185.0303,190.686,2924300
2021-02-05,190.686,191.9155,189.9578,190.8279,2732200
2021-02-08,191.4049,195.2352,190.9604,194.611,2909300
2021-02-09,192.7006,193.8355,189.4566,190.7712,2661300
2021-02-10,193.3815,194.4029,190.705,193.3058,3062700
2021-02-11,192.6695,193.9137,191.4824,192.3941,3544700
2021-02-12,191.5108,197.7505,191.036,196.8673,2611300
2021-02-16,195.6232,197.0572,193.3723,195.4142,2741900
2021-02-17,194.7019,196.2974,193.9991,196.079,3329900
2021-02-18,194.9773,195.0913,190.846,191.0075,3919400
2021-02-19,191.017,192.679,190.2573,190.8176,3434900
2021-02-22,189.1651,191.4729,188.0064,190.5896,2263600
2021-02-23,190.2383,194.0372,188.6902,192.2992,3287700
2021-02-24,191.5299,196.079,191.4919,194.2366,2848800
2021-02-25,193.3344,195.2148,191.6059,193.5718,2386700
2021-02-26,196.307,196.5824,191.9003,194.588,3887900
2021-03-01,195.4332,197.7695,194.4835,196.0885,2797400
2021-03-02,198.3868,199.3935,193.8377,193.8757,3445300
2021-03-03,193.1444,194.0372,189.6685,191.8433,3660300
2021-03-04,193.5433,194.4455,188.6237,190.4567,4308400
2021-03-05,190.9125,197.2282,190.7796,196.5159,3875900
2021-03-08,196.5919,200.2863,195.9461,196.6204,3300300
2021-03-09,197.8645,201.4924,195.6991,195.7466,4227300
2021-03-10,196.4874,197.5796,194.1131,195.1198,3400200
2021-03-11,196.1265,196.8293,193.9992,194.8919,4037300
2021-03-12,194.588,197.9785,192.1092,197.6176,4541400
2021-03-15,183.3053,183.4668,178.7372,179.6489,12388500
2021-03-16,181.9092,181.9852,177.816,181.3014,6194200
2021-03-17,180.1902,180.2852,177.1796,177.3411,5134200
2021-03-18,176.6668,177.683,174.5584,174.6818,4240000
2021-03-19,175.4131,176.4578,174.6343,175.0237,6048600
2021-03-22,174.7958,176.5623,173.9886,176.4958,2666600
2021-03-23,176.0304,177.2746,174.036,174.4444,3284700
2021-03-24,174.4634,174.5964,170.7785,171.1109,3931500
2021-03-25,171.8991,174.4064,171.1584,173.884,2630500
2021-03-26,174.7958,176.5623,173.4472,175.9924,2868200
2021-03-29,175.3752,178.2338,174.283,176.9707,3002600
2021-03-30,176.2014,177.4645,175.4226,176.1729,2523600
2021-03-31,176.2394,178.4902,175.9449,177.4265,3621300
2021-04-01,177.4265,178.6137,175.3751,175.926,2340400
2021-04-05,176.2584,176.5528,173.8936,175.5936,2864800
2021-04-06,175.4036,176.2964,173.3142,173.6087,2488400
2021-04-07,173.7036,173.9696,172.1081,173.1528,3406600
2021-04-08,173.7511,174.7198,173.2952,173.4282,2393200
2021-04-09,173.3523,175.831,173.2383,175.2137,2611200
2021-04-12,174.207,174.6914,171.7852,172.678,2876100
2021-04-13,172.0701,174.4064,172.0701,173.3522,3089100
2021-04-14,173.4092,175.1947,172.8964,173.7986,2002100
2021-04-15,174.5489,178.2813,174.188,176.5718,2586600
2021-04-16,177.9584,180.7316,177.4835,179.7343,3731800
2021-04-19,179.7249,181.2824,178.6137,180.1048,2966400
2021-04-20,180.836,183.7707,180.6081,181.026,2460900
2021-04-21,181.9282,183.3053,180.2567,181.3489,2219800
2021-04-22,180.4467,181.6528,177.3601,177.645,2982600
2021-04-23,177.626,179.6204,177.626,179.231,2482800
2021-04-26,179.0885,179.1645,176.7047,177.8064,2797500
2021-04-27,174.7483,176.5243,171.6997,173.0483,6838700
2021-04-28,172.3266,172.8489,169.6009,171.4718,4682800
2021-04-29,171.9561,173.4472,170.9494,173.0388,2432500
2021-04-30,172.6969,174.7008,172.0796,173.5802,3103900
2021-05-03,173.7891,176.9801,173.7226,176.5718,3197000
2021-05-04,178.1008,180.5226,177.3885,178.7371,3703500
2021-05-05,179.1645,183.8371,178.7086,183.1153,4274400
2021-05-06,181.9187,184.3405,179.8009,184.1411,3101600
2021-05-07,185.0243,186.4014,184.1506,185.5941,2526700
2021-05-10,186.3064,186.7243,183.7707,184.9673,2242000
2021-05-11,183.6662,185.9075,183.3053,184.9578,1850200
2021-05-12,184.9578,185.8125,183.0394,183.4857,2397400
2021-05-13,183.3904,187.0725,182.9134,185.9564,2174300
2021-05-14,186.6909,188.179,185.9373,187.1679,1823700
2021-05-17,187.4254,190.4111,186.0994,186.5192,2466000
2021-05-18,186.0136,187.3014,184.6591,185.6607,2369400
2021-05-19,184.6877,188.2935,184.2107,187.454,3070500
2021-05-20,188.0741,191.8134,187.1297,190.3349,3494400
2021-05-21,190.7832,192.6147,190.2776,190.6687,2579000
2021-05-24,191.7371,194.2364,190.8213,191.7562,2074900
2021-05-25,192.1473,192.548,189.9628,190.0392,2919100
2021-05-26,190.0487,193.1108,189.1138,191.7276,2891300
2021-05-27,191.4033,192.0996,186.4906,190.0201,9340300
2021-05-28,189.9438,192.9581,189.381,190.5352,2386000
2021-06-01,191.0885,191.6322,187.6162,189.276,3070200
2021-06-02,189.8388,191.6608,189.1138,189.9533,2030300
2021-06-03,189.8197,194.2554,189.4573,193.3588,3066600
2021-06-04,193.4447,195.0282,192.0138,192.7102,2817700
2021-06-07,192.6815,222.5773,192.5289,212.2654,17231400
2021-06-08,211.4927,212.0269,207.3527,210.5292,4618500
2021-06-09,211.1493,216.2814,210.1095,215.585,4934900
2021-06-10,216.5103,224.9811,215.8235,222.7775,5598200
2021-06-11,216.5675,219.0096,211.3496,213.763,5636000
2021-06-14,213.8966,216.2146,212.7423,215.6804,2720700
2021-06-15,215.6804,216.2146,212.5993,213.2193,2188900
2021-06-16,213.2289,214.0206,210.0523,210.5865,2548800
2021-06-17,210.1191,212.8187,210.1191,211.9697,1890700
2021-06-18,210.2717,210.8631,208.259,208.4783,4016600
2021-06-21,209.003,213.4578,208.03,212.4084,3671300
2021-06-22,212.3703,213.3052,210.348,211.2352,1658800
2021-06-23,211.9506,211.9983,206.9998,207.0952,2419600
2021-06-24,224.0939,228.3389,219.8013,222.2338,12290500
2021-06-25,222.3769,222.7299,218.8188,219.6106,6992200
2021-06-28,218.4468,219.2862,216.4245,217.7027,2507500
2021-06-29,217.7313,220.7362,217.3498,218.7997,1621200
2021-06-30,219.4866,220.2116,218.504,218.9428,1786700
2021-07-01,218.9332,220.8315,218.1224,220.4786,1977300
2021-07-02,221.2799,223.4167,220.6694,223.1782,1994000
2021-07-06,222.8634,224.7235,222.4818,224.5709,3125400
2021-07-07,223.865,225.687,222.7012,224.9525,3141500
2021-07-08,223.0542,226.3356,221.4039,226.1926,2431500
2021-07-09,226.2403,227.4804,222.024,224.1607,4030100
2021-07-12,224.3324,227.032,224.3133,225.1337,2928600
2021-07-13,225.1051,225.7442,223.245,224.4565,1974000
2021-07-14,224.9238,226.2975,223.9127,225.458,2103400
2021-07-15,224.1798,225.1146,220.0589,220.8029,3611200
2021-07-16,221.7854,222.3006,220.5549,221.7473,2229100
2021-07-19,221.1941,223.5025,219.9444,223.3499,2305600
2021-07-20,224.1703,226.7936,223.1591,224.1894,2297800
2021-07-21,225.4867,226.4311,222.8252,226.3547,1651500
2021-07-22,226.3452,228.6537,225.4771,227.4994,1703500
2021-07-23,228.253,233.2801,227.5662,232.8986,2448100
2021-07-26,231.3914,233.9765,231.3914,232.0019,2678800
2021-07-27,232.4789,232.8127,231.4773,232.3549,2116500
2021-07-28,232.1546,236.9528,231.4582,235.1499,1688000
2021-07-29,236.0942,236.8001,231.0766,234.0242,1924100
2021-07-30,233.614,234.6156,231.4486,232.2785,1905100
2021-08-02,234.4058,236.4662,232.994,235.2357,1958900
2021-08-03,233.4709,247.4172,232.2785,244.193,5406200
2021-08-04,244.2025,258.1774,243.6492,250.3744,3892400
2021-08-05,251.147,253.2743,249.2869,252.0151,2262400
2021-08-06,251.3664,252.0913,248.724,251.2996,2155200
2021-08-09,252.3871,260.4572,252.3108,254.8482,3238500
2021-08-10,254.4571,258.5876,253.9134,257.0327,2060200
2021-08-11,257.1662,258.454,250.5556,251.9292,2813300
2021-08-12,251.8814,253.1638,250.2449,252.1398,2100900
2021-08-13,251.8335,254.2643,251.7091,252.8479,1482300
2021-08-16,253.4891,258.6377,252.9053,258.3315,2623200
2021-08-17,259.4991,264.0065,255.6902,260.9824,2096100
2021-08-18,260.3125,262.9442,256.5036,256.9726,2527400
2021-08-19,254.7045,260.1594,254.0155,258.7717,1901000
2021-08-20,257.7956,261.1355,257.4893,259.2598,1536800
2021-08-23,260.59,261.1738,256.1878,256.3027,2438800
2021-08-24,254.7524,255.939,250.5224,251.4699,3736000
2021-08-25,251.4794,253.1446,250.0535,252.5225,2388500
2021-08-26,252.6469,254.1686,249.374,250.0822,1732900
2021-08-27,251.2306,251.8144,247.46,248.5797,1839700
2021-08-30,249.8046,252.7139,248.4457,251.0296,1300700
2021-08-31,251.5368,252.3025,246.771,247.1825,2733400
2021-09-01,247.4218,247.6419,243.5459,246.3308,2956800
2021-09-02,246.3403,248.5606,245.4408,248.4075,1469700
2021-09-03,249.6133,249.7664,245.7375,248.3692,1124500
2021-09-07,247.862,249.6037,243.4694,243.8426,2403700
2021-09-08,243.6512,244.7135,242.7708,243.8809,1542400
2021-09-09,242.3976,243.0962,229.3633,229.6791,4976600
2021-09-10,231.7844,233.4018,228.3106,229.2006,4633500
2021-09-13,229.7174,230.7796,225.0377,227.7268,2832800
2021-09-14,228.4541,229.4781,222.0039,223.0662,3826000
2021-09-15,223.5351,229.0857,223.0375,223.6787,2802500
2021-09-16,224.0136,224.5974,219.8507,221.1044,2958700
2021-09-17,219.8316,220.9034,218.4152,220.2048,4480000
2021-09-20,218.2812,222.7217,217.5156,221.6786,2803400
2021-09-21,222.0805,223.6691,219.8603,220.2718,2172800
2021-09-22,220.1091,221.0948,217.7932,218.4823,2529600
2021-09-23,219.4392,224.1285,219.1617,222.1953,1912300
2021-09-24,222.76,225.2673,221.3915,221.7168,1642500
2021-09-27,220.0804,221.1235,215.9079,216.6639,2785900
2021-09-28,216.6543,216.6639,210.7305,212.0703,3583300
2021-09-29,215.7165,221.4872,214.903,220.4536,3971000
2021-09-30,222.7695,226.9612,220.8747,221.1139,3786100
2021-10-01,221.0661,221.7169,215.7548,219.7168,2215700
2021-10-04,218.0037,220.2909,214.5777,215.1806,4784700
2021-10-05,216.7022,222.559,216.4438,220.9991,2802000
2021-10-06,220.645,220.9225,216.329,218.0516,2462700
2021-10-07,219.2669,224.0423,219.1521,223.1523,2001800
2021-10-08,223.382,225.6692,221.5924,223.8797,2563000
2021-10-11,226.521,227.7555,223.5543,223.6213,1892300
2021-10-12,224.607,224.9611,222.0039,222.7695,1719200
2021-10-13,224.004,227.6885,222.7887,226.2721,2105700
2021-10-14,226.8177,228.1862,224.0424,226.5114,1824700
2021-10-15,227.21,229.0092,225.6788,227.6503,2598300
2021-10-18,227.7173,232.2247,226.521,228.703,2546000
2021-10-19,228.7795,232.1194,228.7795,231.8897,1573200
2021-10-20,233.2486,235.3253,232.5883,233.2391,1537500
2021-10-21,234.4162,234.4162,229.5164,230.7988,1717700
2021-10-22,230.5978,233.5453,229.258,233.2678,1960700
2021-10-25,234.1387,235.6794,230.1767,234.5119,2763100
2021-10-26,233.9856,238.2155,226.8942,237.7561,4533000
2021-10-27,237.9188,243.5173,237.6413,239.4117,3181300
2021-10-28,239.4021,245.7087,239.3256,242.455,3386500
2021-10-29,242.8665,245.4408,240.9429,243.8043,3152000
2021-11-01,244.1392,245.4503,237.3829,238.5887,2735800
2021-11-02,240.4452,248.1491,238.6748,245.8044,3987800
2021-11-03,246.6849,255.317,246.6753,254.8098,4382900
2021-11-04,254.0634,259.4512,253.8624,259.346,4133400
2021-11-05,257.4224,257.9009,247.441,253.604,3745700
2021-11-08,252.6374,255.4318,248.0055,249.3262,2386100
2021-11-09,249.3262,250.8861,247.2782,250.7521,1963800
2021-11-10,250.733,254.5609,250.3502,253.269,2215100
2021-11-11,251.0392,252.9532,250.6852,251.3359,1739400
2021-11-12,251.3359,252.0463,248.5996,249.2908,1964000
2021-11-15,249.0412,249.2524,246.9002,248.1195,1903200
2021-11-16,246.7082,249.963,245.7769,247.4379,2565700
2021-11-17,246.5641,253.9953,245.8537,250.7598,2873600
2021-11-18,251.5471,253.2752,249.4541,250.9038,1689200
2021-11-19,255.8004,259.996,249.9149,250.299,2786800
2021-11-22,251.7583,253.4577,248.7916,250.0494,1995400
2021-11-23,249.118,252.2768,248.9068,251.5087,1986200
2021-11-24,252.2864,254.3699,249.675,251.5472,2518500
2021-11-26,251.3551,255.2723,248.6956,249.9822,1495500
2021-11-29,249.6461,251.8543,244.3463,244.6632,4041700
2021-11-30,243.1654,243.8663,236.6463,238.144,8265900
2021-12-01,239.4882,245.1144,238.0,239.1906,3241400
2021-12-02,236.6847,240.0067,235.3406,237.9904,3817700
2021-12-03,242.0709,243.367,233.3819,235.7822,4169700
2021-12-06,236.1086,237.088,231.8938,236.5023,3491200
2021-12-07,234.4956,235.6478,231.817,235.3309,4035800
2021-12-08,236.7711,238.2784,229.916,234.5725,3636200
2021-12-09,234.7357,236.0991,233.0651,233.2092,2291100
2021-12-10,231.5769,234.8317,231.5769,234.3996,2380800
2021-12-13,235.715,240.6979,235.667,238.6145,3016700
2021-12-14,237.856,240.0355,236.5599,239.4306,3424000
2021-12-15,251.6143,264.5469,246.9482,264.2973,10016700
2021-12-16,264.6718,272.5734,261.1962,267.9073,5546400
2021-12-17,265.6318,265.6318,254.7442,256.7509,7582900
2021-12-20,258.4887,259.2375,249.9629,252.9681,3479400
2021-12-21,253.4673,255.3395,250.1742,254.3122,2702500
2021-12-22,254.1777,255.9251,252.3632,255.8675,2721000
2021-12-23,258.3158,264.2877,256.0404,262.2043,2632200
2021-12-27,264.0669,269.117,263.7596,267.3024,1677100
2021-12-28,268.1952,268.2528,264.8829,265.4013,1033900
2021-12-29,264.8157,268.2145,264.7389,267.312,1112300
2021-12-30,268.0513,269.453,265.3438,266.1887,1181500
2021-12-31,266.3999,267.6096,264.9982,265.1998,1315700
2022-01-03,263.462,263.462,256.4053,260.889,2621300
2022-01-04,258.2678,259.1127,253.064,256.1651,2340500
2022-01-05,257.4613,258.047,250.0302,250.251,3004200
2022-01-06,249.7229,250.875,245.268,248.9836,2863200
2022-01-07,249.3772,250.827,246.4681,249.1468,2245100
2022-01-10,247.8891,249.7805,245.6808,249.7325,2576700
2022-01-11,251.1534,251.9407,246.8041,251.8543,2294000
2022-01-12,242.8102,247.1691,240.9572,245.7097,6562800
2022-01-13,243.9335,245.3064,238.6337,239.709,3726500
2022-01-14,240.1699,240.5443,233.2091,234.3804,2894300
2022-01-18,233.0651,238.6049,232.4315,237.2128,3241200
2022-01-19,236.5023,240.4195,234.9661,235.2733,2487600
2022-01-20,235.7822,238.0576,232.8251,233.4299,2655400
2022-01-21,237.0303,237.9904,232.4602,233.3627,2788600
2022-01-24,232.8731,234.0348,223.3968,230.828,3712800
2022-01-25,227.3621,231.8938,225.7395,229.9064,2525100
2022-01-26,230.0696,232.7579,226.498,228.3702,2913200
2022-01-27,230.4056,233.5643,226.354,227.2757,2178500
2022-01-28,228.0149,235.4365,225.6723,235.3213,3081100
2022-01-31,233.5644,235.6958,232.2683,235.5998,3237100
2022-02-01,237.1936,238.9121,233.5548,238.3745,2449400
2022-02-02,235.5614,241.8308,234.294,240.8227,2586700
2022-02-03,237.6256,238.2208,231.4809,235.0429,3473600
2022-02-04,233.0363,234.3612,231.5961,232.6042,3569300
2022-02-07,232.7387,234.2941,230.7129,233.8332,3948300
2022-02-08,232.249,233.1995,227.9958,230.3384,2615000
2022-02-09,231.6346,234.7069,231.4425,233.5644,1759900
2022-02-10,230.3288,234.3516,228.6102,230.0792,2283100
2022-02-11,229.6855,231.0297,225.4803,226.3348,2054300
2022-02-14,225.602,228.3787,223.5485,226.2673,2572000
2022-02-15,228.1569,236.0048,228.1569,235.0889,3409600
2022-02-16,233.8741,238.1548,233.8741,236.7665,2459000
2022-02-17,236.7665,236.7761,231.782,232.3219,2059100
2022-02-18,229.4778,233.7295,229.4778,231.6856,2517900
2022-02-22,230.6251,232.2159,228.9957,230.548,2936700
2022-02-23,231.917,233.9705,229.4778,229.7574,2296300
2022-02-24,226.7397,235.1757,225.6021,234.3562,3272300
2022-02-25,235.0889,243.8237,234.9828,241.8473,2442200
2022-02-28,237.3063,241.0857,235.812,240.9796,3188800
2022-03-01,238.6754,241.3556,236.6315,240.5458,2873200
2022-03-02,240.9122,247.2753,240.1216,245.0482,2452000
2022-03-03,245.6845,250.264,245.2603,249.3578,3153700
2022-03-04,247.0149,254.0048,246.3497,253.4359,3497100
2022-03-07,250.534,254.1687,248.6058,252.2502,3074800
2022-03-08,250.6015,255.7787,249.6181,250.6015,3482600
2022-03-09,253.8505,258.1794,252.6647,253.3588,2965900
2022-03-10,253.407,258.1216,253.407,256.4729,2797200
2022-03-11,255.5569,261.9683,255.5569,256.7428,2469600
2022-03-14,259.3363,261.1778,257.7262,259.3459,2713800
2022-03-15,260.1847,266.5575,260.1847,265.5741,4396900
2022-03-16,267.8784,268.6111,263.2121,266.519,3148600
2022-03-17,267.0685,275.6298,266.5286,275.2634,3270100
2022-03-18,275.5816,280.8939,274.6368,277.317,4557900
2022-03-21,277.4326,284.7309,277.4326,279.2452,3495700
2022-03-22,279.2741,280.1322,273.2195,274.791,3791600
2022-03-23,274.2126,277.8376,273.181,273.9908,3149200
2022-03-24,276.0154,278.4835,274.4439,277.3652,2412400
2022-03-25,278.1461,281.1831,276.295,278.6475,2399800
2022-03-28,280.8745,281.9543,277.9629,281.1927,2195000
2022-03-29,281.5494,282.6196,277.2591,278.0401,2798100
2022-03-30,280.1514,281.8,277.6543,279.4861,2220100
2022-03-31,278.9849,281.3277,275.6588,276.0926,3227600
2022-04-01,275.8805,282.6196,273.8076,282.1665,3066200
2022-04-04,282.2436,284.3936,280.5082,280.9614,3014100
2022-04-05,281.2505,285.213,278.7245,281.9929,2324200
2022-04-06,285.4637,295.558,284.1911,294.8638,4672900
2022-04-07,294.054,302.731,294.054,297.3609,4270800
2022-04-08,296.9463,301.1691,296.8981,300.5039,3024700
2022-04-11,301.8536,302.4996,296.9945,297.8718,2178100
2022-04-12,295.5773,298.4985,293.2634,297.0234,2688100
2022-04-13,296.2521,297.2354,289.6286,291.8075,2528700
2022-04-14,292.8489,293.543,289.4167,291.0267,1898100
2022-04-18,290.2651,291.2195,286.1483,288.0958,1581400
2022-04-19,287.7005,288.9345,283.2559,286.3507,2021700
2022-04-20,286.3604,288.2693,281.8098,282.4075,2608600
2022-04-21,282.4075,282.9184,276.3721,279.2162,2716800
2022-04-22,278.9174,279.2259,268.4086,268.7267,2772600
2022-04-25,268.746,275.6877,266.8949,274.9646,2410200
2022-04-26,275.9094,279.7948,272.6411,272.6796,2166600
2022-04-27,272.9399,277.7894,270.52,274.8585,2352100
2022-04-28,285.3673,289.7252,278.204,286.6014,5886900
2022-04-29,285.1745,286.64,278.7632,281.6459,3910900
2022-05-02,280.7782,282.3304,274.0776,279.1681,2789900
2022-05-03,278.2714,279.4091,273.9136,277.7315,2109500
2022-05-04,278.1461,286.3218,273.9233,284.3164,2743600
2022-05-05,282.8896,284.4033,277.9533,281.8773,3120200
2022-05-06,279.7562,287.5462,278.1654,286.2447,2931200
2022-05-09,282.9764,284.3454,276.3626,278.85,3460500
2022-05-10,281.5205,282.8992,274.7717,275.4466,3140800
2022-05-11,273.4894,283.9307,272.8435,276.401,2625200
2022-05-12,273.1616,281.5109,273.1616,281.3277,2370000
2022-05-13,283.0786,283.2431,277.1584,282.1113,2337700
2022-05-16,282.5756,299.3399,282.0822,289.6083,5118300
2022-05-17,290.2081,293.4971,283.8138,291.5624,2553000
2022-05-18,290.2081,292.7232,284.4329,285.5551,2161400
2022-05-19,283.9976,283.9976,275.0882,276.9262,3157400
2022-05-20,281.2406,289.4728,279.4897,289.0956,3129100
2022-05-23,290.7885,294.9675,289.5793,292.7232,2873600
2022-05-24,293.797,297.6278,290.0146,295.9736,2804900
2022-05-25,296.9796,300.288,294.6966,296.9893,3195700
2022-05-26,295.2673,303.664,293.7002,303.2287,3284200
2022-05-27,302.4452,313.5021,301.1006,312.9217,3694300
2022-05-31,306.2953,308.0655,298.9433,303.2094,6298900
2022-06-01,303.2094,303.6544,295.6156,300.9264,2731500
2022-06-02,300.4331,300.5298,288.4378,292.5588,3703300
2022-06-03,292.2975,295.8284,290.8852,291.8041,2490000
2022-06-06,304.8443,304.8443,293.1973,293.4584,3734400
2022-06-07,294.0678,301.9615,293.1295,301.9131,3652800
2022-06-08,302.2323,305.2021,300.6652,303.2577,2684500
2022-06-09,301.4295,301.739,293.2166,293.352,1963300
2022-06-10,289.4632,291.8138,287.1802,287.3156,2469800
2022-06-13,280.9504,283.5913,279.0931,281.7727,2898800
2022-06-14,279.7316,282.4692,277.9129,281.2987,2422600
2022-06-15,282.0823,286.6675,279.1125,283.4269,1970100
2022-06-16,280.7279,280.7279,273.8693,278.6674,2628600
2022-06-17,280.5442,291.1658,280.2249,281.4051,6900000
2022-06-21,282.8368,289.5116,280.8343,287.6349,2821300
2022-06-22,287.2673,299.5431,286.7546,296.6797,4535700
2022-06-23,299.398,302.9676,297.1634,302.5129,3729300
2022-06-24,309.1199,315.1853,308.5976,314.9918,5449900
2022-06-27,313.6472,320.0511,311.49,316.588,3218900
2022-06-28,315.8625,318.3292,306.421,307.253,2742900
2022-06-29,307.7753,314.1018,307.2819,312.4573,2562500
2022-06-30,311.6157,316.3751,309.5649,313.6472,2732900
2022-07-01,313.3086,314.779,307.3884,314.1115,1817800
2022-07-05,311.9156,316.7428,308.5202,316.5009,2107700
2022-07-06,317.2942,321.8795,316.085,319.374,2252500
2022-07-07,316.5687,319.7126,315.5916,317.2458,2395000
2022-07-08,315.8915,323.6013,315.5142,319.6835,1898200
2022-07-11,319.8189,321.8214,318.6774,320.2639,1342600
2022-07-12,319.2288,321.1539,312.8055,313.028,2058200
2022-07-13,311.4996,314.0825,310.3581,311.9349,2564200
2022-07-14,307.1756,317.062,305.2119,316.2204,2615700
2022-07-15,321.1346,324.3849,317.4586,320.7767,3340300
2022-07-18,319.3449,321.1345,309.2747,311.2674,2116300
2022-07-19,313.5118,316.6944,311.3352,315.5529,1628100
2022-07-20,316.4139,317.1201,309.8552,311.519,2051000
2022-07-21,310.958,317.3425,309.2747,316.2494,1692100
2022-07-22,316.2784,318.4743,315.195,318.0197,1850800
2022-07-25,318.0197,321.4248,317.3523,320.7283,1741700
2022-07-26,320.1865,321.715,317.8842,320.7379,1812300
2022-07-27,318.2421,320.0704,314.5758,318.2034,1643000
2022-07-28,319.461,322.7017,311.2385,320.0027,2350900
2022-07-29,320.2543,320.2543,316.1527,318.929,3399900
2022-08-01,316.8201,319.6448,312.9023,313.5698,2464300
2022-08-02,316.5106,318.2421,308.9361,309.7487,3405700
2022-08-03,310.1647,310.5033,300.0945,303.5866,5152200
2022-08-04,300.0751,300.1235,292.3749,295.8091,4696300
2022-08-05,292.6072,295.3545,290.508,291.485,2814300
2022-08-08,290.8368,296.1282,286.8513,292.6264,3218900
2022-08-09,295.1319,296.6894,291.4656,293.1295,2122900
2022-08-10,294.5611,297.1053,292.7135,294.6675,2351000
2022-08-11,291.2044,295.4511,289.8501,291.3398,2198800
2022-08-12,293.9894,299.3951,292.4171,298.9972,2305100
2022-08-15,300.0939,305.3347,298.2499,304.6844,2795800
2022-08-16,304.6748,305.1019,300.5016,301.1616,2248000
2022-08-17,300.8704,311.1481,300.8704,307.4796,2747200
2022-08-18,307.4117,309.5565,304.9369,307.3826,2261600
2022-08-19,308.1493,316.1463,308.1396,313.2542,3393100
2022-08-22,312.7786,316.1657,310.9443,313.5744,2488000
2022-08-23,311.7693,312.3516,304.6166,305.8104,2962000
2022-08-24,307.14,311.4005,305.9268,309.4692,1827000
2022-08-25,311.1482,313.8365,306.5188,313.6133,1977900
2022-08-26,314.0501,315.0206,305.9753,306.2568,1858000
2022-08-29,304.1022,305.587,300.5501,301.0062,1697000
2022-08-30,300.9965,302.7725,296.9883,297.9879,1980300
2022-08-31,298.0849,299.7154,292.2327,292.3492,3183500
2022-09-01,292.126,300.288,291.6407,300.0163,2939200
2022-09-02,300.9674,301.0742,290.9226,292.4463,2525400
2022-09-06,294.0185,303.6072,293.3197,297.7744,2322200
2022-09-07,299.667,303.1899,295.8917,302.4135,2228100
2022-09-08,302.7532,306.4217,298.5217,306.1985,2212500
2022-09-09,307.1205,310.7309,305.9268,308.3337,2177000
2022-09-12,309.4885,311.0025,305.5968,305.9267,2077400
2022-09-13,300.8704,303.1025,295.9983,297.4444,2272400
2022-09-14,298.1529,302.6173,296.8815,300.4821,2002900
2022-09-15,300.5793,303.0735,296.736,300.3463,2348100
2022-09-16,298.8905,302.7629,297.6968,299.7834,4380200
2022-09-19,297.4444,297.4832,288.8747,296.0954,2515300
2022-09-20,294.8628,294.8628,290.1267,292.8344,1816800
2022-09-21,292.126,295.5519,287.584,287.7393,2241200
2022-09-22,291.9319,303.3937,291.1167,301.705,5918300
2022-09-23,302.6755,305.8879,296.1245,302.2776,4572600
2022-09-26,299.696,302.5397,295.8916,298.4344,3760000
2022-09-27,300.0357,304.6942,299.2302,301.9282,3019600
2022-09-28,323.6969,331.6261,318.427,324.5219,9436300
2022-09-29,324.124,324.8131,317.6215,320.2808,3743100
2022-09-30,317.5051,319.7955,312.9145,313.8171,4474100
2022-10-03,316.3792,319.6402,307.7028,312.0701,3340500
2022-10-04,312.6816,320.3681,312.2934,320.1643,2622500
2022-10-05,318.6212,324.0076,317.8642,321.9986,2186100
2022-10-06,318.2718,329.2581,317.2333,323.1341,4299200
2022-10-07,323.1534,323.2505,315.3214,317.0295,2601600
2022-10-10,316.6122,317.3692,310.7988,314.3412,1956200
2022-10-11,310.5659,319.3296,310.0127,317.9418,2598900
2022-10-12,317.7283,323.8134,314.3314,315.0011,1764700
2022-10-13,309.7118,323.5417,309.6924,322.3091,2657400
2022-10-14,321.7851,325.4051,318.5532,321.6201,2231400
2022-10-17,322.9788,327.6275,321.9694,322.9496,2230000
2022-10-18,324.289,325.4439,320.6301,325.1527,2087100
2022-10-19,325.3663,325.7351,316.3599,319.582,2419000
2022-10-20,321.3871,321.6686,316.2919,319.3685,1761200
2022-10-21,319.3684,332.3345,317.1362,330.7234,3274700
2022-10-24,334.0718,341.3992,334.0718,337.6433,3375900
2022-10-25,336.304,341.9427,332.9363,340.9528,2513100
2022-10-26,342.1077,350.823,340.1084,347.3097,2373500
2022-10-27,348.4064,350.4736,344.8446,345.8248,2347600
2022-10-28,349.6972,351.3277,346.5139,349.2896,2942100
2022-10-31,348.0764,353.191,340.1278,351.415,4258200
2022-11-01,335.6344,348.4064,330.7041,342.1854,7013000
2022-11-02,343.7187,352.4437,339.8852,344.4951,3774400
2022-11-03,343.6217,352.1331,341.1469,351.0171,2602500
2022-11-04,354.4333,355.0933,342.923,346.873,3004600
2022-11-07,347.4455,356.1802,346.9603,354.3071,2560300
2022-11-08,354.3847,357.8786,351.2597,355.8502,3278600
2022-11-09,357.5778,358.8977,351.2403,352.5602,2323700
2022-11-10,356.4131,358.1213,352.2982,357.8495,2994000
2022-11-11,355.3649,356.9857,334.3629,341.9135,6646300
2022-11-14,349.4561,351.1397,331.0134,346.5266,4717400
2022-11-15,347.3831,347.4317,337.0864,340.5803,4180700
2022-11-16,340.6289,347.3247,340.59,343.4805,3563800
2022-11-17,343.461,352.5996,343.2664,351.1106,2929700
2022-11-18,352.8429,354.9062,349.7286,351.9865,2420900
2022-11-21,350.7408,354.0205,345.8552,351.4999,1999200
2022-11-22,352.3076,353.0862,347.7334,351.2176,2460400
2022-11-23,351.6653,352.765,349.0279,352.0351,1993000
2022-11-25,353.1836,356.0351,351.8697,355.4706,1039100
2022-11-28,353.7189,359.6166,351.3344,355.9767,2481300
2022-11-29,354.8574,356.3075,350.984,354.2054,2207000
2022-11-30,355.2955,362.3805,352.113,361.1445,5556400
2022-12-01,364.7552,365.1445,358.6238,360.4146,2516100
2022-12-02,356.2784,364.9985,355.2273,364.726,1925600
2022-12-05,363.7528,365.2029,358.4195,359.4025,2296500
2022-12-06,357.1737,360.7163,355.7334,358.6725,1971000
2022-12-07,359.4317,365.1932,358.8867,362.0107,1629100
2022-12-08,363.2662,363.2662,356.6872,361.8356,2090900
2022-12-09,363.0131,363.9864,351.1495,351.3247,2787200
2022-12-12,353.2127,357.9815,352.7942,357.417,2639200
2022-12-13,351.9476,362.7601,348.7262,349.0571,5032600
2022-12-14,349.3977,359.5387,347.4999,353.7675,5095500
2022-12-15,351.0036,354.2249,347.1399,350.371,3437100
2022-12-16,348.3466,350.8284,345.6605,350.2347,6612200
2022-12-19,348.2298,350.0693,345.1155,348.2007,2658400
2022-12-20,348.9013,351.7724,346.7992,350.0108,2276000
2022-12-21,352.9208,360.7553,351.5388,358.1568,2211200
2022-12-22,357.4852,359.8599,352.5899,355.529,1958100
2022-12-23,355.0521,358.0497,352.765,358.0497,1030300
2022-12-27,359.6069,359.8307,354.5753,355.1106,1372100
2022-12-28,356.366,358.1567,354.1957,355.4414,996000
2022-12-29,358.2444,361.0181,356.6483,357.1933,1077900
2022-12-30,357.6506,358.0984,352.4147,356.0448,1388000
2023-01-03,356.4536,359.1203,351.7821,355.2176,2006700
2023-01-04,354.877,357.2906,350.6921,353.3782,1886200
2023-01-05,351.2858,351.8113,343.5097,349.3101,2008500
2023-01-06,350.3612,356.8819,348.006,353.2225,2131300
2023-01-09,354.2541,355.1982,339.4514,340.4635,2980600
2023-01-10,339.6557,343.753,334.1472,343.3053,2465200
2023-01-11,344.8527,352.0741,341.6022,350.7602,2602800
2023-01-12,349.6313,350.8479,343.6265,349.5048,2019700
2023-01-13,349.9427,353.5826,349.0376,351.9378,1690900
2023-01-17,351.9378,352.3077,347.0036,348.1617,2435200
2023-01-18,346.7797,349.388,342.1666,342.5851,2302300
2023-01-19,342.9355,346.2736,341.0377,341.68,2658300
2023-01-20,337.7093,339.7239,332.4344,336.8042,5391900
2023-01-23,337.3297,337.3297,331.1108,333.0475,3403100
2023-01-24,336.7361,337.3492,332.2203,337.1156,2242500
2023-01-25,336.2982,340.4149,335.8602,340.3663,2503300
2023-01-26,341.6022,342.7506,337.4465,338.6923,2576200
2023-01-27,336.8431,338.7701,332.3857,332.9405,2363600
2023-01-30,335.1108,338.4879,330.3712,331.3833,2647700
2023-01-31,331.5584,335.1788,330.2932,334.9355,2406700
2023-02-01,333.612,336.6777,328.4831,333.3979,2990900
2023-02-02,325.0573,326.3225,308.5125,321.8457,13036600
2023-02-03,324.0354,333.1642,320.5512,330.0013,5670700
2023-02-06,332.8237,334.2252,325.6608,328.6194,3055700
2023-02-07,327.0525,331.831,323.7824,330.5853,2464100
2023-02-08,329.4952,333.6898,328.7751,331.6071,2399400
2023-02-09,331.7629,338.0499,331.3833,332.6388,3072800
2023-02-10,334.0792,339.101,333.5536,335.8796,1980000
2023-02-13,337.1934,341.4172,336.736,341.0182,2291600
2023-02-14,342.2582,345.4607,339.0752,339.3486,2028900
2023-02-15,337.679,338.6749,326.4507,327.0952,3600700
2023-02-16,323.1799,325.0741,318.0247,318.3664,3654200
2023-02-17,315.5153,323.7559,312.9279,320.6413,3695600
2023-02-21,319.4208,323.8829,318.6202,319.7723,2515600
2023-02-22,320.944,324.7421,318.6202,321.2955,2379800
2023-02-23,320.2605,324.9666,317.9953,319.7821,2229500
2023-02-24,318.2981,319.499,312.5277,314.0411,2594600
2023-02-27,314.9784,315.7595,308.4367,309.1396,3043500
2023-02-28,308.0363,308.0363,302.3245,303.8672,3966900
2023-03-01,302.676,309.4227,301.8949,306.7475,3580800
2023-03-02,304.4237,308.8271,303.1934,307.6066,2885200
2023-03-03,308.8955,312.5959,307.7922,310.9068,3002800
2023-03-06,309.4521,312.6741,309.0225,311.4243,2673700
2023-03-07,311.4634,312.7815,302.2854,303.2911,2620800
2023-03-08,303.1642,305.6345,302.0121,305.156,2313200
2023-03-09,304.9314,311.2388,304.9314,309.3642,3920300
2023-03-10,311.3169,318.8155,306.9135,307.5774,4597300
2023-03-13,309.745,323.961,309.745,316.8237,5275600
2023-03-14,316.3941,319.5478,313.8458,319.3427,4214300
2023-03-15,318.298,323.5313,316.8334,321.686,4743500
2023-03-16,319.8993,323.8634,317.3607,321.7446,3498200
2023-03-17,323.668,327.0365,320.3484,321.4028,8679800
2023-03-20,321.4029,326.0505,321.237,325.7185,3540900
2023-03-21,326.4898,326.5386,320.3288,323.2579,3240400
2023-03-22,323.9317,327.6712,322.8381,323.1506,2472200
2023-03-23,323.0724,327.4173,322.4085,324.7811,2703400
2023-03-24,325.1228,328.9697,321.0025,328.1887,2791900
2023-03-27,320.0554,328.2765,315.6227,326.6948,3102300
2023-03-28,327.8664,330.8248,326.812,329.6727,2433200
2023-03-29,330.9908,331.7426,326.6753,327.9348,2743800
2023-03-30,328.1301,333.2463,328.1301,332.6409,2146900
2023-03-31,333.92,335.531,332.6409,335.3065,2933600
2023-04-03,335.1307,343.2347,334.2129,342.4536,3039600
2023-04-04,343.7521,350.5183,342.971,346.2418,3585900
2023-04-05,349.6201,356.2301,349.4736,353.6818,3442700
2023-04-06,356.2302,360.7703,355.6443,359.5889,3531700
2023-04-10,359.4815,359.6475,354.4629,358.3294,1868000
2023-04-11,359.0714,360.0868,354.9999,355.4393,2027000
2023-04-12,355.4197,363.6408,354.746,360.3309,2672600
2023-04-13,363.8166,366.6872,361.5612,366.2868,2839900
2023-04-14,365.3983,367.4194,363.7092,365.8767,2287900
2023-04-17,366.1404,367.0191,362.3911,363.553,2059700
2023-04-18,364.1876,365.4178,360.9265,361.1706,1925300
2023-04-19,361.7955,362.5083,358.6711,361.7174,2173000
2023-04-20,362.6157,367.1753,361.0242,365.9549,2766500
2023-04-21,369.0793,377.1441,369.0695,376.1384,3682500
2023-04-24,376.1384,377.9057,372.6137,374.2931,2059700
2023-04-25,375.9528,381.2546,374.9277,375.7478,2648600
2023-04-26,372.1158,372.4868,361.9224,367.3803,3161200
2023-04-27,382.0162,389.1145,371.774,381.1277,4981300
2023-04-28,388.597,394.7579,383.2367,386.5076,5350100
2023-05-01,387.8745,397.7261,382.9926,396.2224,4091100
2023-05-02,397.3843,401.8171,389.8272,394.6505,3884600
2023-05-03,405.2247,423.9418,404.5217,421.0029,10129800
2023-05-04,421.2567,422.4772,415.1739,418.3178,4070700
2023-05-05,417.9858,421.0809,414.5295,417.7027,2753400
2023-05-08,416.1307,424.7228,413.0063,422.4967,2478600
2023-05-09,421.569,425.3086,417.9369,418.2592,2601600
2023-05-10,415.994,428.0327,415.994,425.6211,2766300
2023-05-11,426.3827,426.5292,420.9345,425.2599,2595900
2023-05-12,430.8788,436.1453,425.2598,425.2696,3939200
2023-05-15,426.1898,426.8065,421.5889,425.3479,2234800
2023-05-16,425.0445,429.2342,421.5791,427.4428,2128800
2023-05-17,429.5475,429.6943,423.6055,428.2455,2274200
2023-05-18,427.3057,430.2523,424.4473,428.6566,2268100
2023-05-19,429.7432,438.0738,429.7432,433.052,3442800
2023-05-22,434.9413,445.3569,423.2726,424.8389,4398000
2023-05-23,423.7914,426.6988,412.622,414.2861,4492100
2023-05-24,415.0595,419.9149,411.3984,416.7922,3133000
2023-05-25,417.3894,419.171,410.9481,418.2997,2882200
2023-05-26,415.9406,422.5678,414.7365,416.8118,2338400
2023-05-30,414.854,419.6898,413.1605,418.2312,2595700
2023-05-31,417.9963,421.4812,415.0693,420.4044,3950900
2023-06-01,421.1973,427.5798,419.1024,427.2861,2914400
2023-06-02,430.6829,435.323,427.57,433.003,2499000
2023-06-05,433.6589,438.3577,432.3961,434.8923,2113800
2023-06-06,438.3871,439.4052,430.7418,433.7275,1495300
2023-06-07,430.918,437.2711,426.4932,427.1687,2458300
2023-06-08,426.689,438.0346,423.2236,436.2628,2040300
2023-06-09,439.826,439.826,433.2673,436.6348,2082000
2023-06-12,436.7425,437.5647,429.43,435.9202,2566600
2023-06-13,434.3148,437.9661,432.9247,436.3216,1766300
2023-06-14,434.9217,439.317,434.1875,438.2793,2163300
2023-06-15,438.5535,446.9525,438.25,444.3584,2287100
2023-06-16,446.189,447.3441,438.064,438.2696,4295700
2023-06-20,436.4586,445.2884,435.7244,442.4202,2506300
2023-06-21,444.9164,445.7387,440.7169,443.448,2347500
2023-06-22,445.4058,452.5127,444.2507,448.0293,2912500
2023-06-23,447.3637,450.3103,442.7824,449.1649,4832100
2023-06-26,455.4495,455.4495,439.454,443.2131,3214700
2023-06-27,452.7477,458.1122,442.1754,454.7055,4138700
2023-06-28,458.631,458.6505,447.6769,449.0278,2854700
2023-06-29,449.3803,456.0075,447.863,454.6958,2112400
2023-06-30,454.8524,459.9623,454.2161,459.0911,3173200
2023-07-03,456.4284,456.4284,447.7259,451.6905,2113200
2023-07-05,452.3562,457.3976,450.3004,455.8802,2130200
2023-07-06,453.3547,457.7402,451.8863,453.4427,2191700
2023-07-07,452.5813,453.8343,441.7252,442.5475,2914700
2023-07-10,443.4089,445.0829,440.2274,443.6047,2011400
2023-07-11,440.5113,441.0595,428.3825,430.125,3570900
2023-07-12,429.2244,434.9314,425.8373,431.3094,3107800
2023-07-13,430.9473,432.9149,425.1815,425.5339,2865100
2023-07-14,431.799,440.9518,431.5738,439.9827,2955000
2023-07-17,439.9728,441.1181,433.9134,437.7115,2347900
2023-07-18,437.5256,443.7613,435.6559,441.686,2237000
2023-07-19,441.8818,445.4059,439.1016,443.9962,2212800
2023-07-20,445.5527,455.4104,445.4059,454.0399,2624200
2023-07-21,455.5964,457.192,452.2289,452.2974,2226700
2023-07-24,452.2583,455.8215,448.0196,449.6348,2190700
2023-07-25,448.1077,451.201,446.9721,447.8923,1737800
2023-07-26,445.4058,445.4058,437.1438,444.0255,1959800
2023-07-27,443.7613,449.0082,442.7138,445.396,1883500
2023-07-28,445.5331,449.8795,442.2538,448.8125,1437600
2023-07-31,449.3411,449.3411,441.2944,444.9653,2110200
2023-08-01,445.7485,447.7259,441.9307,443.5361,1738200
2023-08-02,445.6311,451.9059,441.8035,444.8969,2366600
2023-08-03,441.2749,444.5249,438.808,439.6891,2414100
2023-08-04,439.7673,442.9292,437.4669,440.0121,1870400
2023-08-07,443.6928,445.4059,441.0791,444.5052,2446400
2023-08-08,495.3305,526.6557,492.1098,510.6015,15094500
2023-08-09,509.3974,521.3011,505.9908,515.1339,5376600
2023-08-10,512.4321,517.591,509.0255,510.3471,4108500
2023-08-11,512.6767,520.5961,509.0351,517.1406,2524300
2023-08-14,521.1923,532.003,519.2008,527.7847,3981100
2023-08-15,527.5198,536.8983,523.6449,536.241,2826800
2023-08-16,537.0062,542.3723,532.1992,535.8682,2597100
2023-08-17,532.8958,538.3796,527.1863,527.4511,2549900
2023-08-18,524.8711,537.3691,523.7625,536.0546,2958600
2023-08-21,536.604,542.9904,535.3876,539.6059,2305400
2023-08-22,539.0958,545.541,536.8885,543.1473,1936600
2023-08-23,546.1491,546.8162,537.8007,542.8529,2121300
2023-08-24,542.2056,546.4043,536.9081,537.5948,1776700
2023-08-25,539.1938,545.5409,536.6923,543.1375,1847600
2023-08-28,539.6843,545.6685,539.6745,543.4023,1373700
2023-08-29,542.9413,545.7862,539.4194,543.3828,1701200
2023-08-30,544.4717,547.1597,536.653,537.585,2191100
2023-08-31,536.6335,546.8262,532.6898,543.6772,3043400
2023-09-01,545.7568,548.592,543.0002,546.5318,2030800
2023-09-05,548.6115,551.2603,546.1394,547.5913,2257200
2023-09-06,550.3676,550.9267,542.2055,549.3179,2424300
2023-09-07,553.4774,565.3672,551.9372,562.3457,3707100
2023-09-08,561.4629,576.3939,560.374,575.3246,4308300
2023-09-11,576.0014,586.8023,573.3821,584.2517,3876500
2023-09-12,579.7488,589.7159,576.6881,587.9207,3212100
2023-09-13,583.3688,589.3432,580.4651,587.5087,3126600
2023-09-14,587.8617,590.4124,578.807,580.3766,3244800
2023-09-15,580.7593,582.7801,564.1409,564.7295,5941200
2023-09-18,567.0251,567.0251,553.6931,560.4327,2723600
2023-09-19,560.7663,567.4274,559.7951,564.0429,2185100
2023-09-20,562.5321,564.3274,558.3824,558.8239,1869900
2023-09-21,556.4204,557.215,532.1992,539.6843,4049900
2023-09-22,538.3894,544.9426,537.2318,540.0865,2353800
2023-09-25,539.6549,542.1663,535.3875,541.8033,1686500
2023-09-26,540.2436,543.6084,537.5948,539.5667,1864300
2023-09-27,539.4489,541.2147,533.347,539.3214,2004200
2023-09-28,540.8519,541.205,531.1202,534.1123,2178800
2023-09-29,535.1323,535.721,522.0947,526.9311,2967700
2023-10-02,525.8325,530.3746,516.8071,528.0692,2810100
2023-10-03,525.8226,527.1372,506.7615,515.2178,3266100
2023-10-04,515.581,525.9895,513.6876,521.369,2220400
2023-10-05,523.4093,532.1992,521.516,531.1985,2950700
2023-10-06,533.6707,555.6061,532.4052,554.4877,4745200
2023-10-09,553.3107,568.7812,552.879,560.9037,4208100
2023-10-10,559.177,574.8242,558.9121,568.3102,3526700
2023-10-11,584.8796,597.2305,573.9021,593.7872,5850600
2023-10-12,593.9638,601.3606,590.7657,598.9081,4063500
2023-10-13,606.1578,618.0084,591.1189,597.6328,3963800
2023-10-16,599.3888,610.1702,596.8774,604.9316,2941500
2023-10-17,607.2467,608.6202,591.0895,596.7597,2911700
2023-10-18,595.71,604.186,591.786,595.71,2049100
2023-10-19,593.5125,593.5125,567.3588,579.5822,3493700
2023-10-20,578.7973,585.5859,569.8505,573.5391,3666900
2023-10-23,574.9322,577.1689,565.2005,565.7009,2781900
2023-10-24,568.9872,583.2316,568.1141,581.1812,2633000
2023-10-25,585.6056,588.3132,574.7458,575.3246,2283300
2023-10-26,568.9872,569.9683,555.41,557.3132,2846500
2023-10-27,552.3198,559.9717,546.0707,549.5925,2717400
2023-10-30,560.3642,562.3262,551.8686,554.9686,2290900
2023-10-31,558.1665,558.7944,537.2121,543.4121,3661400
2023-11-01,544.462,547.8268,540.793,543.9323,2935900
2023-11-02,567.3489,586.0961,561.1293,569.2717,5181300
2023-11-03,567.447,571.9302,556.4106,557.0286,3056500
2023-11-06,560.2562,586.361,560.1679,583.8888,3978500
2023-11-07,585.6645,590.5107,578.9249,588.5388,3168200
2023-11-08,596.1219,613.9862,580.9359,607.3741,7776400
2023-11-09,603.0872,603.9603,572.352,580.0922,6279800
2023-11-10,583.7023,587.489,574.8732,586.3609,3645900
2023-11-13,583.0646,607.0013,567.1723,601.076,5744800
2023-11-14,597.7738,605.4595,592.3191,600.3292,3827600
2023-11-15,600.3881,602.3832,574.3825,578.4318,4287000
2023-11-16,581.341,584.8694,571.7585,578.6382,3030500
2023-11-17,582.2746,585.9406,577.1247,581.5474,2628200
2023-11-20,581.2821,594.4716,580.5449,587.3362,2827200
2023-11-21,588.1618,591.2282,581.6064,582.4221,1851600
2023-11-22,585.1741,588.8891,576.6726,584.8694,2052200
2023-11-24,588.0831,593.1349,586.7268,590.7761,1341700
2023-11-27,590.8448,593.3215,580.9871,581.3704,2630700
2023-11-28,581.8324,585.1543,579.2377,581.4392,1793900
2023-11-29,582.029,584.3287,574.4022,581.6948,1908600
2023-11-30,581.3017,585.9898,576.1419,580.8889,5658400
2023-12-01,581.5376,591.6311,572.987,574.0091,3638600
2023-12-04,572.132,577.0068,564.4659,575.621,2577100
2023-12-05,573.2621,581.6357,569.4192,578.0485,2157300
2023-12-06,580.594,583.6998,574.363,579.1296,2093100
2023-12-07,578.1763,578.7561,567.6895,578.1664,2095000
2023-12-08,578.8838,588.0241,574.7265,587.7784,2446800
2023-12-11,588.378,590.8646,557.6647,574.0091,5614100
2023-12-12,572.0041,575.7879,568.2398,574.7167,2846100
2023-12-13,573.2424,588.3877,572.3087,587.2379,3112500
2023-12-14,584.2895,584.2895,558.9228,563.8172,5275900
2023-12-15,562.2741,563.8565,552.0036,562.2151,5317000
2023-12-18,566.5692,573.0362,565.8125,569.8027,3033900
2023-12-19,570.2841,575.0606,567.3357,569.8517,2192700
2023-12-20,566.579,569.9009,560.2398,560.4167,2647100
2023-12-21,561.5959,565.1243,557.2814,562.1758,1786500
2023-12-22,563.1784,566.0089,557.6745,560.5936,2226100
2023-12-26,559.7189,562.9327,557.8908,560.8688,1678700
2023-12-27,560.7017,573.6553,560.7017,571.5226,2163400
2023-12-28,571.9845,576.6136,570.0385,570.8739,1973500
2023-12-29,572.8396,576.1026,569.5176,572.9084,2000100
2024-01-02,570.4414,582.54,569.1048,582.0289,3226700
2024-01-03,589.695,609.1943,588.5156,607.091,5130300
2024-01-04,614.5212,625.4797,602.7371,603.946,6272500
2024-01-05,603.4545,609.2925,599.71,607.9264,2404000
2024-01-08,611.7398,615.3075,599.1204,615.278,2453900
2024-01-09,619.2879,623.5239,613.0076,614.7374,2918900
2024-01-10,617.6957,626.1087,615.0126,619.3665,2679100
2024-01-11,623.4943,628.7721,617.3517,624.8015,2690300
2024-01-12,627.2388,632.9392,622.138,631.8777,2067800
2024-01-16,632.8509,636.6053,622.7868,623.6713,2413600
2024-01-17,628.4675,629.5192,614.4524,618.1085,2124100
2024-01-18,610.6095,613.1648,602.1769,612.6439,3385000
2024-01-19,611.7006,618.7769,609.3516,617.7842,3125000
2024-01-22,619.1798,621.7745,614.2657,620.0447,2030200
2024-01-23,616.9094,619.1797,604.2605,618.8652,2525000
2024-01-24,622.6393,632.1235,621.1454,622.8162,2276900
2024-01-25,616.5949,621.7449,613.9511,616.8406,2407900
2024-01-26,626.4035,628.6148,619.6712,628.2709,2410300
2024-01-29,630.4823,634.561,628.782,633.9222,2718500
2024-01-30,634.6101,635.6912,629.9908,633.9024,2006100
2024-01-31,639.2097,652.1535,626.0595,634.5216,4719000
2024-02-01,636.2121,649.1756,632.1235,649.0871,2494300
2024-02-02,651.0037,661.0678,648.409,656.1832,3019200
2024-02-05,679.1518,699.6535,670.8077,694.0711,7602400
2024-02-06,729.2562,729.2562,679.2303,692.9211,8187300
2024-02-07,698.1792,728.2635,694.8769,712.9216,5798000
2024-02-08,715.8111,728.2733,713.2852,723.0447,4636900
2024-02-09,722.8678,732.8926,721.0102,727.4477,2833900
2024-02-12,728.0767,728.0767,713.9732,724.5975,2932300
2024-02-13,717.6392,730.2194,717.6392,730.2095,2860300
2024-02-14,734.2954,752.2437,733.4881,745.6078,3394300
2024-02-15,744.1212,751.2001,738.4207,746.0706,2507000
2024-02-16,759.1159,782.1936,751.7022,769.9754,5009400
2024-02-20,777.7927,781.1204,741.5613,743.9833,4701100
2024-02-21,726.675,737.9185,721.9098,734.384,3541800
2024-02-22,751.7809,763.1426,744.5839,757.7473,3167400
2024-02-23,762.04,765.6336,750.4814,757.6489,2394800
2024-02-26,759.3817,768.1638,757.2353,759.9921,2243800
2024-02-27,743.235,761.0061,733.9211,753.1789,2716700
2024-02-28,750.4716,751.21,740.0452,745.9328,2716300
2024-02-29,741.4432,744.7709,732.533,742.0339,3905400
2024-03-01,757.1369,771.9642,752.3225,770.0345,4247500
2024-03-04,784.1332,788.4061,774.012,780.0375,3855600
2024-03-05,773.1751,776.3454,757.3929,765.5745,3168700
2024-03-06,772.1709,775.6759,762.0399,767.7208,2518600
2024-03-07,759.9134,780.7365,749.359,768.1047,3977400
2024-03-08,767.9472,767.9472,743.3335,750.3632,4054900
2024-03-11,740.5866,745.1057,716.3766,723.0223,3968900
2024-03-12,729.5105,744.2886,726.6061,743.2844,2701700
2024-03-13,745.3025,749.0143,734.187,746.1296,2357500
2024-03-14,753.1297,756.1326,737.82,748.9749,2647500
2024-03-15,743.7076,749.1324,736.1561,742.5162,3730100
2024-03-18,750.501,757.7867,746.5333,750.8751,2521400
2024-03-19,746.7204,761.8922,743.3335,760.8388,2557100
2024-03-20,758.21,761.2129,744.9482,760.9175,2038000
2024-03-21,762.0399,768.4788,747.1536,758.3577,3013200
2024-03-22,758.1016,764.9935,755.4237,758.7022,1981000
2024-03-25,759.1847,766.4605,756.2803,761.1932,1806600
2024-03-26,762.2368,766.303,757.1171,762.926,2099000
2024-03-27,766.6772,773.1259,755.5222,766.1553,2297700
2024-03-28,768.2622,781.4059,764.4422,765.9387,3209400
2024-04-01,764.0089,765.4858,742.1717,748.7977,2921300
2024-04-02,743.4024,753.2479,741.8566,752.155,2596800
2024-04-03,753.8583,775.0852,753.5826,763.9991,3044900
2024-04-04,769.4634,775.7252,755.9554,756.2114,2354000
2024-04-05,753.6417,774.5536,751.2986,772.0922,2113400
2024-04-08,772.8896,773.0669,761.3999,765.2791,1664200
2024-04-09,765.6237,765.8009,739.0507,745.5389,2464100
2024-04-10,739.6711,753.435,735.2898,750.2057,1700300
2024-04-11,748.0397,751.5349,739.0705,747.8527,1594800
2024-04-12,747.8329,751.7022,738.204,740.0255,2495000
2024-04-15,748.3252,756.1326,737.9382,739.1689,2358600
2024-04-16,740.0648,741.5023,731.519,735.2012,2569800
2024-04-17,747.4686,759.9035,733.3699,739.1689,3069400
2024-04-18,737.8398,740.5769,732.2772,734.4235,1717300
2024-04-19,737.5837,738.4206,710.9123,715.0868,3505500
2024-04-22,718.4638,726.4781,714.2106,720.0293,2354100
2024-04-23,729.7468,734.6301,720.1376,734.1674,2042000
2024-04-24,741.01,741.01,717.5285,720.8859,2133400
2024-04-25,713.7971,716.7409,707.2006,713.6691,2608800
2024-04-26,712.3006,726.0547,709.8589,722.1756,2009200
2024-04-29,724.381,729.1364,718.3359,725.8086,2665600
2024-04-30,763.0245,783.2077,755.7979,769.0302,7437100
2024-05-01,762.7882,770.5169,756.3788,764.7474,2802100
2024-05-02,765.3283,765.3283,742.6344,744.2294,3205600
2024-05-03,731.5189,733.488,719.0546,723.613,4595100
2024-05-06,726.6356,755.1383,724.6272,754.8331,3398300
2024-05-07,757.0187,767.0513,750.3336,765.7516,2879400
2024-05-08,767.0611,769.2763,760.2678,763.0245,2089800
2024-05-09,764.9935,771.8854,757.3141,759.6277,2522100
2024-05-10,762.0596,765.407,748.2562,748.2562,2082300
2024-05-13,751.7022,751.7514,738.9326,745.9918,1848900
2024-05-14,739.9073,752.6867,739.9073,752.1747,1956200
2024-05-15,753.6245,776.8106,752.5889,776.1795,3038300
2024-05-16,773.9014,775.647,759.5321,760.4985,2299700
2024-05-17,762.2441,764.1968,756.5338,759.3939,1670300
2024-05-20,756.3365,773.5265,755.5673,772.3923,2188800
2024-05-21,781.5446,805.3619,780.4893,792.107,4334500
2024-05-22,789.9669,793.7934,784.2961,791.8505,1767500
2024-05-23,798.8429,809.3067,791.1109,797.3143,3025800
2024-05-24,796.8704,798.9612,793.0735,796.3083,1778100
2024-05-28,797.8568,797.8568,777.3926,796.7325,2483500
2024-05-29,791.9393,804.3756,791.0419,800.3519,2380000
2024-05-30,801.5946,808.6954,795.0066,803.8333,1984600
2024-05-31,807.5218,814.8298,799.9279,809.0406,4472100
2024-06-03,812.4825,826.7335,807.2259,819.8102,2537200
2024-06-04,822.5123,823.962,813.942,821.1218,1748300
2024-06-05,819.0507,826.9011,806.358,820.3032,2169000
2024-06-06,823.3802,835.3036,820.4215,825.757,2109000
2024-06-07,826.2206,845.0082,825.481,838.2822,2468800
2024-06-10,842.2172,859.6241,837.6905,853.0854,3417500
2024-06-11,869.9893,869.9893,840.4912,853.894,4109100
2024-06-12,859.989,859.989,842.089,855.3538,2594600
2024-06-13,857.0598,872.869,849.6335,871.1628,2243400
2024-06-14,870.1767,872.4252,863.9338,866.3501,2023300
2024-06-17,865.9062,879.9107,864.7819,872.8197,2532200
2024-06-18,874.7823,882.5439,871.8236,879.1808,2437000
2024-06-20,880.6997,892.9782,858.1447,873.7863,3360000
2024-06-21,873.4608,879.6839,867.6815,871.7053,3445900
2024-06-24,877.7213,891.134,870.7783,877.8495,2878200
2024-06-25,879.4867,896.8935,879.2204,892.1498,2830100
2024-06-26,891.5481,893.8657,885.473,888.8459,2232100
2024-06-27,891.0846,897.0414,887.327,896.5187,1948100
2024-06-28,898.7575,902.9292,892.9092,892.9092,3375400
2024-07-01,899.2111,904.2014,891.8538,901.7753,2546100
2024-07-02,890.276,899.438,866.3994,894.2209,4584600
2024-07-03,898.4518,905.8485,871.8237,885.7294,3078400
2024-07-05,886.055,903.8366,884.5461,901.9727,2880900
2024-07-08,905.2469,915.8193,899.4381,905.3554,2364600
2024-07-09,916.2531,922.1212,908.0971,919.6556,2416000
2024-07-10,923.6695,932.6639,920.1487,926.8353,2683300
2024-07-11,921.2237,929.8926,905.9668,921.273,2855100
2024-07-12,924.0936,937.6936,923.137,935.3366,2315100
2024-07-15,943.0293,952.7929,935.031,937.3683,2358700
2024-07-16,942.5854,943.2166,925.4546,928.6302,2111800
2024-07-17,897.4754,912.2589,890.2069,893.1163,4200600
2024-07-18,894.5364,897.3372,825.1356,837.2071,7649600
2024-07-19,855.7088,868.0859,841.2507,845.6591,3782200
2024-07-22,852.8881,862.3756,845.018,854.0419,2904500
2024-07-23,858.0165,875.4924,852.178,866.1923,2087700
2024-07-24,860.4821,866.2416,842.5032,848.0359,2726100
2024-07-25,835.3334,839.8898,795.2729,809.8789,5468000
2024-07-26,800.6871,810.6875,790.2627,793.537,4173900
2024-07-29,802.7977,813.4095,792.9256,796.6633,2473700
2024-07-30,803.9517,810.5791,765.1239,779.3256,3848600
2024-07-31,789.1484,799.9673,781.1797,793.192,2961700
2024-08-01,822.1377,829.3076,808.8828,820.9739,4060700
2024-08-02,805.4211,808.8926,776.1796,793.3793,3515900
2024-08-05,747.5592,782.0179,737.2531,764.5815,4661800
2024-08-06,778.2704,795.1644,774.1874,782.2547,3437600
2024-08-07,767.5795,775.7455,752.51,761.5044,4407700
2024-08-08,862.9476,865.6893,813.873,833.6666,9434900
2024-08-09,848.1542,895.9763,848.1542,879.3978,6587600
2024-08-12,891.7554,892.2584,870.8376,872.1985,4206100
2024-08-13,881.7648,902.0909,878.0665,895.5424,3506800
2024-08-14,897.4655,921.5097,891.341,918.8469,3562900
2024-08-15,924.3973,926.333,908.5956,920.0321,3080000
2024-08-16,916.8817,924.6936,907.9933,910.6894,2364900
2024-08-19,910.6893,914.5212,905.1389,910.3831,2374600
2024-08-20,920.5456,955.013,918.9754,938.1941,4961500
2024-08-21,943.7741,944.6432,927.528,940.1693,2617000
2024-08-22,940.1791,960.4744,936.3868,942.342,3183700
2024-08-23,943.5962,948.5935,931.4191,940.9297,2063300
2024-08-26,937.4337,943.1618,931.0834,938.7472,2166000
2024-08-27,940.6928,960.4251,938.1744,942.6482,2912900
2024-08-28,942.3223,946.4603,931.5672,937.1768,1701800
2024-08-29,943.1618,945.6505,924.3973,928.5452,1762800
2024-08-30,933.2858,949.0875,928.8515,948.1196,2555100
2024-09-03,945.8974,957.6301,939.7841,944.6728,2529400
2024-09-04,937.9768,942.1741,926.3824,934.5795,1891700
2024-09-05,929.4932,931.3104,894.937,901.4354,3201100
2024-09-06,906.3833,916.3976,881.9302,891.5199,3440000
2024-09-09,901.2577,904.0822,884.814,897.011,2405900
2024-09-10,902.7786,903.7662,883.9055,890.078,1930400
2024-09-11,890.9669,910.1165,886.0782,909.4745,2721100
2024-09-12,912.8521,925.9971,907.2425,923.4294,2510800
2024-09-13,925.3948,930.6685,910.6696,912.2596,2045400
2024-09-16,919.5877,921.0494,909.0204,912.0918,1760300
2024-09-17,910.077,910.077,891.115,894.9469,2248000
2024-09-18,895.0752,904.1513,892.2606,893.7518,1777000
2024-09-19,901.5343,905.4452,892.6557,903.6971,2446500
2024-09-20,910.5609,928.2094,901.8799,910.0671,9921800
2024-09-23,909.5831,910.5708,898.1763,907.1339,2292000
2024-09-24,910.6893,914.2051,897.9295,912.9706,2767400
2024-09-25,920.2394,927.6563,909.7708,913.0991,1805100
2024-09-26,908.8525,910.4227,894.0779,898.0481,2693000
2024-09-27,882.5426,890.0385,864.7558,866.9088,4377300
2024-09-30,853.8034,876.4293,848.1641,874.9578,3244600
2024-10-01,877.812,880.2218,867.9755,873.5159,2455200
2024-10-02,869.0914,882.2759,867.8076,880.0242,1751600
2024-10-03,878.5132,880.9428,869.9606,874.5727,1974700
2024-10-04,874.9282,877.9503,866.0201,876.1627,1970500
2024-10-07,879.4712,894.0581,878.5429,887.2634,2915700
2024-10-08,891.8064,910.5412,891.0459,902.3935,2200000
2024-10-09,904.9315,909.9288,900.6947,908.3387,1820100
2024-10-10,908.5957,910.5709,893.9298,899.4011,1682100
2024-10-11,904.6847,920.6839,899.8849,920.5061,2293900
2024-10-14,924.3973,925.3849,914.5212,917.9877,1550400
2024-10-15,912.9806,915.0349,896.5469,901.9985,2284200
2024-10-16,898.7492,906.4327,886.7103,905.0599,1645400
2024-10-17,909.5833,918.9754,904.6848,905.7514,2191200
2024-10-18,905.8106,909.5042,894.3939,906.5908,2286900
2024-10-21,906.6006,907.4697,893.347,894.8975,1592200
2024-10-22,890.5027,899.8257,889.0411,897.8801,1391800
2024-10-23,894.3938,896.695,880.676,892.0532,2646600
2024-10-24,887.1944,888.8436,877.2689,880.2712,1797100
2024-10-25,888.5768,889.7916,878.4243,881.634,2228300
2024-10-28,883.7771,887.0757,879.7378,884.4882,2084100
2024-10-29,887.0757,896.7246,887.0757,892.3792,3187500
2024-10-30,788.6017,849.8332,759.4674,836.3326,18257200
2024-10-31,826.1406,842.92,815.0103,819.4545,6582800
2024-11-01,817.7361,822.6741,806.6058,808.7785,5266300
2024-11-04,795.0212,810.0229,793.7176,796.1471,3918100
2024-11-05,793.8657,799.179,787.6043,796.0681,3733300
2024-11-06,807.1983,810.5561,758.0946,766.7559,8257900
2024-11-07,774.9235,792.6016,768.5436,787.5648,4557600
2024-11-08,793.5397,836.7671,791.3274,821.2321,7212900
2024-11-11,820.9951,833.5377,814.4078,822.121,3342800
2024-11-12,819.9088,823.6518,800.6702,808.7094,3378600
2024-11-13,810.1513,818.8323,801.2332,801.7468,3059300
2024-11-14,799.1592,799.1592,773.7975,776.4838,3998800
2024-11-15,766.8486,769.6086,736.1921,738.1706,7334600
2024-11-18,725.3006,726.1019,703.7451,719.3751,9148100
2024-11-19,708.6022,722.1449,704.7541,721.8778,5832500
2024-11-20,727.8725,749.2203,727.5461,745.3029,5158900
2024-11-21,738.0914,744.8973,727.091,741.8505,4143200
2024-11-22,748.9038,753.0883,737.0626,739.9611,4015500
2024-11-25,741.9297,746.8759,732.0472,746.8759,5690500
2024-11-26,776.7509,798.3163,765.622,780.8266,6622600
2024-11-27,779.6395,786.2774,771.9037,779.7088,2714700
2024-11-29,782.8149,791.7181,780.8364,786.7916,2206900
2024-12-02,789.522,796.6841,786.6631,791.1938,2895600
2024-12-03,794.2901,808.3373,792.9843,804.5782,2782100
2024-12-04,819.1893,837.3517,811.6711,820.9106,3871100
2024-12-05,818.8728,822.1867,808.6638,816.736,2423400
2024-12-06,818.7738,831.9505,816.8052,817.8143,3047100
2024-12-09,814.8366,814.8366,792.6579,794.9331,3176000
2024-12-10,800.5619,805.241,788.4239,790.9762,2695200
2024-12-11,786.6928,790.897,777.9083,787.4644,3510900
2024-12-12,788.1568,793.2119,770.0142,773.9316,2823800
2024-12-13,768.7678,785.7036,764.6723,780.6288,3059400
2024-12-16,783.4778,791.1741,766.908,770.6177,3426200
2024-12-17,769.4899,779.5208,764.1183,770.2417,3924800
2024-12-18,766.6606,770.6176,754.2951,756.4814,3354200
2024-12-19,756.8671,764.6524,744.3038,749.3885,4032600
2024-12-20,802.6195,802.6195,758.3609,759.4985,9942300
2024-12-23,776.7212,790.7585,764.7515,787.7117,3622300
2024-12-24,782.8545,789.1659,778.6304,787.1082,1165400
2024-12-26,785.5749,795.2596,782.9831,785.5947,1274200
2024-12-27,781.4994,784.7639,770.8353,774.7429,2096500
2024-12-30,769.5492,771.3695,762.7037,765.5132,1719100
2024-12-31,762.7038,765.5824,756.0758,763.693,2327000
2025-01-02,772.1906,778.5316,763.4655,769.6977,1938900
2025-01-03,769.7965,777.384,767.1849,773.5655,1799100
2025-01-06,775.2868,776.3255,755.136,756.8671,3991100
2025-01-07,756.6694,775.5243,753.4246,764.9691,3576100
2025-01-08,765.5032,784.0316,762.3772,778.7491,3478400
2025-01-10,783.4085,791.3916,776.4145,791.2927,3973100
2025-01-13,785.8519,796.6741,775.1779,788.8987,3683800
2025-01-14,775.7914,775.7914,721.1557,736.8945,10373000
2025-01-15,740.9403,746.4801,727.3581,738.7047,5736900
2025-01-16,739.4566,757.2728,738.3684,749.4479,3070300
2025-01-17,739.783,747.1529,717.2086,717.9109,5560100
2025-01-21,723.4013,735.282,718.7123,734.362,5122800
2025-01-22,737.5572,752.188,731.0974,745.8668,3737800
2025-01-23,739.6148,758.351,736.2415,758.351,3127200
2025-01-24,753.7511,780.7969,752.3068,776.9586,4170600
2025-01-27,770.3307,800.5421,770.3307,799.4737,3915200
2025-01-28,798.5537,807.3679,791.5004,796.3279,2808800
2025-01-29,798.3065,800.4135,790.4024,795.4278,1827600
2025-01-30,799.7112,815.7468,796.3379,814.3717,2643000
2025-01-31,814.1441,818.4473,802.303,802.3524,2561600
2025-02-03,795.6157,809.1584,793.1228,801.7094,2808800
2025-02-04,802.3228,820.1192,797.2678,817.1812,4299700
2025-02-05,826.1634,837.787,822.1174,833.1177,4578900
2025-02-06,830.4864,878.1875,826.6184,861.0044,7138500
2025-02-07,867.0982,879.7901,860.2625,868.859,4426100
2025-02-10,868.2852,870.5308,850.1228,859.5305,3065600
2025-02-11,857.7004,864.7834,851.2407,855.6923,1944200
2025-02-12,847.709,868.3347,846.8979,863.5764,2533400
2025-02-13,867.6323,873.9931,858.462,862.4783,2472900
2025-02-14,861.2298,865.59,833.8698,836.6247,3222300
2025-02-18,848.6647,854.9175,843.6505,849.4376,4289400
2025-02-19,849.4177,873.3491,849.4177,859.1984,3205500
2025-02-20,858.9903,872.3483,856.176,865.2134,2990300
2025-02-21,872.6456,886.3008,865.5207,865.7684,3940400
2025-02-24,871.3276,885.0224,862.1416,873.4185,3017100
2025-02-25,882.6739,903.7414,882.6739,893.6337,5111300
2025-02-26,890.2347,914.0769,888.4807,906.7241,3032800
2025-02-27,907.4277,917.1192,895.8733,896.9633,3085400
2025-02-28,893.6734,912.8778,884.5269,912.2932,4071100
2025-03-03,904.5341,927.1574,901.7594,921.3008,3979800
2025-03-04,913.8886,920.7459,894.6147,902.8099,3343500
2025-03-05,896.6065,922.0639,893.4752,921.3008,3109500
2025-03-06,912.0851,922.9458,890.1456,904.4944,3273100
2025-03-07,897.1912,899.7776,853.5897,861.7055,4818100
2025-03-10,846.1774,855.3734,818.3022,822.2461,5962900
2025-03-11,819.7093,824.8126,804.2902,816.5977,3796500
2025-03-12,807.5702,827.0918,805.8955,814.4176,3014800
2025-03-13,810.8304,813.6744,788.1774,794.3906,3566300
2025-03-14,795.8374,807.8279,792.7556,806.1135,3102300
2025-03-17,809.5521,821.493,807.1937,817.2914,2546600
2025-03-18,825.8729,828.717,805.2613,815.0618,2354900
2025-03-19,814.2789,834.5041,812.079,829.4305,3790500
2025-03-20,831.4321,846.653,824.9216,834.9401,4402700
2025-03-21,830.2133,842.7289,817.8463,829.9854,5963800
2025-03-24,837.6652,859.02,830.1736,857.0679,3102400
2025-03-25,861.6757,866.9971,840.2416,844.6315,2670600
2025-03-26,838.0318,843.7,818.9165,819.2733,2562100
2025-03-27,815.3689,819.2832,807.9071,814.2293,2128200
2025-03-28,812.5745,822.266,810.0278,815.0618,2124700
2025-03-31,801.6542,820.5119,782.2515,818.4308,3737000
2025-04-01,811.187,813.2284,789.7827,797.9381,2987700
2025-04-02,787.8405,812.4258,787.8405,810.8105,2683800
2025-04-03,803.1704,811.3754,779.9328,781.9444,2675100
2025-04-04,755.2087,761.3129,728.0469,731.5251,5299400
2025-04-07,691.6099,741.2264,670.9586,717.1762,6274400
2025-04-08,748.1432,756.5861,706.8209,719.6635,4115200
2025-04-09,698.0213,747.9946,682.7607,746.8848,6619000
2025-04-10,732.2089,735.2312,685.5056,714.3817,4182700
2025-04-11,716.3438,729.1766,705.5326,725.7776,3603400
2025-04-14,743.6543,752.6818,727.8686,747.519,3461200
2025-04-15,748.7279,758.3797,744.6848,750.3233,2458100
2025-04-16,748.7972,749.4512,723.7264,728.2451,3302600
2025-04-17,833.1861,850.2303,814.3978,832.3537,10853400
2025-04-21,833.8897,836.2679,799.6922,810.6124,3326600
2025-04-22,814.4374,824.4657,806.6287,820.0461,3086500
2025-04-23,829.3809,838.349,811.2268,821.9092,2714600
2025-04-24,828.4296,854.4419,821.7011,851.9447,2939500
2025-04-25,851.8752,877.5605,843.363,876.5299,3398900
2025-04-28,862.5577,874.2607,856.5823,869.3456,3457600
2025-04-29,869.7519,884.3881,866.1152,877.184,2454400
2025-04-30,880.1569,894.3274,874.132,890.8096,4374100
2025-05-01,836.3571,843.2243,784.8973,786.9089,12601100
2025-05-02,817.648,824.0,800.2768,816.1616,6059400
2025-05-05,809.6016,822.1272,804.6766,814.0212,2889600
2025-05-06,809.4927,811.0088,763.3741,768.1009,5982000
2025-05-07,773.4321,777.2374,765.2668,769.6863,3807800
2025-05-08,758.0725,763.0074,732.3872,744.6452,6162000
2025-05-09,745.2001,755.1095,726.3622,727.918,4072600
2025-05-12,721.2787,758.3995,715.6403,748.7279,9176100
2025-05-13,748.7081,752.6224,734.1412,739.3041,4523900
2025-05-14,742.4552,752.6223,707.5641,709.0802,7558500
2025-05-15,719.1284,731.9909,705.7606,726.6497,5212900
2025-05-16,734.802,753.5394,732.816,752.0698,4645100
2025-05-19,747.7107,753.3905,742.3089,749.8058,4062700
2025-05-20,750.6897,758.137,737.781,741.7628,3873500
2025-05-21,741.8025,745.2481,718.8846,719.8577,4060000
2025-05-22,712.0628,717.1171,706.5518,710.1762,4249900
2025-05-23,705.0128,714.5851,704.0198,708.6967,2635700
2025-05-27,711.9934,726.173,709.3123,720.1258,3792700
2025-05-28,720.1258,724.8623,709.7194,714.3368,2948800
2025-05-29,714.1779,722.221,711.9239,717.4944,2785500
2025-05-30,719.9074,740.6606,712.0728,732.4884,6106200
2025-06-02,727.3546,742.1202,725.5673,741.8719,2946900
2025-06-03,741.0081,751.6826,736.2518,745.5063,3056500
2025-06-04,751.0769,767.1929,750.6896,760.4605,3135900
2025-06-05,764.0948,764.5913,747.7603,760.3016,3636400
2025-06-06,763.0819,767.173,759.825,764.4721,2069900
2025-06-09,766.5276,773.816,762.1983,768.2753,2262200
2025-06-10,771.6314,802.9498,771.542,801.52,4744400
2025-06-11,803.9628,814.955,799.3752,802.9301,3125400
2025-06-12,804.638,812.8101,800.6859,806.326,2271100
2025-06-13,804.648,819.205,802.4237,813.6046,2754600
2025-06-16,815.9082,819.2049,800.1001,801.9073,2821800
2025-06-17,799.5042,799.5042,783.3982,785.682,2875600
2025-06-18,784.4011,785.0763,773.9649,779.5157,2442900
2025-06-20,780.4789,780.4789,750.2527,757.3723,6210600
2025-06-23,765.1175,787.6382,758.4646,765.2267,3951500
2025-06-24,767.4611,778.9299,757.6604,772.6146,2788500
2025-06-25,773.528,793.3379,768.1659,786.7346,3023100
2025-06-26,788.373,793.1889,782.7131,789.5348,3118200
2025-06-27,790.21,796.863,769.1987,770.003,4115100
2025-06-30,773.0713,779.4859,768.5632,774.0544,3041500
2025-07-01,774.0544,784.4508,767.5702,770.4499,2734000
2025-07-02,771.0457,774.3622,762.6054,773.8062,1978300
2025-07-03,774.9779,778.0461,767.5702,775.1863,1450800
2025-07-07,775.1963,775.663,756.6773,767.4412,2576900
2025-07-08,769.4072,787.1219,763.3997,772.1974,3301800
2025-07-09,778.2943,788.4227,776.497,781.3924,2703100
2025-07-10,784.123,793.8741,780.9058,785.0962,3130400
2025-07-11,780.8264,790.1405,771.7407,787.4396,2852500
2025-07-14,784.4508,795.2544,781.8293,793.7252,2401400
2025-07-15,796.0388,799.7625,759.0108,766.329,4174100
2025-07-16,768.0668,790.4484,766.7362,784.2523,3255400
2025-07-17,781.2633,784.4507,754.6814,756.1509,4107300
2025-07-18,758.4944,770.5094,755.158,766.2892,3357700
2025-07-21,762.7741,766.5773,755.158,756.8262,3058000
2025-07-22,757.9781,772.823,757.1439,770.986,2496600
2025-07-23,774.521,794.4699,771.6215,793.2783,2683600
2025-07-24,795.731,804.4493,792.0471,799.7724,2786400
2025-07-25,803.3174,809.4639,796.7339,806.9814,2976900
2025-07-28,806.9417,814.4585,796.863,802.4336,2587700
2025-07-29,769.0597,774.0146,749.8754,757.5908,7100700
2025-07-30,768.5632,772.6343,753.0827,754.741,4338700
2025-07-31,742.0507,761.0662,730.274,734.8715,5810300
2025-08-01,741.5741,762.6053,740.7499,756.9752,4859500
2025-08-04,754.6317,769.0398,747.2837,763.5983,3353400
2025-08-05,760.1924,764.5317,754.1849,760.5698,3615200
2025-08-06,751.2457,757.6404,734.9907,741.1273,4752100
2025-08-07,670.9139,673.5255,628.7522,636.3584,26101600
2025-08-08,650.3991,651.5708,619.3984,621.2552,14125100
2025-08-11,624.9987,649.843,621.5035,630.7579,11294200
2025-08-12,635.0079,641.641,624.9789,634.9384,6897400
2025-08-13,645.8314,657.1017,639.9729,655.8505,6310000
2025-08-14,657.3499,680.6649,650.4983,679.6223,8395900
2025-08-15,690.8378,703.3667,682.4784,697.8337,8224600
2025-08-18,691.6538,704.3221,690.1411,694.6691,4997300
2025-08-19,703.1877,710.8106,695.1667,699.8042,5941000
2025-08-20,698.1223,702.3816,681.8316,702.0233,4139400
2025-08-21,701.7845,714.9205,701.7845,706.3821,3617300
2025-08-22,711.5767,715.9754,705.9939,708.233,3222700
2025-08-25,707.5564,710.0443,690.8676,691.9623,2898100
2025-08-26,712.771,732.6144,709.6462,732.4652,7695600
2025-08-27,733.3907,742.974,728.0068,730.6141,4326200
2025-08-28,732.2363,735.0128,722.8221,728.4149,3117000
2025-08-29,728.7732,733.8484,724.9717,729.0319,2551200
2025-09-02,724.464,733.5697,720.1351,731.6292,3222500
2025-09-03,728.4746,734.2564,725.4891,734.2564,2222500
2025-09-04,732.7538,743.382,731.7686,739.3118,2423400
2025-09-05,741.0931,741.0931,719.0703,723.6879,3958200
2025-09-08,726.1758,739.1028,715.7365,735.0625,4534600
2025-09-09,730.6241,749.1938,730.3156,746.9745,2986900
2025-09-10,744.4667,752.1394,738.8938,750.9651,2477400
2025-09-11,748.8355,757.4436,746.7357,752.6171,2197500
2025-09-12,756.4882,757.9113,744.3772,751.7314,2198300
2025-09-15,749.4227,752.6768,738.5157,744.5663,2790900
2025-09-16,741.7997,766.6488,740.9339,761.0063,3881300
2025-09-17,757.8018,773.1969,752.6768,756.4484,3471200
2025-09-18,757.6924,768.7983,755.3339,759.2349,3464000
2025-09-19,761.2949,761.2949,745.5714,748.3479,7349500
2025-09-22,744.9345,758.3492,742.6556,751.2936,2527400
2025-09-23,746.9348,749.353,739.5706,743.3621,2910100
2025-09-24,742.3769,743.3223,732.5945,738.257,2243000
2025-09-25,734.0973,736.416,708.6014,711.1291,5136400
2025-09-26,720.6128,725.4692,713.6069,721.0308,3559700
2025-09-29,722.0359,724.3347,712.6118,722.9913,3309200
2025-09-30,723.4391,762.6383,721.797,759.3045,6234300
2025-10-01,759.6031,829.264,759.6031,821.4222,10124500
2025-10-02,810.4158,830.4184,808.8733,815.8792,4291800
2025-10-03,820.9446,844.0223,812.1474,835.8022,5088500
2025-10-06,835.8818,852.4213,834.598,840.9571,3651400
2025-10-07,840.9074,844.4302,832.5282,839.544,2610800
2025-10-08,845.8831,851.8541,840.8974,841.6238,2180900
2025-10-09,847.565,856.0835,841.604,851.2072,3071700
2025-10-10,853.8444,860.1636,826.0895,829.4531,3431000
2025-10-13,828.6471,831.2743,813.3913,815.4315,2167500
2025-10-14,818.1084,818.1084,802.0963,808.4155,1928400
2025-10-15,808.5648,826.1692,804.6639,822.5667,2355800
2025-10-16,821.0739,830.6572,811.4209,815.4114,2272900
2025-10-17,785.1388,800.5438,780.0535,798.9417,3983000
2025-10-20,801.6982,805.4898,795.8965,805.042,2279700
2025-10-21,803.0217,809.0524,794.8416,795.6974,2099500
2025-10-22,794.5331,811.9881,789.9753,808.4951,2930600
2025-10-23,802.4944,820.7057,802.1162,817.0634,2632900
2025-10-24,811.2616,830.1099,808.5647,821.452,2211200
2025-10-27,821.0042,822.4173,807.5497,822.4073,2114800
2025-10-28,821.9994,825.4426,810.1072,816.1279,2493500
2025-10-29,823.3031,826.2686,805.7087,809.5898,3591200
2025-10-30,833.4437,848.8686,808.316,840.4098,6037200
2025-10-31,835.0956,865.6967,830.1497,858.6808,5015000
2025-11-03,862.3332,896.9746,858.4421,892.1879,5401500
2025-11-04,887.0926,910.7873,879.3603,902.4678,5911500
2025-11-05,906.5877,950.8324,903.4629,921.326,7272900
2025-11-06,923.5054,945.2993,911.8222,932.8997,6417400
2025-11-07,926.6601,927.4861,896.5367,919.893,4373400
2025-11-10,935.1885,977.2339,933.8649,961.9583,5696600
2025-11-11,961.8687,995.1069,960.6148,983.8318,4166400
2025-11-12,988.31,1017.4681,985.3046,1012.8506,5185200
2025-11-13,1005.1978,1027.947,1005.1978,1017.9159,4153600
2025-11-14,1005.5877,1030.1244,1004.3818,1021.8127,3862300
2025-11-17,1000.3256,1028.6495,994.9239,1018.2448,4720000
2025-11-18,1010.5807,1037.2004,1010.5807,1026.5665,3430500
2025-11-19,1026.158,1052.0201,1022.7794,1046.0504,3571200
2025-11-20,1041.9642,1053.4253,1034.7387,1039.7617,3135700
2025-11-21,1037.4795,1063.0428,1034.4896,1056.1162,4266700
2025-11-24,1053.1962,1072.082,1045.8311,1066.5409,5497200
2025-11-25,1072.1916,1107.3524,1069.6204,1106.1863,4181500
2025-11-26,1098.2732,1108.2294,1094.3863,1100.6052,3093700
2025-11-28,1093.011,1095.3332,1064.0792,1071.8329,2732200
2025-12-01,1070.7466,1080.4836,1051.4321,1054.3124,3070200
2025-12-02,1049.0104,1064.5677,1036.8417,1042.5823,3280000
2025-12-03,1042.8513,1047.924,1018.8627,1030.0647,3447000
2025-12-04,1029.1378,1029.1378,1003.7739,1011.0591,3854900
2025-12-05,1020.3776,1023.9156,1000.6047,1006.8933,2502100
2025-12-08,1007.3218,1010.7701,985.5357,994.2163,3088600
2025-12-09,999.4486,1008.5776,975.8686,978.8983,2569700
2025-12-10,981.6689,999.608,973.8155,990.2797,2966300
2025-12-11,1004.7406,1028.0715,983.6621,1005.9664,4517000
2025-12-12,1005.3486,1025.4205,1000.1063,1024.0352,3275200
2025-12-15,1029.0581,1061.3983,1029.0581,1058.5978,4648400
2025-12-16,1059.9034,1064.6374,1032.7256,1050.7246,4024500
2025-12-17,1060.7007,1060.7007,1032.905,1038.2668,3726600
2025-12-18,1038.2768,1075.6101,1036.0245,1053.3058,3848600
2025-12-19,1055.4286,1071.7433,1055.4286,1067.8165,5829100
2025-12-22,1073.0787,1079.8158,1059.4051,1072.8395,2625600
2025-12-23,1059.9034,1084.7989,1059.9034,1068.0159,2108600
2025-12-24,1071.0057,1082.0582,1069.0822,1073.3378,932800
2025-12-26,1073.3378,1077.7329,1064.6872,1074.1052,1014600
2025-12-29,1074.3044,1081.8289,1070.7465,1075.0818,1653000
2025-12-30,1075.3111,1078.7096,1068.4444,1076.0985,1251500
2025-12-31,1076.1084,1079.8358,1070.7965,1071.0457,1646700
2026-01-02,1072.7597,1077.0053,1048.5219,1076.7063,2469100
2026-01-05,1065.6139,1081.7093,1029.8852,1037.9877,4084800
2026-01-06,1040.579,1067.2086,1036.4132,1060.4417,2690700
2026-01-07,1073.3578,1113.8804,1072.3213,1104.3427,4652800
2026-01-08,1109.9236,1130.1151,1066.531,1081.52,3156000
2026-01-09,1083.1546,1100.7848,1059.4351,1059.9634,2561900
2026-01-12,1054.4219,1079.6961,1054.4219,1077.3441,2380200
2026-01-13,1079.3374,1086.533,1065.4744,1073.547,2194200
2026-01-14,1078.0918,1080.3341,1057.5315,1069.6604,1912600
2026-01-15,1058.9666,1064.0393,1009.1456,1029.4766,4183400
2026-01-16,1020.9656,1046.3892,1014.5573,1034.8883,3829000
2026-01-20,1024.673,1042.3131,1012.5242,1037.7686,2484900
2026-01-21,1040.3297,1077.673,1038.496,1074.8726,3685900
2026-01-22,1074.8726,1091.7752,1068.1155,1083.7026,2478200
2026-01-23,1080.065,1080.653,1059.4251,1060.6908,2592900
2026-01-26,1058.6178,1063.4713,1039.7917,1059.156,2244900
2026-01-27,1060.5114,1069.7601,1031.3106,1035.9946,2587900
2026-01-28,1025.6297,1026.2077,1000.7442,1020.3376,3300200
2026-01-29,1021.8924,1036.4829,1014.5573,1020.6765,2293000
2026-01-30,1029.8056,1045.0239,1016.5506,1033.6426,3303100
2026-02-02,1034.0611,1053.8341,1034.0611,1040.599,2757100
2026-02-03,1037.2303,1045.2532,990.2199,1000.0665,5483900
2026-02-04,1071.4841,1110.2326,1061.3983,1103.3759,7119400
2026-02-05,1061.8966,1071.3645,1002.4284,1017.3877,7742400
2026-02-06,1052.4288,1056.4352,1029.7756,1054.6014,4887100
2026-02-09,1073.4474,1103.1964,1039.393,1041.1371,3423800
2026-02-10,1047.1069,1052.08,1020.4174,1021.5336,3539400
2026-02-11,1023.0285,1026.6163,1009.1955,1011.7767,2599900
2026-02-12,1021.4041,1056.2558,1008.5776,1034.7588,3592200
2026-02-13,1038.1928,1062.5109,1031.9136,1038.2128,2698700
2026-02-17,1043.8132,1065.1664,1033.1016,1034.2697,2984600
2026-02-18,1030.5859,1035.7571,1009.5721,1018.8062,3236900
2026-02-19,1009.083,1023.4682,1005.2695,1021.4616,2145800
2026-02-20,1022.1005,1026.8823,1000.7374,1007.7852,3249400
2026-02-23,1045.2208,1062.6207,1032.2231,1056.741,4767600
2026-02-24,1041.1577,1057.0803,1022.3201,1040.3591,2803100
2026-02-25,1034.7987,1051.8194,1025.2352,1027.062,2481900
2026-02-26,1022.3201,1025.1553,1005.6489,1020.2637,2666400
2026-02-27,1017.4185,1051.1904,1015.6116,1050.1821,4325900
2026-03-02,1042.8249,1054.3849,1011.2592,1016.2206,3094300
2026-03-03,1013.2558,1018.2572,993.36,1005.9982,2846000
2026-03-04,1009.8915,1013.9146,991.9524,1001.8454,1965500
2026-03-05,988.2987,991.8526,963.9406,981.5703,3769900
2026-03-06,973.3245,989.5166,964.4298,988.6282,2627800
2026-03-09,985.1941,1007.1962,978.895,1006.6572,2802200
2026-03-10,1004.2712,1010.2609,992.2919,999.6292,1663700
2026-03-11,998.3115,1001.2065,988.5982,998.1218,1446900
2026-03-12,991.7428,992.791,971.4876,975.5706,2340100
2026-03-13,978.4457,1001.496,976.3194,983.3872,1984400
2026-03-16,990.2753,996.4547,973.8336,987.4202,2289900
2026-03-17,977.2378,979.4839,923.66,928.7512,5637500
2026-03-18,923.4104,927.4035,903.5546,916.4724,3443800
2026-03-19,912.4294,922.9413,909.2947,915.9233,2379000
2026-03-20,908.9853,923.7898,897.7446,905.1419,4818800
2026-03-23,911.9202,925.1874,905.6709,908.9852,2817500
2026-03-24,905.4413,907.1085,894.0709,901.4682,2572700
2026-03-25,910.9219,920.5653,907.5278,914.7354,2177700
2026-03-26,910.8121,914.7753,894.7498,895.4586,2163200
2026-03-27,894.4603,899.282,875.6027,876.7308,2740800
2026-03-30,886.9532,895.8878,881.5924,885.1064,3070200
2026-03-31,891.9546,922.5519,890.6069,918.1895,3464200
2026-04-01,925.2872,975.0016,924.3987,952.8797,6267900
2026-04-02,943.376,956.0442,928.4218,933.9722,2727100
2026-04-06,930.4383,934.3915,918.1994,925.4669,1821100
2026-04-07,922.9113,931.0572,896.9061,929.49,2726900
2026-04-08,939.9021,959.4884,931.5265,951.6618,2568000
2026-04-09,946.84,962.1038,937.6758,953.5485,1672100
2026-04-10,962.0339,962.2835,933.9323,937.8555,1958900
2026-04-13,938.3547,944.2745,925.5767,927.9526,2089600
2026-04-14,923.4104,938.3148,913.4675,920.9147,2360200
2026-04-15,921.913,928.4019,886.504,903.4748,4233400
2026-04-16,910.1033,918.419,896.6066,902.4365,2836600
2026-04-17,916.2228,928.3918,916.2228,925.437,3266100
2026-04-20,925.3072,928.0425,910.9319,918.3192,1926300
2026-04-21,908.6359,911.4809,879.5958,901.4682,4062800
2026-04-22,904.8424,920.9546,900.6795,919.8964,2623800
2026-04-23,927.8927,928.4018,910.3229,916.0731,2149200
2026-04-24,898.4634,898.8727,870.232,882.441,4463700
2026-04-27,876.621,889.6685,866.5483,866.778,2700300
2026-04-28,870.4017,876.6409,861.8663,872.498,2561300
2026-04-29,864.5517,867.5266,849.0484,849.7473,3904600
2026-04-30,897.2355,943.8752,895.2589,932.9939,8236700
2026-05-01,947.3193,982.7583,942.1781,961.6746,4352400
2026-05-04,958.3503,972.5458,950.1245,966.2667,3696900
2026-05-05,970.2199,991.0939,962.7527,987.1707,2955500
2026-05-06,989.6464,994.7775,981.8099,985.3538,3921200
2026-05-07,983.6767,987.3005,965.4381,973.2846,3494900
2026-05-08,972.3961,978.3159,945.8817,946.8201,3559200
2026-05-11,947.3692,993.2901,941.639,965.3282,3517500
2026-05-12,972.7655,995.8058,969.5111,988.1689,3037500
2026-05-13,993.0405,1021.0623,990.2953,1014.0045,3486400
2026-05-14,1015.7415,1016.4203,994.2984,1004.97,1751700
2026-05-15,1006.98,1014.38,997.41,1004.92,2820700
2026-05-18,1000.61,1003.0,978.87,988.09,2016000
2026-05-19,989.51,1021.8,984.6,1021.41,3796000
2026-05-20,1024.99,1037.88,1003.69,1018.87,2998800
2026-05-21,1024.3,1047.3,1022.0,1041.65,2705200
2026-05-22,1049.8101,1070.34,1047.0699,1065.0,3470600
2026-05-26,1075.0,1082.0,1060.36,1064.74,2981000
2026-05-27,1072.26,1093.0,1069.9,1082.92,2583000
2026-05-28,1096.64,1149.1,1092.01,1126.8,4600700
2026-05-29,1127.0,1132.66,1089.01,1105.0,4600800
2026-06-01,1095.0,1106.17,1071.6,1082.2,2693400
2026-06-02,1067.37,1078.22,1052.15,1064.15,2408500
2026-06-03,1059.5,1093.28,1053.51,1078.78,2655600
2026-06-04,1108.6,1140.46,1101.62,1125.27,4046700
2026-06-05,1142.97,1166.29,1131.03,1131.42,4126200
2026-06-08,1159.0,1182.73,1143.6,1149.15,4504400
2026-06-09,1165.0,1174.6,1137.75,1144.6801,3822000
2026-06-10,1152.5,1166.42,1133.53,1136.37,2700600
2026-06-11,1139.71,1170.12,1125.64,1160.95,2764900
2026-06-12,1165.0,1169.99,1132.8101,1133.0,2438400
2026-06-15,1134.0,1137.49,1112.01,1129.35,3167200
2026-06-16,1138.8199,1146.6899,1115.5,1122.5,2260700
2026-06-17,1116.7,1121.49,1104.9,1112.0,2383300
2026-06-18,1120.49,1122.33,1088.66,1098.5699,4470500
2026-06-22,1112.24,1119.45,1093.15,1102.08,3015000
2026-06-23,1117.0,1122.02,1079.22,1107.08,3316300
2026-06-24,1129.41,1135.14,1100.98,1117.26,2908200
2026-06-25,1126.99,1145.4301,1114.0,1127.6899,2757200
2026-06-26,1128.8,1215.76,1128.0,1208.12,7725800
2026-06-29,1222.78,1238.0,1203.14,1229.9301,3684700
2026-06-30,1228.88,1230.05,1190.2,1199.4301,3723600
2026-07-01,1217.51,1217.51,1173.9301,1191.74,2720400
2026-07-02,1193.01,1232.0,1180.3,1213.91,3296100
2026-07-06,1208.0,1213.79,1183.34,1200.0601,2348800
2026-07-07,1232.88,1249.45,1222.77,1235.5601,2933800
2026-07-08,1221.1,1241.89,1204.16,1215.83,2607400
2026-07-09,1211.64,1229.86,1210.11,1220.37,178957
