Date,Open,High,Low,Close,Volume
2005-01-03,0.1863,0.1889,0.1794,0.1801,1066716000
2005-01-04,0.1814,0.1818,0.1689,0.1717,790224000
2005-01-05,0.1698,0.1753,0.1689,0.1733,724812000
2005-01-06,0.1763,0.1784,0.1704,0.1716,563568000
2005-01-07,0.172,0.1733,0.1658,0.1683,763092000
2005-01-10,0.1688,0.1704,0.1677,0.1687,579552000
2005-01-11,0.1671,0.168,0.161,0.1635,1093380000
2005-01-12,0.1649,0.1656,0.1581,0.1621,1057800000
2005-01-13,0.1625,0.1681,0.1589,0.1638,898764000
2005-01-14,0.1669,0.1672,0.1627,0.1643,573912000
2005-01-18,0.1625,0.1673,0.1621,0.1669,464556000
2005-01-19,0.1677,0.1681,0.1624,0.1631,336492000
2005-01-20,0.1598,0.1675,0.1598,0.1635,640080000
2005-01-21,0.1637,0.167,0.1632,0.1638,596352000
2005-01-24,0.1629,0.1653,0.1563,0.1572,463704000
2005-01-25,0.1579,0.1622,0.157,0.16,439704000
2005-01-26,0.1605,0.1643,0.1578,0.162,429120000
2005-01-27,0.1623,0.1758,0.1614,0.175,1002912000
2005-01-28,0.1757,0.1764,0.171,0.1748,671052000
2005-01-31,0.1763,0.1784,0.1727,0.1751,562968000
2005-02-01,0.175,0.1792,0.1739,0.1784,507180000
2005-02-02,0.1854,0.1898,0.1801,0.1883,2035404000
2005-02-03,0.1863,0.1876,0.1837,0.1863,690120000
2005-02-04,0.1864,0.1976,0.1863,0.197,806448000
2005-02-07,0.1973,0.2009,0.1929,0.1947,521628000
2005-02-08,0.1934,0.1997,0.1928,0.1966,455772000
2005-02-09,0.1971,0.1977,0.1887,0.1897,783756000
2005-02-10,0.1907,0.1951,0.19,0.1941,602376000
2005-02-11,0.1929,0.2012,0.1922,0.1998,556512000
2005-02-14,0.1997,0.2005,0.1948,0.1956,432900000
2005-02-15,0.1969,0.2036,0.1966,0.1973,748500000
2005-02-16,0.1967,0.1996,0.1931,0.1967,466464000
2005-02-17,0.1993,0.1994,0.1934,0.1949,1017408000
2005-02-18,0.2099,0.2162,0.2041,0.216,3132120000
2005-02-22,0.2145,0.2238,0.2126,0.2187,1420800000
2005-02-23,0.2152,0.2179,0.2081,0.2116,1107840000
2005-02-24,0.2087,0.2175,0.2087,0.2172,695496000
2005-02-25,0.2175,0.2215,0.2151,0.2203,525132000
2005-02-28,0.2193,0.2216,0.2174,0.2215,758064000
2005-03-01,0.2225,0.2261,0.2187,0.2209,737148000
2005-03-02,0.2185,0.2197,0.2132,0.2145,947460000
2005-03-03,0.2139,0.2153,0.2084,0.2115,761292000
2005-03-04,0.2122,0.214,0.2089,0.2106,593124000
2005-03-07,0.2115,0.2172,0.2101,0.2128,511176000
2005-03-08,0.2122,0.2127,0.2006,0.202,1332384000
2005-03-09,0.2007,0.2044,0.1961,0.1967,910140000
2005-03-10,0.1973,0.1991,0.1935,0.1967,689280000
2005-03-11,0.1984,0.1987,0.1905,0.1922,732180000
2005-03-14,0.1962,0.1985,0.1948,0.1976,572148000
2005-03-15,0.1986,0.2005,0.1935,0.1937,378108000
2005-03-16,0.1929,0.196,0.1903,0.1904,535356000
2005-03-17,0.191,0.1917,0.188,0.1885,442584000
2005-03-18,0.1886,0.1892,0.1812,0.1847,639012000
2005-03-21,0.1846,0.1915,0.1834,0.191,654456000
2005-03-22,0.1911,0.1929,0.1869,0.1876,622992000
2005-03-23,0.1873,0.1929,0.1869,0.1916,728784000
2005-03-24,0.1921,0.1973,0.1918,0.192,865356000
2005-03-28,0.1921,0.1948,0.188,0.1899,511188000
2005-03-29,0.1896,0.1918,0.1848,0.1856,587400000
2005-03-30,0.1857,0.1883,0.1793,0.1856,858708000
2005-03-31,0.1846,0.1859,0.1807,0.1815,518316000
2005-04-01,0.1837,0.1848,0.1787,0.1798,510756000
2005-04-04,0.1788,0.1793,0.1747,0.1787,421428000
2005-04-05,0.1788,0.1825,0.1745,0.1756,430128000
2005-04-06,0.1788,0.1818,0.1776,0.1782,567468000
2005-04-07,0.1792,0.1834,0.1761,0.1815,506352000
2005-04-08,0.1823,0.1863,0.1788,0.1792,621540000
2005-04-11,0.1805,0.1811,0.1751,0.1756,328380000
2005-04-12,0.1751,0.1781,0.1712,0.1778,512232000
2005-04-13,0.178,0.1785,0.1692,0.1704,498408000
2005-04-14,0.1708,0.1724,0.1684,0.169,352080000
2005-04-15,0.1669,0.1681,0.1616,0.1631,630156000
2005-04-18,0.1621,0.1656,0.1612,0.162,473100000
2005-04-19,0.1646,0.1688,0.1639,0.1676,365460000
2005-04-20,0.1704,0.1715,0.1623,0.1625,564672000
2005-04-21,0.1658,0.1721,0.1643,0.1715,538152000
2005-04-22,0.1704,0.1716,0.1679,0.1699,336276000
2005-04-25,0.1714,0.1739,0.1705,0.1726,318168000
2005-04-26,0.1727,0.1763,0.1683,0.1718,353148000
2005-04-27,0.1673,0.1679,0.1618,0.1653,609348000
2005-04-28,0.1647,0.168,0.1631,0.1658,372948000
2005-04-29,0.1674,0.1687,0.1598,0.1675,478356000
2005-05-02,0.1695,0.1714,0.1644,0.1669,334908000
2005-05-03,0.1671,0.1701,0.1653,0.166,439512000
2005-05-04,0.1668,0.1725,0.1662,0.1713,468816000
2005-05-05,0.1723,0.1768,0.1714,0.1746,619272000
2005-05-06,0.1767,0.1771,0.1727,0.177,355728000
2005-05-09,0.1778,0.1815,0.1767,0.1803,745332000
2005-05-10,0.178,0.1781,0.1713,0.1733,735120000
2005-05-11,0.1742,0.175,0.1701,0.1704,555420000
2005-05-12,0.1704,0.1764,0.1702,0.1741,835584000
2005-05-13,0.1899,0.1946,0.1818,0.1935,2650320000
2005-05-16,0.1912,0.1955,0.1911,0.1942,664104000
2005-05-17,0.1931,0.1973,0.1929,0.1963,639804000
2005-05-18,0.1959,0.1983,0.1938,0.1978,550056000
2005-05-19,0.1983,0.1991,0.1952,0.1974,452880000
2005-05-20,0.1972,0.201,0.1949,0.2009,517008000
2005-05-23,0.2023,0.2077,0.2017,0.2056,703668000
2005-05-24,0.2046,0.2093,0.2036,0.2085,522192000
2005-05-25,0.208,0.2091,0.2038,0.2058,535272000
2005-05-26,0.2077,0.2132,0.2073,0.2116,788784000
2005-05-27,0.2122,0.2122,0.208,0.2102,322740000
2005-05-31,0.2093,0.2111,0.2036,0.207,763176000
2005-06-01,0.2057,0.2128,0.2032,0.209,796632000
2005-06-02,0.2082,0.2167,0.2082,0.2167,684348000
2005-06-03,0.216,0.218,0.2139,0.2162,559620000
2005-06-06,0.2123,0.2165,0.2122,0.2141,512892000
2005-06-07,0.2127,0.2162,0.2082,0.209,974136000
2005-06-08,0.2095,0.2124,0.2053,0.2075,618720000
2005-06-09,0.2059,0.2163,0.2057,0.2162,619908000
2005-06-10,0.216,0.2162,0.2123,0.2138,465096000
2005-06-13,0.2139,0.2245,0.2133,0.2185,1409916000
2005-06-14,0.2186,0.2222,0.1987,0.2056,2408412000
2005-06-15,0.2043,0.2059,0.1969,0.205,1669788000
2005-06-16,0.2049,0.2074,0.2019,0.206,489240000
2005-06-17,0.2086,0.209,0.2051,0.2056,456348000
2005-06-20,0.2056,0.2101,0.2022,0.2087,606060000
2005-06-21,0.2101,0.2117,0.2081,0.2107,428172000
2005-06-22,0.2129,0.2144,0.2079,0.2105,700668000
2005-06-23,0.2101,0.2164,0.2093,0.2138,836976000
2005-06-24,0.2134,0.2135,0.2058,0.207,475632000
2005-06-27,0.2057,0.2073,0.2035,0.2053,354588000
2005-06-28,0.2061,0.208,0.2038,0.2066,262308000
2005-06-29,0.2067,0.207,0.203,0.2047,283572000
2005-06-30,0.206,0.208,0.2025,0.2041,593232000
2005-07-01,0.2035,0.2054,0.2009,0.2051,315168000
2005-07-05,0.2058,0.2091,0.2038,0.2083,388440000
2005-07-06,0.209,0.2148,0.2066,0.2138,703632000
2005-07-07,0.2105,0.2139,0.2098,0.2123,465900000
2005-07-08,0.2136,0.2157,0.2109,0.215,408132000
2005-07-11,0.2169,0.2204,0.216,0.2182,399492000
2005-07-12,0.218,0.2187,0.2125,0.217,564252000
2005-07-13,0.2179,0.2185,0.2136,0.2173,594780000
2005-07-14,0.2196,0.2238,0.2073,0.2077,1871496000
2005-07-15,0.207,0.2077,0.2018,0.2054,1223352000
2005-07-18,0.2048,0.2049,0.1983,0.2003,1044900000
2005-07-19,0.2015,0.2035,0.2,0.2031,517896000
2005-07-20,0.2007,0.207,0.1979,0.2061,526500000
2005-07-21,0.2035,0.2044,0.1984,0.2026,594528000
2005-07-22,0.2036,0.2065,0.1959,0.1973,699264000
2005-07-25,0.195,0.2046,0.1942,0.1985,974952000
2005-07-26,0.1976,0.2029,0.1969,0.2026,759492000
2005-07-27,0.2029,0.2077,0.1995,0.2067,807828000
2005-07-28,0.2064,0.2093,0.2035,0.2083,411240000
2005-07-29,0.2075,0.2097,0.2051,0.2067,351660000
2005-08-01,0.208,0.2108,0.2066,0.2099,389040000
2005-08-02,0.2101,0.2134,0.2098,0.2127,422652000
2005-08-03,0.2127,0.2147,0.2108,0.2127,518256000
2005-08-04,0.2111,0.212,0.21,0.2105,356424000
2005-08-05,0.2102,0.2163,0.2087,0.2158,684096000
2005-08-08,0.2173,0.2213,0.2151,0.2166,725544000
2005-08-09,0.2169,0.2174,0.2137,0.2161,291900000
2005-08-10,0.217,0.218,0.2106,0.2128,440556000
2005-08-11,0.2128,0.2162,0.2108,0.2158,701556000
2005-08-12,0.2285,0.2308,0.2207,0.2288,2295420000
2005-08-15,0.2296,0.237,0.2267,0.2346,882804000
2005-08-16,0.2324,0.2345,0.229,0.2306,637488000
2005-08-17,0.2297,0.2335,0.2295,0.2306,607572000
2005-08-18,0.2289,0.23,0.2237,0.2247,822732000
2005-08-19,0.2251,0.2258,0.2224,0.2231,422232000
2005-08-22,0.2227,0.2263,0.2187,0.2213,547224000
2005-08-23,0.221,0.2238,0.2203,0.2227,254460000
2005-08-24,0.2213,0.2276,0.2202,0.2229,514620000
2005-08-25,0.2238,0.2256,0.2219,0.2244,296484000
2005-08-26,0.2246,0.2246,0.2188,0.2209,323436000
2005-08-29,0.2189,0.2216,0.2171,0.2213,343392000
2005-08-30,0.2209,0.2298,0.2206,0.2293,948852000
2005-08-31,0.2287,0.2373,0.2281,0.2344,906804000
2005-09-01,0.2337,0.2366,0.2325,0.2345,556884000
2005-09-02,0.2349,0.2349,0.2299,0.2306,469800000
2005-09-06,0.2315,0.2338,0.228,0.2326,423096000
2005-09-07,0.2323,0.2406,0.2316,0.24,588012000
2005-09-08,0.2385,0.2458,0.2385,0.2428,646116000
2005-09-09,0.2454,0.2465,0.2414,0.2459,454236000
2005-09-12,0.2462,0.2469,0.2422,0.2451,556584000
2005-09-13,0.2439,0.2537,0.2439,0.2525,854724000
2005-09-14,0.2506,0.2539,0.2483,0.2494,503448000
2005-09-15,0.2533,0.2567,0.2517,0.2539,759756000
2005-09-16,0.256,0.2574,0.252,0.254,519828000
2005-09-19,0.2537,0.2546,0.2491,0.2504,428316000
2005-09-20,0.2523,0.2582,0.252,0.2553,522192000
2005-09-21,0.2543,0.2594,0.2509,0.2531,625656000
2005-09-22,0.2537,0.2537,0.2418,0.2463,739152000
2005-09-23,0.2458,0.252,0.2437,0.2499,314640000
2005-09-26,0.2518,0.2537,0.2473,0.252,406776000
2005-09-27,0.253,0.2552,0.2509,0.2528,404160000
2005-09-28,0.2536,0.255,0.2507,0.2543,353556000
2005-09-29,0.2544,0.2598,0.2523,0.2596,513372000
2005-09-30,0.2598,0.2643,0.2592,0.2619,458832000
2005-10-03,0.265,0.271,0.2628,0.2691,549888000
2005-10-04,0.2702,0.2747,0.265,0.2656,514476000
2005-10-05,0.2659,0.2659,0.2552,0.2568,599184000
2005-10-06,0.2565,0.2604,0.2481,0.2559,685512000
2005-10-07,0.2563,0.2589,0.2506,0.2526,551952000
2005-10-10,0.2539,0.2543,0.2461,0.2462,459216000
2005-10-11,0.2471,0.2492,0.2403,0.2431,540048000
2005-10-12,0.2424,0.2497,0.2421,0.246,657660000
2005-10-13,0.2455,0.2459,0.2353,0.2447,509304000
2005-10-14,0.2465,0.2495,0.2407,0.2447,311256000
2005-10-17,0.2449,0.2495,0.2449,0.2471,243912000
2005-10-18,0.248,0.2484,0.2414,0.243,299832000
2005-10-19,0.2399,0.2413,0.2331,0.241,635952000
2005-10-20,0.2413,0.2477,0.2403,0.2426,359520000
2005-10-21,0.2468,0.2475,0.2423,0.244,298368000
2005-10-24,0.2462,0.2507,0.2439,0.2507,291012000
2005-10-25,0.249,0.253,0.2479,0.2523,334680000
2005-10-26,0.2523,0.2529,0.245,0.2454,415344000
2005-10-27,0.2459,0.2466,0.2395,0.2403,227784000
2005-10-28,0.2409,0.2481,0.2349,0.2477,464640000
2005-10-31,0.2487,0.2581,0.2487,0.2563,432420000
2005-11-01,0.2563,0.2582,0.2512,0.2532,400488000
2005-11-02,0.2533,0.2682,0.2521,0.2679,523668000
2005-11-03,0.2697,0.2712,0.2626,0.2647,465072000
2005-11-04,0.2649,0.2655,0.2575,0.2602,570276000
2005-11-07,0.2616,0.2625,0.258,0.2591,370824000
2005-11-08,0.2601,0.2603,0.2531,0.2543,538968000
2005-11-09,0.2548,0.2674,0.2519,0.2657,818880000
2005-11-10,0.275,0.2809,0.2509,0.2559,2503620000
2005-11-11,0.2581,0.2631,0.2569,0.2601,545928000
2005-11-14,0.2601,0.2674,0.2562,0.2656,493668000
2005-11-15,0.2672,0.2697,0.2653,0.2662,496200000
2005-11-16,0.2665,0.2679,0.2601,0.2653,455280000
2005-11-17,0.2675,0.2773,0.2643,0.277,703260000
2005-11-18,0.2779,0.2802,0.2711,0.2765,465768000
2005-11-21,0.2768,0.2818,0.275,0.2814,454704000
2005-11-22,0.2828,0.2916,0.2806,0.2889,731700000
2005-11-23,0.2892,0.2922,0.2865,0.288,411948000
2005-11-25,0.2894,0.2913,0.2874,0.2908,116676000
2005-11-28,0.2916,0.2941,0.2842,0.2894,424524000
2005-11-29,0.2723,0.28,0.2698,0.2711,1043136000
2005-11-30,0.2692,0.2776,0.2691,0.2762,575448000
2005-12-01,0.2785,0.2808,0.2755,0.2795,562032000
2005-12-02,0.2808,0.2815,0.2758,0.2795,334476000
2005-12-05,0.2802,0.2802,0.2734,0.2743,387708000
2005-12-06,0.2748,0.2792,0.2744,0.2755,375252000
2005-12-07,0.2766,0.2782,0.2712,0.276,352668000
2005-12-08,0.2745,0.2781,0.2706,0.2737,386664000
2005-12-09,0.2746,0.278,0.2708,0.2776,262896000
2005-12-12,0.2784,0.2823,0.2779,0.2817,281136000
2005-12-13,0.2822,0.2878,0.2802,0.2853,443412000
2005-12-14,0.2832,0.2846,0.2793,0.2827,287472000
2005-12-15,0.2824,0.2846,0.2762,0.2791,332724000
2005-12-16,0.2801,0.2828,0.2774,0.2815,1065600000
2005-12-19,0.2821,0.2842,0.2762,0.2769,292296000
2005-12-20,0.2766,0.2808,0.273,0.2767,304356000
2005-12-21,0.278,0.2803,0.2737,0.2762,289380000
2005-12-22,0.276,0.2849,0.2759,0.2846,318336000
2005-12-23,0.2853,0.2872,0.2834,0.2868,214536000
2005-12-27,0.2865,0.2917,0.2856,0.2886,367968000
2005-12-28,0.2886,0.2921,0.2867,0.2912,264420000
2005-12-29,0.2911,0.292,0.2835,0.2847,310464000
2005-12-30,0.2831,0.2832,0.2782,0.2793,229608000
2006-01-03,0.2809,0.2941,0.28,0.292,472812000
2006-01-04,0.2942,0.3006,0.2912,0.3002,510072000
2006-01-05,0.3002,0.3075,0.2997,0.307,646092000
2006-01-06,0.3105,0.3132,0.2983,0.312,623388000
2006-01-09,0.3119,0.3224,0.3112,0.3207,560484000
2006-01-10,0.3192,0.3208,0.3151,0.3208,339660000
2006-01-11,0.3211,0.3342,0.3206,0.3324,626304000
2006-01-12,0.3323,0.3375,0.3253,0.3277,495504000
2006-01-13,0.3269,0.3296,0.3202,0.3248,421296000
2006-01-17,0.3203,0.3247,0.3161,0.3245,329232000
2006-01-18,0.3147,0.3273,0.3117,0.3262,459948000
2006-01-19,0.3306,0.3488,0.33,0.3443,914760000
2006-01-20,0.3449,0.3488,0.3346,0.3347,461604000
2006-01-23,0.3373,0.3394,0.3327,0.3366,334884000
2006-01-24,0.3374,0.3453,0.3365,0.3383,388896000
2006-01-25,0.34,0.3422,0.3313,0.3353,400236000
2006-01-26,0.3402,0.3471,0.3381,0.3468,448836000
2006-01-27,0.3513,0.3572,0.3484,0.3533,385044000
2006-01-30,0.3549,0.3553,0.3478,0.3494,315780000
2006-01-31,0.3476,0.3495,0.3408,0.3435,384456000
2006-02-01,0.3373,0.3451,0.336,0.3437,450852000
2006-02-02,0.3469,0.3471,0.3327,0.3333,473736000
2006-02-03,0.3311,0.3404,0.33,0.3363,504252000
2006-02-06,0.3354,0.3462,0.3339,0.3458,363468000
2006-02-07,0.3465,0.3465,0.3333,0.3335,399408000
2006-02-08,0.3345,0.3431,0.3345,0.3431,393072000
2006-02-09,0.3442,0.3495,0.3352,0.3373,437100000
2006-02-10,0.3385,0.3401,0.3275,0.3354,414996000
2006-02-13,0.3343,0.3389,0.332,0.3365,280740000
2006-02-14,0.3365,0.3384,0.3327,0.3371,342348000
2006-02-15,0.3365,0.3446,0.3356,0.3436,493296000
2006-02-16,0.3501,0.3614,0.3477,0.3606,1305888000
2006-02-17,0.3871,0.3875,0.3606,0.3627,2356956000
2006-02-21,0.3619,0.3625,0.3518,0.3549,684060000
2006-02-22,0.3499,0.3572,0.3415,0.3543,939756000
2006-02-23,0.3533,0.3556,0.3479,0.3489,385128000
2006-02-24,0.3504,0.3546,0.347,0.3488,416412000
2006-02-27,0.3515,0.3652,0.3478,0.363,666468000
2006-02-28,0.3614,0.3644,0.3566,0.3601,563316000
2006-03-01,0.3614,0.3759,0.3591,0.3737,703932000
2006-03-02,0.3734,0.3795,0.3695,0.3743,545460000
2006-03-03,0.3708,0.3821,0.3702,0.3756,595800000
2006-03-06,0.3829,0.3854,0.373,0.3748,529020000
2006-03-07,0.3749,0.3778,0.361,0.3684,606204000
2006-03-08,0.3685,0.3704,0.3534,0.3666,670800000
2006-03-09,0.371,0.3772,0.3682,0.3685,536700000
2006-03-10,0.3681,0.3727,0.3588,0.3621,521580000
2006-03-13,0.3657,0.3682,0.363,0.3664,372132000
2006-03-14,0.3667,0.3781,0.3653,0.3766,627792000
2006-03-15,0.3773,0.3831,0.3759,0.3826,510600000
2006-03-16,0.3833,0.3838,0.3683,0.3696,568416000
2006-03-17,0.3679,0.3736,0.3624,0.3726,618588000
2006-03-20,0.3759,0.376,0.3694,0.3698,293772000
2006-03-21,0.388,0.395,0.3779,0.388,1235472000
2006-03-22,0.3782,0.38,0.3684,0.3769,1158576000
2006-03-23,0.3782,0.3854,0.3739,0.3839,661992000
2006-03-24,0.3849,0.3976,0.3843,0.3969,687936000
2006-03-27,0.3972,0.4079,0.3959,0.4076,651444000
2006-03-28,0.4058,0.4193,0.4049,0.4139,795204000
2006-03-29,0.4156,0.4368,0.4122,0.4361,987096000
2006-03-30,0.4365,0.4414,0.4287,0.4391,1063308000
2006-03-31,0.4388,0.4449,0.4348,0.4375,835560000
2006-04-03,0.4398,0.4485,0.4343,0.4423,968916000
2006-04-04,0.443,0.4637,0.4425,0.4631,1200612000
2006-04-05,0.4622,0.4691,0.4524,0.4668,1112976000
2006-04-06,0.4656,0.4712,0.4592,0.4677,789312000
2006-04-07,0.4657,0.4699,0.4573,0.4665,682674000
2006-04-10,0.4654,0.4682,0.4549,0.4584,634230000
2006-04-11,0.4599,0.4599,0.4445,0.4472,702072000
2006-04-12,0.4501,0.4677,0.4477,0.4653,598308000
2006-04-13,0.4553,0.4605,0.4504,0.4523,738360000
2006-04-17,0.4515,0.4648,0.4498,0.4535,443868000
2006-04-18,0.4454,0.4456,0.4307,0.4428,1165488000
2006-04-19,0.4401,0.4504,0.4339,0.4456,517476000
2006-04-20,0.4416,0.4529,0.4343,0.4449,552684000
2006-04-21,0.4463,0.4482,0.4237,0.4289,770016000
2006-04-24,0.4317,0.4463,0.424,0.442,676848000
2006-04-25,0.437,0.4428,0.4294,0.4417,719766000
2006-04-26,0.4434,0.4501,0.4339,0.4387,330528000
2006-04-27,0.437,0.4498,0.4275,0.4457,462966000
2006-04-28,0.446,0.4521,0.4422,0.4465,284736000
2006-05-01,0.4495,0.4809,0.4495,0.4721,902472000
2006-05-02,0.4757,0.4813,0.4634,0.4715,539700000
2006-05-03,0.4662,0.4798,0.4657,0.4746,378114000
2006-05-04,0.4653,0.4767,0.4628,0.4715,511128000
2006-05-05,0.474,0.4796,0.4674,0.478,338184000
2006-05-08,0.4767,0.4871,0.4714,0.4758,503622000
2006-05-09,0.4752,0.4776,0.4607,0.4613,561648000
2006-05-10,0.4558,0.4611,0.4465,0.4511,753264000
2006-05-11,0.4556,0.4599,0.4315,0.435,1201110000
2006-05-12,0.4246,0.4268,0.3933,0.4023,1568172000
2006-05-15,0.4016,0.4116,0.398,0.4081,553380000
2006-05-16,0.4104,0.4106,0.3948,0.3974,497532000
2006-05-17,0.3961,0.3983,0.3744,0.3814,841074000
2006-05-18,0.3844,0.3881,0.3637,0.3641,686730000
2006-05-19,0.3675,0.3805,0.3638,0.3718,932808000
2006-05-22,0.3698,0.3705,0.3566,0.3667,734886000
2006-05-23,0.3744,0.3831,0.3612,0.3627,532314000
2006-05-24,0.366,0.3783,0.3577,0.3675,579522000
2006-05-25,0.3744,0.3799,0.3635,0.3655,423666000
2006-05-26,0.3669,0.3693,0.3624,0.3663,294642000
2006-05-30,0.3669,0.367,0.3508,0.351,448788000
2006-05-31,0.3557,0.3591,0.349,0.3511,598422000
2006-06-01,0.3551,0.3695,0.3496,0.3695,537126000
2006-06-02,0.3754,0.3773,0.3604,0.3641,673710000
2006-06-05,0.3621,0.3689,0.3478,0.3488,581052000
2006-06-06,0.3533,0.3536,0.33,0.3395,824130000
2006-06-07,0.3432,0.3438,0.3308,0.3334,565380000
2006-06-08,0.3296,0.3339,0.3142,0.3273,730572000
2006-06-09,0.3316,0.3372,0.3235,0.3262,433824000
2006-06-12,0.3206,0.3248,0.3064,0.3082,463230000
2006-06-13,0.308,0.3143,0.3006,0.3035,532548000
2006-06-14,0.3053,0.3132,0.3021,0.3123,480492000
2006-06-15,0.3238,0.3407,0.3212,0.3397,837336000
2006-06-16,0.3374,0.3383,0.3278,0.331,503448000
2006-06-19,0.3346,0.3363,0.3203,0.321,388044000
2006-06-20,0.3122,0.3232,0.3109,0.316,535818000
2006-06-21,0.3146,0.3245,0.3146,0.3195,441174000
2006-06-22,0.323,0.3239,0.308,0.3102,532338000
2006-06-23,0.3096,0.3167,0.3067,0.3103,335202000
2006-06-26,0.3099,0.3132,0.3059,0.3074,281736000
2006-06-27,0.3093,0.3096,0.2935,0.2976,608514000
2006-06-28,0.2999,0.319,0.2921,0.3142,833376000
2006-06-29,0.3056,0.3284,0.3045,0.3284,687666000
2006-06-30,0.3316,0.3368,0.3229,0.3253,468240000
2006-07-03,0.3328,0.3331,0.3278,0.33,174696000
2006-07-05,0.3248,0.3278,0.3152,0.3152,459708000
2006-07-06,0.3152,0.3183,0.3022,0.3054,470634000
2006-07-07,0.3076,0.3082,0.2926,0.296,541230000
2006-07-10,0.2967,0.2989,0.2805,0.2831,449922000
2006-07-11,0.2822,0.2937,0.2781,0.2926,600582000
2006-07-12,0.2915,0.2949,0.2782,0.2785,461034000
2006-07-13,0.2743,0.2811,0.27,0.2714,540582000
2006-07-14,0.2764,0.2779,0.2624,0.27,572148000
2006-07-17,0.2688,0.2752,0.2674,0.2721,502806000
2006-07-18,0.2815,0.2899,0.2714,0.287,979332000
2006-07-19,0.2857,0.3032,0.2836,0.2995,1055550000
2006-07-20,0.3048,0.3102,0.2931,0.2935,505602000
2006-07-21,0.2836,0.2848,0.2694,0.2715,633918000
2006-07-24,0.2816,0.3057,0.2801,0.2989,983178000
2006-07-25,0.3025,0.3126,0.2981,0.3094,574104000
2006-07-26,0.3094,0.3131,0.3002,0.3094,495318000
2006-07-27,0.3134,0.3262,0.3082,0.3138,694338000
2006-07-28,0.3219,0.347,0.3201,0.3464,815298000
2006-07-31,0.3427,0.3462,0.3374,0.3383,594762000
2006-08-01,0.3342,0.3348,0.3186,0.3247,600966000
2006-08-02,0.3319,0.3513,0.3311,0.3496,756774000
2006-08-03,0.3484,0.3811,0.3435,0.3716,890568000
2006-08-04,0.3814,0.382,0.3571,0.3666,818232000
2006-08-07,0.3601,0.3669,0.3553,0.3623,436146000
2006-08-08,0.3652,0.3797,0.3643,0.3719,619806000
2006-08-09,0.3792,0.3896,0.369,0.3718,584706000
2006-08-10,0.3676,0.3713,0.3614,0.3692,1072140000
2006-08-11,0.3423,0.3669,0.341,0.3575,1603272000
2006-08-14,0.362,0.3656,0.3537,0.3557,809412000
2006-08-15,0.3649,0.3919,0.3614,0.3899,902172000
2006-08-16,0.3921,0.4196,0.382,0.4179,1029246000
2006-08-17,0.4127,0.4236,0.4072,0.4113,814224000
2006-08-18,0.4118,0.4202,0.3974,0.4181,665898000
2006-08-21,0.4118,0.4126,0.4017,0.4026,500220000
2006-08-22,0.4014,0.4132,0.4011,0.402,473928000
2006-08-23,0.4051,0.4092,0.3928,0.4017,485412000
2006-08-24,0.4028,0.408,0.3964,0.4058,260802000
2006-08-25,0.4028,0.4118,0.3988,0.4046,238314000
2006-08-28,0.4113,0.4304,0.4106,0.4185,764562000
2006-08-29,0.4225,0.4394,0.4194,0.4375,727962000
2006-08-30,0.4399,0.4511,0.4388,0.4465,681564000
2006-08-31,0.4454,0.4474,0.4352,0.4448,511278000
2006-09-01,0.4382,0.4417,0.4245,0.4262,605742000
2006-09-05,0.4275,0.4372,0.4213,0.4355,549354000
2006-09-06,0.4278,0.4284,0.4126,0.4136,493572000
2006-09-07,0.4069,0.4312,0.4025,0.4219,742836000
2006-09-08,0.4286,0.4304,0.4139,0.4232,447978000
2006-09-11,0.4138,0.4347,0.409,0.4298,598266000
2006-09-12,0.4278,0.4439,0.4268,0.4411,498432000
2006-09-13,0.4422,0.4504,0.4408,0.4446,476286000
2006-09-14,0.4425,0.4508,0.4372,0.443,428814000
2006-09-15,0.4445,0.4538,0.4423,0.4517,649764000
2006-09-18,0.4529,0.4695,0.4515,0.4688,793896000
2006-09-19,0.4657,0.4691,0.4527,0.4566,708054000
2006-09-20,0.4625,0.4738,0.4616,0.4732,511884000
2006-09-21,0.4728,0.4775,0.465,0.4694,539106000
2006-09-22,0.468,0.4709,0.4503,0.4555,653334000
2006-09-25,0.4624,0.4738,0.4498,0.4718,684486000
2006-09-26,0.4714,0.4726,0.4559,0.4619,516120000
2006-09-27,0.4605,0.4752,0.4561,0.4605,578142000
2006-09-28,0.4425,0.4537,0.4405,0.4518,647346000
2006-09-29,0.4549,0.4584,0.4497,0.4521,373890000
2006-10-02,0.45,0.4529,0.437,0.4407,647442000
2006-10-03,0.4324,0.4358,0.4228,0.4324,907692000
2006-10-04,0.433,0.475,0.4318,0.4749,1460382000
2006-10-05,0.4731,0.4778,0.4602,0.4614,662682000
2006-10-06,0.4622,0.4775,0.4608,0.4726,593610000
2006-10-09,0.4715,0.5093,0.4702,0.503,932304000
2006-10-10,0.5004,0.5024,0.4859,0.4915,624648000
2006-10-11,0.489,0.503,0.4815,0.4943,481944000
2006-10-12,0.4971,0.5065,0.4891,0.4963,414720000
2006-10-13,0.4946,0.5189,0.4865,0.516,584190000
2006-10-16,0.5177,0.5261,0.5059,0.5151,478968000
2006-10-17,0.5067,0.5102,0.4905,0.4954,526506000
2006-10-18,0.5027,0.5081,0.4787,0.4822,822750000
2006-10-19,0.4804,0.4951,0.4766,0.4914,473040000
2006-10-20,0.4952,0.4955,0.4787,0.4857,359478000
2006-10-23,0.4847,0.4964,0.4813,0.4825,280248000
2006-10-24,0.4835,0.5021,0.4821,0.4966,519288000
2006-10-25,0.5013,0.5088,0.4929,0.5012,389436000
2006-10-26,0.5024,0.5187,0.5024,0.5171,366690000
2006-10-27,0.5171,0.5285,0.489,0.4948,566988000
2006-10-30,0.4981,0.5096,0.4928,0.5007,479592000
2006-10-31,0.5117,0.5328,0.5091,0.5328,996174000
2006-11-01,0.5258,0.5307,0.4844,0.4917,1176540000
2006-11-02,0.494,0.5047,0.4816,0.4883,862944000
2006-11-03,0.4938,0.4987,0.4859,0.4981,548070000
2006-11-06,0.4995,0.5201,0.4932,0.5132,739602000
2006-11-07,0.5171,0.5265,0.5142,0.521,553254000
2006-11-08,0.5174,0.5351,0.5161,0.5287,648324000
2006-11-09,0.5395,0.5531,0.5346,0.5392,1207758000
2006-11-10,0.5346,0.5372,0.5129,0.5262,1317192000
2006-11-13,0.5273,0.5516,0.5272,0.5501,852282000
2006-11-14,0.5481,0.5566,0.5363,0.5556,628530000
2006-11-15,0.5539,0.5615,0.5433,0.5464,491892000
2006-11-16,0.5487,0.5554,0.544,0.5534,457182000
2006-11-17,0.5496,0.5565,0.5463,0.555,361608000
2006-11-20,0.5481,0.5632,0.544,0.5602,608634000
2006-11-21,0.5618,0.5628,0.5476,0.5514,387384000
2006-11-22,0.5534,0.5615,0.5505,0.5609,240258000
2006-11-24,0.5582,0.5663,0.5531,0.565,144336000
2006-11-27,0.5617,0.5692,0.5357,0.5395,585294000
2006-11-28,0.5377,0.5545,0.5293,0.5496,480966000
2006-11-29,0.5547,0.5644,0.5525,0.5577,579792000
2006-11-30,0.5577,0.5698,0.551,0.5652,583632000
2006-12-01,0.5589,0.5597,0.5382,0.543,785010000
2006-12-04,0.5501,0.5721,0.5481,0.565,621570000
2006-12-05,0.5591,0.5624,0.553,0.5592,663354000
2006-12-06,0.5611,0.5611,0.5508,0.5585,478242000
2006-12-07,0.5585,0.5615,0.5401,0.545,486894000
2006-12-08,0.5411,0.5507,0.5333,0.5432,564858000
2006-12-11,0.5433,0.5591,0.5421,0.5525,515484000
2006-12-12,0.5484,0.5502,0.5395,0.5469,568116000
2006-12-13,0.5513,0.5577,0.5513,0.5533,491952000
2006-12-14,0.5577,0.5701,0.5573,0.5631,715380000
2006-12-15,0.5667,0.573,0.5632,0.573,746094000
2006-12-18,0.5736,0.5898,0.5733,0.5829,688356000
2006-12-19,0.5754,0.5944,0.5747,0.5913,545622000
2006-12-20,0.5883,0.5953,0.5841,0.5846,306594000
2006-12-21,0.5878,0.5895,0.573,0.5796,367920000
2006-12-22,0.5786,0.5806,0.5631,0.5658,370170000
2006-12-26,0.5689,0.5739,0.5634,0.5657,228192000
2006-12-27,0.5681,0.5751,0.5681,0.5731,264954000
2006-12-28,0.5738,0.5744,0.5664,0.569,213912000
2006-12-29,0.569,0.5809,0.5649,0.5655,386094000
2007-01-03,0.5664,0.5733,0.5316,0.5513,1154820000
2007-01-04,0.5493,0.5513,0.5352,0.5487,797298000
2007-01-05,0.5357,0.5378,0.5106,0.5143,1243344000
2007-01-08,0.5161,0.5281,0.5073,0.5181,657270000
2007-01-09,0.5189,0.5224,0.5074,0.5081,764166000
2007-01-10,0.5027,0.5378,0.4951,0.5331,1108746000
2007-01-11,0.5331,0.5372,0.5224,0.5311,924504000
2007-01-12,0.5232,0.5404,0.5207,0.5383,698190000
2007-01-16,0.5424,0.5427,0.5331,0.5392,711864000
2007-01-17,0.5317,0.5349,0.5259,0.5279,707934000
2007-01-18,0.5233,0.5233,0.4776,0.4842,1501638000
2007-01-19,0.479,0.4972,0.4757,0.4871,942606000
2007-01-22,0.4917,0.4996,0.4853,0.4871,730644000
2007-01-23,0.4848,0.4951,0.4758,0.4873,630354000
2007-01-24,0.4935,0.509,0.4912,0.5024,685722000
2007-01-25,0.507,0.5088,0.4824,0.4848,616284000
2007-01-26,0.489,0.4937,0.4721,0.4809,829584000
2007-01-29,0.4787,0.479,0.457,0.4611,1258284000
2007-01-30,0.4642,0.4731,0.4601,0.47,636174000
2007-01-31,0.4677,0.4728,0.4619,0.4683,467976000
2007-02-01,0.4639,0.4767,0.463,0.4743,650898000
2007-02-02,0.4769,0.489,0.4729,0.4867,586590000
2007-02-05,0.489,0.4987,0.4882,0.4946,579906000
2007-02-06,0.5058,0.5186,0.4983,0.5122,775386000
2007-02-07,0.5163,0.5334,0.5132,0.5322,761058000
2007-02-08,0.5241,0.5328,0.5195,0.5253,726276000
2007-02-09,0.5279,0.5323,0.4969,0.4989,937956000
2007-02-12,0.5026,0.5207,0.4972,0.5099,789360000
2007-02-13,0.5181,0.5236,0.5129,0.5195,849732000
2007-02-14,0.5241,0.5272,0.5114,0.5126,1081848000
2007-02-15,0.5123,0.5183,0.5074,0.5157,488682000
2007-02-16,0.5136,0.5142,0.4984,0.5,915060000
2007-02-20,0.5007,0.5071,0.4972,0.5044,625578000
2007-02-21,0.5003,0.5056,0.4919,0.4969,655332000
2007-02-22,0.5047,0.5128,0.4989,0.5001,655452000
2007-02-23,0.5048,0.5051,0.4987,0.4989,403050000
2007-02-26,0.5003,0.5041,0.4905,0.4912,494070000
2007-02-27,0.4859,0.4974,0.4757,0.4764,714630000
2007-02-28,0.475,0.4839,0.4692,0.4737,780048000
2007-03-01,0.4634,0.4766,0.4573,0.4679,837228000
2007-03-02,0.4637,0.4694,0.454,0.4549,682728000
2007-03-05,0.4469,0.4558,0.4379,0.4394,663558000
2007-03-06,0.4491,0.4705,0.4472,0.4654,805974000
2007-03-07,0.4631,0.4653,0.4503,0.4523,811656000
2007-03-08,0.4618,0.4761,0.4614,0.4709,770622000
2007-03-09,0.4775,0.4828,0.4608,0.4662,555306000
2007-03-12,0.4608,0.4702,0.4602,0.4634,428010000
2007-03-13,0.4587,0.4614,0.4436,0.4439,617070000
2007-03-14,0.4451,0.4477,0.4284,0.4417,971610000
2007-03-15,0.4407,0.4446,0.4306,0.4373,655752000
2007-03-16,0.4376,0.4384,0.4301,0.4332,525648000
2007-03-19,0.4355,0.4423,0.4339,0.4353,461508000
2007-03-20,0.4339,0.4439,0.4315,0.4332,656490000
2007-03-21,0.4508,0.4651,0.4422,0.4579,1268376000
2007-03-22,0.4584,0.4708,0.4563,0.468,810954000
2007-03-23,0.4645,0.4728,0.4595,0.4628,524640000
2007-03-26,0.4631,0.4676,0.4553,0.4637,447336000
2007-03-27,0.4627,0.4636,0.4546,0.455,469020000
2007-03-28,0.4512,0.455,0.4456,0.4463,459504000
2007-03-29,0.453,0.4537,0.4313,0.4385,719016000
2007-03-30,0.4445,0.4477,0.4375,0.4398,581244000
2007-04-02,0.4387,0.4423,0.4321,0.4393,400830000
2007-04-03,0.4393,0.4442,0.4335,0.4376,473724000
2007-04-04,0.437,0.4405,0.4355,0.4367,361692000
2007-04-05,0.4385,0.4726,0.4385,0.4721,1332900000
2007-04-09,0.4721,0.4775,0.4627,0.4636,640950000
2007-04-10,0.463,0.4683,0.4579,0.4589,794220000
2007-04-11,0.4598,0.4644,0.4491,0.4506,810150000
2007-04-12,0.4482,0.4648,0.4453,0.4634,743640000
2007-04-13,0.4619,0.4682,0.4563,0.4673,638694000
2007-04-16,0.466,0.4695,0.4589,0.4648,671838000
2007-04-17,0.4766,0.4874,0.4669,0.4692,1059108000
2007-04-18,0.4685,0.4792,0.466,0.475,683802000
2007-04-19,0.4712,0.4844,0.4699,0.4816,568056000
2007-04-20,0.4886,0.489,0.4809,0.4873,590052000
2007-04-23,0.485,0.4859,0.478,0.4793,595272000
2007-04-24,0.4874,0.5018,0.4842,0.4974,1028088000
2007-04-25,0.4966,0.5087,0.4943,0.5059,509640000
2007-04-26,0.5059,0.516,0.5013,0.5122,500070000
2007-04-27,0.5105,0.5161,0.4972,0.5053,554058000
2007-04-30,0.5122,0.5186,0.5024,0.5026,563388000
2007-05-01,0.5117,0.5151,0.5038,0.5079,544554000
2007-05-02,0.5105,0.5126,0.4993,0.5019,659658000
2007-05-03,0.5067,0.5148,0.5058,0.5114,500250000
2007-05-04,0.5142,0.5177,0.5093,0.5151,405246000
2007-05-07,0.5226,0.5284,0.5042,0.5048,557100000
2007-05-08,0.5018,0.5099,0.492,0.5087,737100000
2007-05-09,0.505,0.5139,0.4992,0.511,417870000
2007-05-10,0.5131,0.5198,0.4971,0.5015,802584000
2007-05-11,0.5285,0.5421,0.5204,0.5369,1530630000
2007-05-14,0.5348,0.5398,0.5265,0.5316,731568000
2007-05-15,0.5331,0.5363,0.5256,0.5268,621360000
2007-05-16,0.5273,0.5336,0.5172,0.5336,523104000
2007-05-17,0.532,0.5348,0.5217,0.5247,443664000
2007-05-18,0.5287,0.5366,0.5242,0.5351,604266000
2007-05-21,0.5336,0.5501,0.531,0.5368,645768000
2007-05-22,0.5372,0.5446,0.5285,0.5397,401736000
2007-05-23,0.54,0.5432,0.5238,0.5253,448248000
2007-05-24,0.5278,0.5293,0.5042,0.5064,607800000
2007-05-25,0.51,0.5169,0.5085,0.5143,308976000
2007-05-29,0.5122,0.5215,0.5106,0.5198,316242000
2007-05-30,0.5137,0.521,0.5073,0.521,331650000
2007-05-31,0.5249,0.5325,0.5224,0.5293,481572000
2007-06-01,0.5352,0.5432,0.532,0.533,429084000
2007-06-04,0.5281,0.5389,0.5259,0.5359,322002000
2007-06-05,0.5374,0.5527,0.5365,0.5518,698586000
2007-06-06,0.5479,0.5647,0.5456,0.5559,950736000
2007-06-07,0.5533,0.5615,0.5498,0.5499,791862000
2007-06-08,0.5453,0.5592,0.5386,0.5585,533268000
2007-06-11,0.5585,0.5638,0.5554,0.5605,434634000
2007-06-12,0.5576,0.5654,0.5543,0.5547,526770000
2007-06-13,0.5608,0.5681,0.5536,0.5679,587232000
2007-06-14,0.5654,0.5802,0.5646,0.578,508548000
2007-06-15,0.5846,0.6089,0.5845,0.6043,1081998000
2007-06-18,0.6104,0.6126,0.5997,0.6046,685662000
2007-06-19,0.6008,0.6098,0.5967,0.6084,491952000
2007-06-20,0.6112,0.6142,0.6049,0.6091,822792000
2007-06-21,0.6208,0.6621,0.6161,0.6567,1297326000
2007-06-22,0.657,0.6703,0.6471,0.6665,882618000
2007-06-25,0.6479,0.6638,0.6419,0.6489,819702000
2007-06-26,0.6473,0.6491,0.6173,0.6188,868482000
2007-06-27,0.6188,0.6362,0.6158,0.6355,613140000
2007-06-28,0.6373,0.6485,0.6311,0.6416,597534000
2007-06-29,0.6459,0.646,0.6309,0.6312,516570000
2007-07-02,0.6402,0.6578,0.6382,0.6575,563850000
2007-07-03,0.657,0.6638,0.6517,0.6586,238770000
2007-07-05,0.6587,0.6677,0.6555,0.6656,373290000
2007-07-06,0.6647,0.6714,0.6634,0.6688,282720000
2007-07-09,0.6712,0.6914,0.6711,0.6882,536784000
2007-07-10,0.6847,0.699,0.6774,0.6949,552654000
2007-07-11,0.6948,0.6995,0.6822,0.6919,582612000
2007-07-12,0.6968,0.7059,0.6919,0.7052,438732000
2007-07-13,0.7032,0.7116,0.7001,0.7009,372630000
2007-07-16,0.7015,0.7165,0.7013,0.7136,541710000
2007-07-17,0.7165,0.7308,0.7099,0.7105,643812000
2007-07-18,0.7003,0.7024,0.6838,0.6975,550656000
2007-07-19,0.7075,0.711,0.6919,0.6968,407376000
2007-07-20,0.7013,0.7038,0.6858,0.6891,505650000
2007-07-23,0.6867,0.7102,0.6851,0.696,360474000
2007-07-24,0.6932,0.699,0.6734,0.6777,457560000
2007-07-25,0.6778,0.6874,0.6589,0.6744,437196000
2007-07-26,0.6673,0.6873,0.6583,0.6778,710268000
2007-07-27,0.6761,0.7073,0.6758,0.6761,615480000
2007-07-30,0.6786,0.6961,0.6784,0.6951,538158000
2007-07-31,0.7226,0.7324,0.6983,0.6992,711492000
2007-08-01,0.6891,0.7061,0.6616,0.694,705828000
2007-08-02,0.702,0.7026,0.6816,0.691,468606000
2007-08-03,0.6887,0.6937,0.6497,0.65,623412000
2007-08-06,0.6555,0.6604,0.6372,0.6555,524724000
2007-08-07,0.6555,0.6767,0.6468,0.6659,565764000
2007-08-08,0.678,0.7174,0.6728,0.6966,660744000
2007-08-09,0.7013,0.7243,0.6853,0.7049,1251834000
2007-08-10,0.6471,0.6767,0.6324,0.6722,1141014000
2007-08-13,0.6775,0.6821,0.6509,0.6648,700410000
2007-08-14,0.6694,0.7013,0.6674,0.6906,1092174000
2007-08-15,0.687,0.6968,0.6605,0.6615,695142000
2007-08-16,0.6549,0.6596,0.6188,0.6505,780030000
2007-08-17,0.6685,0.6894,0.6477,0.6888,728712000
2007-08-20,0.6893,0.6968,0.6777,0.6861,519684000
2007-08-21,0.6902,0.7287,0.6799,0.7232,715338000
2007-08-22,0.7415,0.744,0.7266,0.7397,566154000
2007-08-23,0.7432,0.7519,0.7302,0.7334,667986000
2007-08-24,0.7313,0.7386,0.7259,0.7372,361644000
2007-08-27,0.7372,0.7617,0.7339,0.7539,635946000
2007-08-28,0.7563,0.7594,0.7062,0.7079,560022000
2007-08-29,0.7227,0.749,0.7212,0.7481,538560000
2007-08-30,0.7409,0.7623,0.7406,0.7438,465660000
2007-08-31,0.7594,0.7846,0.7553,0.7817,720834000
2007-09-04,0.7852,0.8092,0.773,0.8059,683268000
2007-09-05,0.8023,0.8251,0.7991,0.7997,656274000
2007-09-06,0.8097,0.817,0.7999,0.8033,425496000
2007-09-07,0.7809,0.789,0.7589,0.7739,602304000
2007-09-10,0.7907,0.8045,0.7696,0.7761,872112000
2007-09-11,0.7855,0.7985,0.7772,0.7926,405424000
2007-09-12,0.801,0.8049,0.7536,0.7614,554452000
2007-09-13,0.7758,0.7767,0.7561,0.7616,452864000
2007-09-14,0.7541,0.755,0.7369,0.7392,487308000
2007-09-17,0.7403,0.7481,0.7295,0.7376,374828000
2007-09-18,0.7453,0.8136,0.7442,0.8022,844740000
2007-09-19,0.8095,0.8251,0.7797,0.7875,521360000
2007-09-20,0.788,0.7965,0.7742,0.7829,324172000
2007-09-21,0.7907,0.8022,0.7829,0.7905,457532000
2007-09-24,0.7953,0.8228,0.7896,0.8107,456360000
2007-09-25,0.8059,0.8244,0.8036,0.821,360748000
2007-09-26,0.8251,0.8423,0.823,0.8405,518032000
2007-09-27,0.8485,0.8526,0.834,0.843,378280000
2007-09-28,0.848,0.851,0.8288,0.8306,404292000
2007-10-01,0.8377,0.8698,0.8368,0.8657,398200000
2007-10-02,0.8636,0.8652,0.8448,0.8574,284960000
2007-10-03,0.8423,0.8423,0.8075,0.821,467196000
2007-10-04,0.8201,0.8295,0.7965,0.8246,378976000
2007-10-05,0.8377,0.851,0.8288,0.8464,344840000
2007-10-08,0.8524,0.8615,0.8423,0.8602,252484000
2007-10-09,0.8602,0.8641,0.8324,0.845,403008000
2007-10-10,0.8508,0.8508,0.8256,0.846,389136000
2007-10-11,0.8382,0.8487,0.7992,0.8084,529104000
2007-10-12,0.8173,0.8281,0.8047,0.8281,409952000
2007-10-15,0.8308,0.8448,0.8269,0.834,355900000
2007-10-16,0.8331,0.8565,0.8301,0.8416,276360000
2007-10-17,0.8744,0.9088,0.8735,0.9062,717944000
2007-10-18,0.9033,0.9092,0.8806,0.9056,340620000
2007-10-19,0.9035,0.9039,0.8567,0.857,505768000
2007-10-22,0.8515,0.8994,0.8446,0.8975,537656000
2007-10-23,0.9092,0.9092,0.8774,0.9019,294292000
2007-10-24,0.8824,0.8824,0.8285,0.8714,565500000
2007-10-25,0.8446,0.8526,0.7699,0.7953,806192000
2007-10-26,0.8205,0.826,0.777,0.7884,616580000
2007-10-29,0.7614,0.7735,0.7463,0.7699,813896000
2007-10-30,0.7761,0.8143,0.7632,0.7981,525212000
2007-10-31,0.8029,0.8114,0.7779,0.8109,455188000
2007-11-01,0.7983,0.8272,0.7873,0.8109,587236000
2007-11-02,0.8221,0.848,0.8107,0.8421,491844000
2007-11-05,0.835,0.8622,0.8297,0.8421,436636000
2007-11-06,0.8501,0.8755,0.8462,0.8687,554620000
2007-11-07,0.8682,0.8716,0.8205,0.8274,546768000
2007-11-08,0.8194,0.8343,0.752,0.7756,996824000
2007-11-09,0.7919,0.7976,0.7483,0.7646,871056000
2007-11-12,0.7644,0.7699,0.6883,0.6883,715732000
2007-11-13,0.6995,0.7497,0.6883,0.749,726696000
2007-11-14,0.768,0.7754,0.7334,0.7373,666720000
2007-11-15,0.7325,0.7394,0.7105,0.7275,496436000
2007-11-16,0.7334,0.7458,0.7275,0.7437,423592000
2007-11-19,0.7332,0.7369,0.6897,0.6935,568412000
2007-11-20,0.7066,0.7078,0.6672,0.6883,622628000
2007-11-21,0.6738,0.6972,0.6718,0.6809,648452000
2007-11-23,0.6858,0.6956,0.677,0.6926,141976000
2007-11-26,0.6922,0.7064,0.6752,0.6766,385896000
2007-11-27,0.6862,0.7078,0.6809,0.7057,458856000
2007-11-28,0.7279,0.763,0.7245,0.7529,574548000
2007-11-29,0.7518,0.7816,0.7486,0.7591,489084000
2007-11-30,0.7839,0.7839,0.7206,0.7229,652656000
2007-12-03,0.7334,0.747,0.7222,0.7334,490688000
2007-12-04,0.7366,0.7392,0.7185,0.7327,371712000
2007-12-05,0.7607,0.785,0.7513,0.7708,666704000
2007-12-06,0.769,0.7889,0.7621,0.7864,371152000
2007-12-07,0.7896,0.7905,0.7685,0.7765,320292000
2007-12-10,0.779,0.7942,0.7767,0.785,336360000
2007-12-11,0.8017,0.8164,0.7841,0.7859,582436000
2007-12-12,0.8191,0.8272,0.7971,0.813,617504000
2007-12-13,0.8031,0.8084,0.7673,0.7907,500364000
2007-12-14,0.7871,0.8125,0.7818,0.8038,354016000
2007-12-17,0.7953,0.8029,0.7609,0.7628,507408000
2007-12-18,0.7745,0.7907,0.7667,0.7822,396896000
2007-12-19,0.7795,0.7969,0.7763,0.7896,253536000
2007-12-20,0.8022,0.8079,0.7855,0.8061,279940000
2007-12-21,0.8157,0.8228,0.7985,0.8059,433408000
2007-12-24,0.8118,0.824,0.8059,0.8201,104008000
2007-12-26,0.8217,0.8311,0.8136,0.8311,215340000
2007-12-27,0.8297,0.8343,0.8033,0.8054,241368000
2007-12-28,0.804,0.8136,0.7905,0.7974,262064000
2007-12-31,0.791,0.8054,0.7795,0.7797,276236000
2008-01-02,0.782,0.785,0.7463,0.7566,483964000
2008-01-03,0.7609,0.7761,0.7479,0.7506,475308000
2008-01-04,0.7282,0.7318,0.683,0.6876,736092000
2008-01-07,0.6922,0.6979,0.6039,0.6165,1006800000
2008-01-08,0.62,0.6713,0.6055,0.6296,1106956000
2008-01-09,0.6381,0.6624,0.6287,0.6621,741036000
2008-01-10,0.644,0.6587,0.6356,0.6484,554432000
2008-01-11,0.633,0.6463,0.6154,0.62,572612000
2008-01-14,0.6291,0.6621,0.6191,0.6612,539188000
2008-01-15,0.636,0.6436,0.6019,0.6126,725692000
2008-01-16,0.5741,0.5812,0.5308,0.5434,1464472000
2008-01-17,0.5519,0.5666,0.5327,0.534,1133900000
2008-01-18,0.5356,0.5723,0.5161,0.5693,920428000
2008-01-22,0.515,0.5542,0.5118,0.5409,709092000
2008-01-23,0.5189,0.567,0.5139,0.5508,929880000
2008-01-24,0.5615,0.5932,0.5563,0.5929,597092000
2008-01-25,0.6156,0.6294,0.5691,0.5718,688012000
2008-01-28,0.5698,0.5755,0.5528,0.565,577608000
2008-01-29,0.5751,0.5847,0.5602,0.5824,414484000
2008-01-30,0.573,0.5861,0.5608,0.5773,530476000
2008-01-31,0.5647,0.5741,0.5462,0.5636,588708000
2008-02-01,0.5624,0.6188,0.5576,0.6156,593104000
2008-02-04,0.6289,0.6324,0.5932,0.5964,565128000
2008-02-05,0.5845,0.5847,0.5588,0.559,494928000
2008-02-06,0.565,0.5806,0.5469,0.5572,557380000
2008-02-07,0.5411,0.5785,0.5294,0.5627,664128000
2008-02-08,0.5574,0.5771,0.5501,0.5728,393932000
2008-02-11,0.5776,0.587,0.5707,0.5746,503732000
2008-02-12,0.5833,0.6042,0.5801,0.5959,609688000
2008-02-13,0.6005,0.6211,0.5941,0.6193,742312000
2008-02-14,0.6012,0.6016,0.5168,0.5182,2184296000
2008-02-15,0.5161,0.5301,0.5022,0.5104,817364000
2008-02-19,0.5198,0.5207,0.4985,0.5029,558608000
2008-02-20,0.4882,0.5065,0.4861,0.4992,759016000
2008-02-21,0.5042,0.5068,0.485,0.488,644272000
2008-02-22,0.4919,0.5125,0.4882,0.5116,723052000
2008-02-25,0.5111,0.5171,0.4978,0.5113,671784000
2008-02-26,0.5084,0.5235,0.5006,0.5157,565420000
2008-02-27,0.5132,0.5278,0.51,0.5237,537816000
2008-02-28,0.5191,0.52,0.504,0.504,503608000
2008-02-29,0.4958,0.5024,0.4882,0.4903,540576000
2008-03-03,0.4896,0.493,0.4781,0.4845,449028000
2008-03-04,0.4813,0.4822,0.4609,0.4797,778888000
2008-03-05,0.4843,0.4967,0.4792,0.4852,644656000
2008-03-06,0.4792,0.4825,0.454,0.4547,1075284000
2008-03-07,0.4465,0.4657,0.4355,0.4481,767500000
2008-03-10,0.4426,0.4481,0.4217,0.4224,776100000
2008-03-11,0.4355,0.4407,0.4181,0.4364,857940000
2008-03-12,0.4405,0.4444,0.4208,0.4245,743320000
2008-03-13,0.4178,0.4579,0.4153,0.4515,1220528000
2008-03-14,0.4538,0.4543,0.4167,0.4199,1154972000
2008-03-17,0.4016,0.4236,0.3967,0.4093,800952000
2008-03-18,0.419,0.4355,0.4071,0.4348,1075256000
2008-03-19,0.4247,0.4307,0.4048,0.4048,880476000
2008-03-20,0.4096,0.4254,0.4022,0.4245,633460000
2008-03-24,0.4339,0.4616,0.4323,0.4591,887440000
2008-03-25,0.4611,0.4744,0.4568,0.4657,735388000
2008-03-26,0.4595,0.4627,0.4458,0.4508,721652000
2008-03-27,0.444,0.4566,0.4371,0.4444,601308000
2008-03-28,0.4524,0.4627,0.4478,0.4511,561788000
2008-03-31,0.4559,0.4644,0.4478,0.4536,569992000
2008-04-01,0.4671,0.4825,0.4605,0.4813,676872000
2008-04-02,0.4827,0.4827,0.463,0.4666,616536000
2008-04-03,0.4627,0.4634,0.4444,0.4579,841984000
2008-04-04,0.4488,0.4511,0.4293,0.4304,1535528000
2008-04-07,0.441,0.4474,0.4373,0.4407,729496000
2008-04-08,0.4355,0.4524,0.4355,0.4382,639476000
2008-04-09,0.4433,0.4515,0.4391,0.4469,675232000
2008-04-10,0.4517,0.4701,0.4421,0.4556,1092184000
2008-04-11,0.4469,0.4497,0.422,0.4247,1106280000
2008-04-14,0.4231,0.424,0.408,0.4105,780004000
2008-04-15,0.4126,0.4169,0.4036,0.4153,439916000
2008-04-16,0.4311,0.4373,0.4236,0.4318,646836000
2008-04-17,0.4119,0.4275,0.4116,0.4258,596968000
2008-04-18,0.4389,0.4428,0.43,0.4359,573540000
2008-04-21,0.4325,0.4584,0.4325,0.4554,679892000
2008-04-22,0.4472,0.452,0.4373,0.4469,587668000
2008-04-23,0.4531,0.4735,0.4472,0.4685,1020496000
2008-04-24,0.4712,0.4735,0.4504,0.4572,655764000
2008-04-25,0.4616,0.463,0.4472,0.4618,552208000
2008-04-28,0.4598,0.4666,0.4517,0.4536,535700000
2008-04-29,0.4485,0.4687,0.4485,0.463,573408000
2008-04-30,0.4685,0.476,0.4653,0.471,1068320000
2008-05-01,0.4767,0.4939,0.4744,0.4928,1014624000
2008-05-02,0.5063,0.5161,0.4987,0.5161,1131016000
2008-05-05,0.5127,0.515,0.5022,0.5033,943392000
2008-05-06,0.5019,0.5175,0.4941,0.5164,729036000
2008-05-07,0.5178,0.5246,0.5001,0.5045,715632000
2008-05-08,0.5084,0.51,0.4815,0.5031,1360000000
2008-05-09,0.5045,0.537,0.5035,0.5164,2030352000
2008-05-12,0.523,0.523,0.4967,0.5017,1006652000
2008-05-13,0.5042,0.5042,0.4877,0.4914,854108000
2008-05-14,0.4976,0.5189,0.4914,0.5058,751148000
2008-05-15,0.5047,0.5473,0.5024,0.545,1165464000
2008-05-16,0.5542,0.5606,0.5416,0.5595,1091556000
2008-05-19,0.5597,0.5801,0.5439,0.5478,1158532000
2008-05-20,0.5329,0.5391,0.5274,0.5336,771404000
2008-05-21,0.5349,0.5556,0.5281,0.5292,1066660000
2008-05-22,0.5368,0.5464,0.5283,0.542,693108000
2008-05-23,0.5411,0.5455,0.5219,0.5297,802672000
2008-05-27,0.5306,0.5361,0.5205,0.5354,832856000
2008-05-28,0.5501,0.5514,0.5343,0.5404,751736000
2008-05-29,0.5407,0.5416,0.5292,0.5391,693460000
2008-05-30,0.5544,0.5679,0.5528,0.5661,830244000
2008-06-02,0.5661,0.5728,0.5599,0.5684,734660000
2008-06-03,0.5702,0.5712,0.5425,0.5492,840696000
2008-06-04,0.537,0.5567,0.534,0.5556,831724000
2008-06-05,0.5748,0.581,0.5631,0.5696,827860000
2008-06-06,0.5627,0.5634,0.5482,0.5514,784876000
2008-06-09,0.5482,0.5558,0.532,0.543,637916000
2008-06-10,0.5283,0.529,0.5074,0.5109,1225208000
2008-06-11,0.5109,0.5233,0.4864,0.487,999428000
2008-06-12,0.498,0.5077,0.4859,0.49,825992000
2008-06-13,0.4907,0.4964,0.474,0.4884,705748000
2008-06-16,0.4831,0.4877,0.4779,0.4818,630496000
2008-06-17,0.4886,0.4889,0.4689,0.4701,687912000
2008-06-18,0.4653,0.4813,0.4488,0.4563,1065272000
2008-06-19,0.4589,0.4653,0.4442,0.4552,784928000
2008-06-20,0.4451,0.4579,0.4449,0.4529,741008000
2008-06-23,0.4563,0.4568,0.4396,0.4435,776616000
2008-06-24,0.441,0.4687,0.441,0.4582,1078928000
2008-06-25,0.4653,0.4687,0.4534,0.4607,900976000
2008-06-26,0.4469,0.4504,0.4371,0.4371,845532000
2008-06-27,0.4389,0.4444,0.4288,0.4419,584140000
2008-06-30,0.4368,0.4407,0.4261,0.4291,653940000
2008-07-01,0.424,0.4302,0.4162,0.4297,881464000
2008-07-02,0.4277,0.4304,0.4126,0.4132,763196000
2008-07-03,0.2975,0.3009,0.2842,0.2863,2987520000
2008-07-07,0.2906,0.2925,0.2695,0.2773,2202692000
2008-07-08,0.2792,0.286,0.2705,0.2757,1805288000
2008-07-09,0.2764,0.2805,0.2709,0.2709,1413168000
2008-07-10,0.2723,0.2755,0.2652,0.2702,1056992000
2008-07-11,0.2647,0.2741,0.2595,0.2675,807760000
2008-07-14,0.2695,0.2716,0.2535,0.2553,882316000
2008-07-15,0.253,0.2633,0.2452,0.2581,1122484000
2008-07-16,0.259,0.2663,0.2519,0.2595,1034392000
2008-07-17,0.2636,0.2636,0.2503,0.2604,862080000
2008-07-18,0.2585,0.2666,0.2512,0.265,899720000
2008-07-21,0.2691,0.273,0.2643,0.2666,571636000
2008-07-22,0.264,0.2652,0.2558,0.2608,555924000
2008-07-23,0.2627,0.2714,0.2615,0.2686,594876000
2008-07-24,0.2659,0.2684,0.2521,0.2528,705628000
2008-07-25,0.2553,0.2659,0.2501,0.265,1039600000
2008-07-28,0.2615,0.273,0.2604,0.2643,734808000
2008-07-29,0.2647,0.2737,0.2617,0.267,764636000
2008-07-30,0.2723,0.2727,0.2572,0.2631,588492000
2008-07-31,0.2624,0.2679,0.2594,0.2622,487236000
2008-08-01,0.2553,0.2562,0.2452,0.2484,881060000
2008-08-04,0.2484,0.2498,0.2418,0.2425,522052000
2008-08-05,0.2471,0.2565,0.2443,0.2565,685844000
2008-08-06,0.2572,0.2656,0.2489,0.2633,814864000
2008-08-07,0.2611,0.2727,0.2562,0.2592,819232000
2008-08-08,0.2613,0.2636,0.2512,0.2521,853764000
2008-08-11,0.2539,0.2636,0.253,0.2574,1196436000
2008-08-12,0.2595,0.2601,0.2501,0.2537,1410868000
2008-08-13,0.2739,0.2851,0.2672,0.281,2095260000
2008-08-14,0.2789,0.3092,0.2789,0.298,1635304000
2008-08-15,0.3032,0.3067,0.295,0.297,777652000
2008-08-18,0.2991,0.3057,0.2959,0.303,893968000
2008-08-19,0.2968,0.3094,0.2968,0.3076,1014140000
2008-08-20,0.3122,0.3236,0.3099,0.3227,1143692000
2008-08-21,0.317,0.3195,0.3057,0.3122,1021560000
2008-08-22,0.3145,0.3181,0.3053,0.3119,459264000
2008-08-25,0.3101,0.3174,0.3064,0.3074,471600000
2008-08-26,0.309,0.3092,0.2968,0.3,613112000
2008-08-27,0.2931,0.306,0.2904,0.3023,454620000
2008-08-28,0.3028,0.306,0.2982,0.3012,365192000
2008-08-29,0.297,0.298,0.2888,0.2897,516004000
2008-09-02,0.2945,0.297,0.2785,0.2824,693928000
2008-09-03,0.2785,0.2796,0.2647,0.2672,714856000
2008-09-04,0.2643,0.267,0.262,0.2636,716128000
2008-09-05,0.2613,0.2682,0.2611,0.2675,791100000
2008-09-08,0.27,0.27,0.2521,0.2565,1314840000
2008-09-09,0.2556,0.2711,0.2468,0.2478,1098296000
2008-09-10,0.2507,0.2558,0.2464,0.248,644284000
2008-09-11,0.2338,0.2411,0.2283,0.2361,1066976000
2008-09-12,0.234,0.2356,0.2203,0.2336,1209200000
2008-09-15,0.2253,0.2287,0.2104,0.2132,863984000
2008-09-16,0.2056,0.2214,0.2017,0.2198,1240840000
2008-09-17,0.2148,0.2342,0.2127,0.2292,1392580000
2008-09-18,0.2319,0.2617,0.2315,0.2496,1611060000
2008-09-19,0.2615,0.2636,0.2498,0.2615,1107344000
2008-09-22,0.2595,0.267,0.2546,0.256,700072000
2008-09-23,0.2539,0.2633,0.2478,0.2487,821468000
2008-09-24,0.2455,0.2629,0.2441,0.2578,866036000
2008-09-25,0.2578,0.2691,0.2535,0.2629,588328000
2008-09-26,0.2565,0.2698,0.2517,0.2679,646852000
2008-09-29,0.2608,0.264,0.2292,0.2315,975240000
2008-09-30,0.2352,0.2478,0.2326,0.2455,659044000
2008-10-01,0.2418,0.2462,0.2342,0.2386,557208000
2008-10-02,0.2402,0.2402,0.2127,0.2138,787728000
2008-10-03,0.2173,0.2235,0.2056,0.207,915828000
2008-10-06,0.1971,0.1976,0.1675,0.1799,1677440000
2008-10-07,0.1863,0.1868,0.1646,0.1659,1059984000
2008-10-08,0.16,0.1792,0.1584,0.1694,1219456000
2008-10-09,0.1756,0.1781,0.1568,0.1586,909636000
2008-10-10,0.1449,0.168,0.1439,0.1561,1200252000
2008-10-13,0.1694,0.1847,0.1673,0.1845,916536000
2008-10-14,0.1914,0.1925,0.1753,0.1804,1209012000
2008-10-15,0.1792,0.1801,0.1609,0.1609,854064000
2008-10-16,0.1657,0.1774,0.1581,0.1765,1019820000
2008-10-17,0.1714,0.1854,0.1682,0.1753,839416000
2008-10-20,0.1813,0.1827,0.1744,0.1788,595764000
2008-10-21,0.1753,0.1772,0.1641,0.165,659116000
2008-10-22,0.1627,0.1696,0.1545,0.1588,600996000
2008-10-23,0.1584,0.1623,0.1435,0.1499,832192000
2008-10-24,0.1375,0.1593,0.1368,0.1515,798336000
2008-10-27,0.1506,0.1691,0.1458,0.1597,698936000
2008-10-28,0.1682,0.184,0.1653,0.1838,849920000
2008-10-29,0.1827,0.2017,0.1818,0.1898,977284000
2008-10-30,0.2005,0.2017,0.1856,0.1978,657176000
2008-10-31,0.1916,0.2047,0.1911,0.2008,608672000
2008-11-03,0.2051,0.2088,0.1902,0.1934,723924000
2008-11-04,0.2001,0.2058,0.1948,0.2058,619560000
2008-11-05,0.1983,0.204,0.195,0.195,787620000
2008-11-06,0.1836,0.1905,0.1742,0.1746,797936000
2008-11-07,0.1989,0.2079,0.1856,0.1999,1132068000
2008-11-10,0.2074,0.2086,0.1827,0.187,576396000
2008-11-11,0.1843,0.1856,0.1769,0.1788,576484000
2008-11-12,0.1733,0.1774,0.1662,0.1682,646092000
2008-11-13,0.1604,0.1822,0.1572,0.182,797228000
2008-11-14,0.1746,0.1756,0.1636,0.1643,741024000
2008-11-17,0.1627,0.1671,0.1593,0.1609,388224000
2008-11-18,0.1641,0.165,0.1504,0.1556,564488000
2008-11-19,0.1542,0.1581,0.1421,0.1428,500220000
2008-11-20,0.1416,0.1487,0.1336,0.1352,847036000
2008-11-21,0.1396,0.1462,0.1318,0.1462,599064000
2008-11-24,0.1552,0.1577,0.1467,0.1559,600308000
2008-11-25,0.1627,0.1632,0.1556,0.1602,528256000
2008-11-26,0.1575,0.1749,0.1565,0.1744,600792000
2008-11-28,0.1717,0.1742,0.1689,0.1712,175248000
2008-12-01,0.1643,0.1659,0.1563,0.1565,547112000
2008-12-02,0.1595,0.1673,0.1575,0.1653,479988000
2008-12-03,0.1588,0.174,0.1575,0.1737,584632000
2008-12-04,0.1703,0.1788,0.1584,0.1623,466292000
2008-12-05,0.1572,0.1694,0.1545,0.1687,438484000
2008-12-08,0.1719,0.1753,0.1593,0.1632,707992000
2008-12-09,0.1611,0.1854,0.1593,0.179,829760000
2008-12-10,0.1824,0.2005,0.1795,0.196,961124000
2008-12-11,0.1948,0.2017,0.1854,0.1877,582700000
2008-12-12,0.1822,0.1983,0.1785,0.1971,679268000
2008-12-15,0.1983,0.1994,0.1845,0.1907,476996000
2008-12-16,0.1925,0.204,0.1907,0.2035,521940000
2008-12-17,0.1999,0.2166,0.1971,0.2136,674180000
2008-12-18,0.2122,0.2129,0.1914,0.1939,550808000
2008-12-19,0.1964,0.204,0.1946,0.1953,593120000
2008-12-22,0.1983,0.1987,0.1767,0.1838,522464000
2008-12-23,0.185,0.1889,0.1785,0.1813,377452000
2008-12-24,0.1776,0.182,0.1733,0.1769,146616000
2008-12-26,0.1769,0.1792,0.1673,0.1721,226156000
2008-12-29,0.1744,0.1776,0.1632,0.1776,460168000
2008-12-30,0.1799,0.1866,0.1758,0.1838,409860000
2008-12-31,0.1815,0.1895,0.1783,0.185,441580000
2009-01-02,0.185,0.201,0.1843,0.1996,497124000
2009-01-05,0.1973,0.2079,0.196,0.2033,705736000
2009-01-06,0.2093,0.2161,0.2047,0.2102,657904000
2009-01-07,0.2054,0.2054,0.1905,0.1976,870096000
2009-01-08,0.195,0.195,0.1806,0.1925,1014496000
2009-01-09,0.1925,0.1925,0.1813,0.1818,761352000
2009-01-12,0.1818,0.1827,0.1719,0.1744,645532000
2009-01-13,0.1685,0.182,0.1653,0.1753,1824424000
2009-01-14,0.1691,0.1712,0.165,0.1675,974908000
2009-01-15,0.1685,0.1763,0.165,0.1735,998204000
2009-01-16,0.1783,0.1847,0.1726,0.1831,831324000
2009-01-20,0.1827,0.1834,0.1639,0.1653,705788000
2009-01-21,0.1685,0.1744,0.1623,0.1733,648472000
2009-01-22,0.1678,0.1746,0.1639,0.1701,547656000
2009-01-23,0.1653,0.182,0.165,0.1767,633616000
2009-01-26,0.1776,0.1879,0.1746,0.1827,581748000
2009-01-27,0.1856,0.1948,0.185,0.1934,725300000
2009-01-28,0.2003,0.2047,0.1939,0.2015,723752000
2009-01-29,0.1948,0.1971,0.1889,0.1898,413128000
2009-01-30,0.1884,0.1934,0.1799,0.1822,506760000
2009-02-02,0.1795,0.1941,0.1785,0.1921,577992000
2009-02-03,0.1925,0.196,0.1873,0.1944,396948000
2009-02-04,0.1948,0.2097,0.1948,0.1999,779232000
2009-02-05,0.1946,0.2168,0.1925,0.2145,919192000
2009-02-06,0.2152,0.2276,0.2115,0.2262,1157880000
2009-02-09,0.2253,0.2285,0.217,0.2232,716128000
2009-02-10,0.223,0.226,0.2095,0.2136,1129664000
2009-02-11,0.1967,0.2038,0.1801,0.1868,1983400000
2009-02-12,0.1827,0.1918,0.1801,0.1907,1024020000
2009-02-13,0.1863,0.1928,0.185,0.1905,764304000
2009-02-17,0.1834,0.1877,0.1788,0.1795,779576000
2009-02-18,0.1795,0.1902,0.1792,0.1843,646252000
2009-02-19,0.1879,0.1895,0.1701,0.1701,743988000
2009-02-20,0.1678,0.1772,0.1662,0.1744,770056000
2009-02-23,0.1774,0.1783,0.1653,0.1664,679548000
2009-02-24,0.1673,0.1815,0.1671,0.1813,659524000
2009-02-25,0.1808,0.1889,0.1746,0.1834,702360000
2009-02-26,0.1898,0.1957,0.187,0.1893,1117556000
2009-02-27,0.1845,0.1941,0.1831,0.1898,755444000
2009-03-02,0.1852,0.1891,0.173,0.1737,700064000
2009-03-03,0.1769,0.1875,0.1712,0.1806,1041372000
2009-03-04,0.1854,0.1994,0.1838,0.1939,1108668000
2009-03-05,0.1911,0.1989,0.1884,0.1893,955252000
2009-03-06,0.1893,0.1992,0.1868,0.1923,974756000
2009-03-09,0.1909,0.2054,0.1898,0.1902,682768000
2009-03-10,0.1971,0.2111,0.1953,0.2074,1254800000
2009-03-11,0.2074,0.2716,0.204,0.2132,864916000
2009-03-12,0.2125,0.2281,0.2097,0.2258,1604604000
2009-03-13,0.2225,0.2278,0.2189,0.2246,1195156000
2009-03-16,0.2269,0.2271,0.2141,0.2159,699344000
2009-03-17,0.2166,0.2271,0.2138,0.2267,1005384000
2009-03-18,0.2232,0.2404,0.223,0.2338,1359560000
2009-03-19,0.2354,0.2354,0.2294,0.231,822648000
2009-03-20,0.2345,0.2347,0.2125,0.2184,1093672000
2009-03-23,0.2253,0.2347,0.2203,0.2342,816048000
2009-03-24,0.2285,0.2306,0.223,0.2242,1114868000
2009-03-25,0.231,0.2384,0.2191,0.2278,1243852000
2009-03-26,0.2315,0.2425,0.229,0.242,1333664000
2009-03-27,0.2395,0.2455,0.2361,0.2397,731892000
2009-03-30,0.2306,0.2336,0.2212,0.2244,780052000
2009-03-31,0.2278,0.2315,0.2244,0.226,805272000
2009-04-01,0.2232,0.2338,0.2148,0.2317,887920000
2009-04-02,0.2404,0.2468,0.237,0.2425,1002860000
2009-04-03,0.2427,0.2601,0.2386,0.2595,1003208000
2009-04-06,0.2551,0.2624,0.2517,0.2601,887288000
2009-04-07,0.2551,0.2578,0.2496,0.2512,607804000
2009-04-08,0.2539,0.2622,0.2519,0.2615,731652000
2009-04-09,0.2682,0.2769,0.2661,0.276,904412000
2009-04-13,0.2725,0.2727,0.2611,0.267,767628000
2009-04-14,0.2633,0.275,0.2622,0.2686,711960000
2009-04-15,0.2592,0.2622,0.2501,0.2611,1045368000
2009-04-16,0.2659,0.2709,0.2558,0.2677,1038772000
2009-04-17,0.2677,0.2721,0.2613,0.2695,695764000
2009-04-20,0.2592,0.2615,0.2519,0.2533,590660000
2009-04-21,0.2498,0.2631,0.2462,0.2526,932184000
2009-04-22,0.2503,0.2707,0.2462,0.2601,916404000
2009-04-23,0.2627,0.265,0.248,0.256,753952000
2009-04-24,0.2585,0.2638,0.2523,0.262,759508000
2009-04-27,0.2585,0.2659,0.251,0.2526,787024000
2009-04-28,0.2494,0.2585,0.2471,0.2533,634392000
2009-04-29,0.2544,0.2556,0.2464,0.2494,859668000
2009-04-30,0.2542,0.2705,0.2521,0.2631,1110276000
2009-05-01,0.2624,0.2737,0.2622,0.2675,840548000
2009-05-04,0.2721,0.284,0.2684,0.2819,927704000
2009-05-05,0.2757,0.2776,0.2647,0.2705,837076000
2009-05-06,0.2734,0.276,0.2597,0.265,935088000
2009-05-07,0.2709,0.2709,0.2425,0.2459,1289196000
2009-05-08,0.2407,0.2407,0.2088,0.212,2930564000
2009-05-11,0.2086,0.2214,0.2067,0.2161,1038596000
2009-05-12,0.2209,0.2209,0.2017,0.2058,1201384000
2009-05-13,0.2044,0.2056,0.1909,0.1925,1305608000
2009-05-14,0.1923,0.1994,0.1909,0.1953,1017864000
2009-05-15,0.1967,0.2072,0.1944,0.2003,780308000
2009-05-18,0.2054,0.2138,0.2049,0.2125,938320000
2009-05-19,0.2138,0.2191,0.2104,0.2166,859768000
2009-05-20,0.2205,0.2349,0.2196,0.223,1309436000
2009-05-21,0.2203,0.2246,0.2154,0.2216,965600000
2009-05-22,0.2216,0.2283,0.2175,0.2251,718260000
2009-05-26,0.223,0.2391,0.2207,0.2372,865540000
2009-05-27,0.2361,0.2448,0.2338,0.2377,814152000
2009-05-28,0.2413,0.2429,0.2306,0.2409,995288000
2009-05-29,0.2411,0.2416,0.2308,0.2391,834232000
2009-06-01,0.2418,0.2521,0.2409,0.2507,1022764000
2009-06-02,0.2507,0.2562,0.2441,0.2487,907984000
2009-06-03,0.2455,0.2464,0.2349,0.2409,735688000
2009-06-04,0.2416,0.2501,0.2413,0.2496,673180000
2009-06-05,0.2542,0.2542,0.2452,0.2482,559992000
2009-06-08,0.2464,0.2503,0.2407,0.2468,473948000
2009-06-09,0.2503,0.2631,0.2484,0.2604,725032000
2009-06-10,0.2617,0.2702,0.256,0.2686,833320000
2009-06-11,0.2693,0.2796,0.2636,0.2652,835156000
2009-06-12,0.2613,0.2647,0.2553,0.2638,595000000
2009-06-15,0.259,0.2624,0.2549,0.2595,445164000
2009-06-16,0.2595,0.2627,0.2487,0.2523,594912000
2009-06-17,0.2562,0.2611,0.2464,0.2585,799016000
2009-06-18,0.2576,0.2624,0.2507,0.2535,566376000
2009-06-19,0.256,0.2627,0.2528,0.2562,747564000
2009-06-22,0.2572,0.2572,0.2409,0.2418,574864000
2009-06-23,0.2441,0.2446,0.2313,0.2407,589764000
2009-06-24,0.2436,0.2544,0.2436,0.2487,515096000
2009-06-25,0.2464,0.2622,0.2439,0.2617,870444000
2009-06-26,0.2606,0.2661,0.2583,0.2652,513956000
2009-06-29,0.2659,0.27,0.2624,0.2652,510056000
2009-06-30,0.2643,0.2679,0.2539,0.2588,589844000
2009-07-01,0.2604,0.2633,0.2556,0.2599,696420000
2009-07-02,0.2514,0.2546,0.2464,0.2498,552312000
2009-07-06,0.2496,0.2498,0.2377,0.2418,752456000
2009-07-07,0.2427,0.2441,0.2306,0.2313,1072996000
2009-07-08,0.2326,0.2333,0.2225,0.2317,1205860000
2009-07-09,0.2356,0.2407,0.2349,0.2368,714564000
2009-07-10,0.2368,0.2393,0.2317,0.2377,520008000
2009-07-13,0.2425,0.2425,0.2281,0.2404,556012000
2009-07-14,0.2423,0.2464,0.2395,0.2455,452568000
2009-07-15,0.2544,0.2606,0.2521,0.2556,1022808000
2009-07-16,0.2583,0.2698,0.2569,0.2688,952076000
2009-07-17,0.2688,0.2776,0.2661,0.2766,850356000
2009-07-20,0.2789,0.2831,0.2753,0.2801,782756000
2009-07-21,0.2794,0.2805,0.2679,0.2743,941296000
2009-07-22,0.2688,0.2837,0.267,0.2812,600908000
2009-07-23,0.2817,0.2989,0.2787,0.298,1046120000
2009-07-24,0.2888,0.298,0.287,0.297,650592000
2009-07-27,0.2943,0.3028,0.2915,0.2984,677484000
2009-07-28,0.2964,0.3021,0.2938,0.2989,563180000
2009-07-29,0.2954,0.2973,0.2899,0.2929,373972000
2009-07-30,0.298,0.3019,0.2927,0.2952,468444000
2009-07-31,0.2952,0.3005,0.2883,0.2964,541560000
2009-08-03,0.3035,0.3078,0.2977,0.3044,471900000
2009-08-04,0.2991,0.3117,0.2986,0.3064,695380000
2009-08-05,0.3046,0.3094,0.3009,0.3071,610768000
2009-08-06,0.3083,0.3138,0.2989,0.3007,957588000
2009-08-07,0.317,0.3261,0.3099,0.3142,1401872000
2009-08-10,0.3165,0.3211,0.3021,0.3039,693312000
2009-08-11,0.3019,0.3064,0.2952,0.2968,481884000
2009-08-12,0.297,0.311,0.2968,0.3078,634940000
2009-08-13,0.3101,0.3181,0.3046,0.317,564028000
2009-08-14,0.3165,0.317,0.3035,0.3076,427148000
2009-08-17,0.2982,0.2991,0.2915,0.2947,465032000
2009-08-18,0.2947,0.309,0.2945,0.3055,636200000
2009-08-19,0.3009,0.3039,0.298,0.3021,552996000
2009-08-20,0.3007,0.3154,0.3,0.314,819840000
2009-08-21,0.3165,0.3197,0.3101,0.3193,607324000
2009-08-24,0.3174,0.3209,0.3085,0.3103,461456000
2009-08-25,0.3119,0.3163,0.3067,0.3131,444088000
2009-08-26,0.3124,0.3174,0.3112,0.3167,434308000
2009-08-27,0.3181,0.3225,0.3147,0.3211,551072000
2009-08-28,0.3298,0.3445,0.3294,0.3376,883992000
2009-08-31,0.3337,0.3353,0.3284,0.3328,431796000
2009-09-01,0.3326,0.342,0.3197,0.3216,736856000
2009-09-02,0.322,0.3294,0.3202,0.3261,404656000
2009-09-03,0.3261,0.3344,0.3252,0.3339,534020000
2009-09-04,0.3326,0.3486,0.3326,0.3463,513048000
2009-09-08,0.3488,0.3559,0.3461,0.3559,549712000
2009-09-09,0.3553,0.3665,0.3502,0.3658,571684000
2009-09-10,0.3669,0.3779,0.3628,0.3775,607952000
2009-09-11,0.3766,0.3779,0.3713,0.374,712732000
2009-09-14,0.3685,0.3715,0.3647,0.3679,490516000
2009-09-15,0.3713,0.38,0.3679,0.3754,546136000
2009-09-16,0.3745,0.3752,0.3598,0.3653,707064000
2009-09-17,0.3644,0.3644,0.3431,0.3493,923096000
2009-09-18,0.3527,0.3553,0.3461,0.3488,604740000
2009-09-21,0.3447,0.3532,0.3417,0.3472,588776000
2009-09-22,0.3498,0.3518,0.3452,0.3479,361388000
2009-09-23,0.35,0.353,0.342,0.3424,478936000
2009-09-24,0.3481,0.3481,0.3367,0.3378,552876000
2009-09-25,0.336,0.3376,0.3298,0.3323,377556000
2009-09-28,0.3335,0.3484,0.3335,0.3399,467708000
2009-09-29,0.342,0.3461,0.333,0.3337,470928000
2009-09-30,0.3406,0.3486,0.333,0.3445,875956000
2009-10-01,0.3433,0.3433,0.3197,0.32,999960000
2009-10-02,0.3167,0.3243,0.3149,0.3174,612476000
2009-10-05,0.3209,0.322,0.3103,0.3158,754276000
2009-10-06,0.3197,0.3266,0.3174,0.3211,761272000
2009-10-07,0.3188,0.3222,0.3151,0.3186,459608000
2009-10-08,0.3204,0.3213,0.3092,0.3206,1241524000
2009-10-09,0.3188,0.3252,0.3184,0.3248,618540000
2009-10-12,0.3193,0.3273,0.319,0.3211,499008000
2009-10-13,0.3229,0.3266,0.317,0.32,602124000
2009-10-14,0.3323,0.3323,0.3179,0.3195,1101948000
2009-10-15,0.319,0.322,0.308,0.3101,1092196000
2009-10-16,0.3062,0.3071,0.2975,0.303,1018832000
2009-10-19,0.3055,0.3165,0.303,0.314,695588000
2009-10-20,0.3193,0.3216,0.3117,0.3142,660180000
2009-10-21,0.3131,0.3179,0.3051,0.3067,503956000
2009-10-22,0.3051,0.3103,0.2998,0.3087,379328000
2009-10-23,0.3129,0.3129,0.2996,0.3014,429528000
2009-10-26,0.3037,0.3083,0.2959,0.2975,481652000
2009-10-27,0.2961,0.3005,0.2844,0.2874,591836000
2009-10-28,0.281,0.2874,0.2741,0.2755,773632000
2009-10-29,0.2798,0.289,0.2773,0.2876,637100000
2009-10-30,0.2863,0.2874,0.2727,0.2741,604144000
2009-11-02,0.2737,0.2826,0.2688,0.2766,593136000
2009-11-03,0.2677,0.2766,0.265,0.2753,876472000
2009-11-04,0.2773,0.2803,0.2734,0.2746,916840000
2009-11-05,0.2778,0.284,0.2769,0.2812,955156000
2009-11-06,0.2989,0.3078,0.2952,0.3016,1641112000
2009-11-09,0.3057,0.3129,0.3055,0.3085,818124000
2009-11-10,0.3096,0.3096,0.297,0.3009,781472000
2009-11-11,0.306,0.3167,0.3055,0.3094,871512000
2009-11-12,0.3122,0.3174,0.3076,0.3085,505864000
2009-11-13,0.3083,0.3124,0.3069,0.3108,388524000
2009-11-16,0.3135,0.3188,0.3119,0.3151,402820000
2009-11-17,0.3154,0.3154,0.3087,0.3147,350124000
2009-11-18,0.3117,0.3129,0.3046,0.3099,455516000
2009-11-19,0.3032,0.3032,0.292,0.2975,833840000
2009-11-20,0.2906,0.297,0.2899,0.2957,426748000
2009-11-23,0.3,0.3055,0.2966,0.298,390924000
2009-11-24,0.2966,0.2986,0.2913,0.2961,418504000
2009-11-25,0.2996,0.3037,0.2975,0.2996,441760000
2009-11-27,0.2888,0.2966,0.2872,0.2931,279932000
2009-11-30,0.2943,0.2996,0.2911,0.2993,509836000
2009-12-01,0.3009,0.3087,0.2993,0.3053,461936000
2009-12-02,0.306,0.3151,0.3041,0.3145,602292000
2009-12-03,0.3181,0.3239,0.3165,0.317,660036000
2009-12-04,0.3229,0.3282,0.3179,0.3268,824564000
2009-12-07,0.3633,0.377,0.3461,0.3688,2732184000
2009-12-08,0.3628,0.3644,0.3488,0.3509,1075512000
2009-12-09,0.3546,0.3624,0.3511,0.3596,671588000
2009-12-10,0.3621,0.3644,0.352,0.3532,417012000
2009-12-11,0.3562,0.3566,0.3477,0.3486,416744000
2009-12-14,0.3536,0.3603,0.3498,0.3592,405488000
2009-12-15,0.3566,0.3647,0.3557,0.3587,446152000
2009-12-16,0.3715,0.3917,0.3695,0.3876,1683400000
2009-12-17,0.3887,0.4006,0.38,0.3857,1016132000
2009-12-18,0.3889,0.3903,0.3809,0.3855,812828000
2009-12-21,0.3878,0.4009,0.3873,0.3993,427792000
2009-12-22,0.3993,0.4139,0.3988,0.4098,793044000
2009-12-23,0.4137,0.4167,0.4084,0.4155,442196000
2009-12-24,0.4167,0.4174,0.413,0.4146,136812000
2009-12-28,0.4139,0.4176,0.4038,0.408,465760000
2009-12-29,0.4066,0.4142,0.4057,0.413,475848000
2009-12-30,0.4169,0.4304,0.4139,0.4279,704008000
2009-12-31,0.4288,0.4343,0.4277,0.4281,700340000
2010-01-04,0.4242,0.4268,0.4151,0.4238,800204000
2010-01-05,0.4222,0.4346,0.4222,0.43,728648000
2010-01-06,0.4297,0.4336,0.4256,0.4327,649168000
2010-01-07,0.4304,0.4323,0.421,0.4242,547792000
2010-01-08,0.4208,0.4281,0.4183,0.4252,478168000
2010-01-11,0.4275,0.4293,0.4132,0.4192,556612000
2010-01-12,0.413,0.4146,0.3963,0.405,627432000
2010-01-13,0.4077,0.4119,0.3919,0.4105,508868000
2010-01-14,0.4054,0.4084,0.3972,0.4041,608524000
2010-01-15,0.4011,0.4045,0.3869,0.3922,818192000
2010-01-19,0.3892,0.402,0.388,0.3995,545328000
2010-01-20,0.3944,0.3995,0.3892,0.3979,719728000
2010-01-21,0.3977,0.4048,0.3871,0.3908,608632000
2010-01-22,0.3862,0.3933,0.375,0.3773,1067916000
2010-01-25,0.3834,0.391,0.3807,0.3837,643676000
2010-01-26,0.3818,0.3844,0.3713,0.3715,714636000
2010-01-27,0.3713,0.383,0.3672,0.3816,812504000
2010-01-28,0.3846,0.386,0.3635,0.3688,687764000
2010-01-29,0.3729,0.377,0.3472,0.3527,774700000
2010-02-01,0.3541,0.3805,0.3511,0.3798,949832000
2010-02-02,0.3784,0.3885,0.3773,0.3837,849812000
2010-02-03,0.3802,0.3885,0.3784,0.3869,562296000
2010-02-04,0.3834,0.3834,0.3603,0.3644,783480000
2010-02-05,0.364,0.3727,0.3575,0.3718,604856000
2010-02-08,0.3706,0.38,0.3637,0.3711,445160000
2010-02-09,0.377,0.3789,0.3644,0.3681,930144000
2010-02-10,0.3704,0.3786,0.3679,0.3752,535828000
2010-02-11,0.3812,0.3965,0.3784,0.3924,695980000
2010-02-12,0.3896,0.4057,0.3853,0.3977,780212000
2010-02-16,0.4029,0.4066,0.3981,0.405,457024000
2010-02-17,0.41,0.4103,0.3972,0.4089,876560000
2010-02-18,0.3864,0.3885,0.3715,0.3821,1515508000
2010-02-19,0.3805,0.3846,0.3782,0.38,510548000
2010-02-22,0.3816,0.3873,0.3782,0.3807,458084000
2010-02-23,0.3818,0.3834,0.3676,0.3715,489764000
2010-02-24,0.3747,0.383,0.3736,0.3793,445868000
2010-02-25,0.3706,0.3768,0.3612,0.3759,576972000
2010-02-26,0.374,0.3768,0.369,0.3713,393396000
2010-03-01,0.3715,0.388,0.3685,0.3862,555868000
2010-03-02,0.3896,0.3944,0.3832,0.386,538648000
2010-03-03,0.3883,0.3903,0.3779,0.3812,399300000
2010-03-04,0.3828,0.3857,0.377,0.3818,557396000
2010-03-05,0.3791,0.3963,0.3791,0.3935,632832000
2010-03-08,0.3938,0.3949,0.3862,0.3878,439312000
2010-03-09,0.3917,0.4061,0.3915,0.4022,830832000
2010-03-10,0.4011,0.4075,0.4009,0.4032,418520000
2010-03-11,0.3999,0.4013,0.3924,0.394,540660000
2010-03-12,0.3983,0.3995,0.3933,0.3954,520352000
2010-03-15,0.3949,0.3988,0.3896,0.3933,358904000
2010-03-16,0.3931,0.4093,0.3928,0.4071,664988000
2010-03-17,0.4093,0.4203,0.4093,0.4148,651168000
2010-03-18,0.4155,0.4155,0.3965,0.4002,740964000
2010-03-19,0.4061,0.4073,0.3903,0.3954,584612000
2010-03-22,0.3903,0.4034,0.3903,0.4018,435336000
2010-03-23,0.4048,0.4121,0.402,0.41,493612000
2010-03-24,0.4066,0.4077,0.3956,0.3963,436252000
2010-03-25,0.402,0.4045,0.3965,0.3974,495184000
2010-03-26,0.4009,0.405,0.3942,0.3974,344676000
2010-03-29,0.3999,0.4034,0.3944,0.4025,394456000
2010-03-30,0.4071,0.4091,0.3972,0.4041,324104000
2010-03-31,0.4025,0.4043,0.3967,0.3988,389840000
2010-04-01,0.4006,0.4052,0.3906,0.3947,339664000
2010-04-05,0.3972,0.4013,0.3967,0.4006,413636000
2010-04-06,0.3956,0.3965,0.3839,0.3908,809260000
2010-04-07,0.3883,0.3999,0.385,0.3933,817468000
2010-04-08,0.3908,0.3938,0.3848,0.3869,1037600000
2010-04-09,0.386,0.3908,0.3839,0.3894,817572000
2010-04-12,0.3899,0.3981,0.3892,0.3965,546460000
2010-04-13,0.3981,0.4061,0.3965,0.4048,648696000
2010-04-14,0.4135,0.4155,0.4034,0.4098,900720000
2010-04-15,0.4112,0.4153,0.4071,0.4128,957596000
2010-04-16,0.3961,0.3977,0.3823,0.391,1917736000
2010-04-19,0.388,0.3903,0.3761,0.3892,1094492000
2010-04-20,0.3919,0.3961,0.3855,0.3906,678188000
2010-04-21,0.3926,0.3931,0.3759,0.3805,895908000
2010-04-22,0.3743,0.3832,0.369,0.3821,656932000
2010-04-23,0.3809,0.3818,0.3702,0.3768,752916000
2010-04-26,0.3773,0.385,0.3766,0.3805,491092000
2010-04-27,0.3777,0.3816,0.3685,0.3697,606704000
2010-04-28,0.3695,0.3757,0.3628,0.3704,672164000
2010-04-29,0.3715,0.3821,0.366,0.3816,987128000
2010-04-30,0.377,0.3777,0.3598,0.3601,1068048000
2010-05-03,0.3619,0.364,0.3507,0.3562,1078972000
2010-05-04,0.3507,0.3514,0.333,0.3381,1311376000
2010-05-05,0.3312,0.3408,0.3282,0.3323,1330840000
2010-05-06,0.33,0.3369,0.2989,0.3255,1002888000
2010-05-07,0.3284,0.3284,0.3085,0.32,1153712000
2010-05-10,0.3392,0.3433,0.33,0.3337,979156000
2010-05-11,0.3305,0.3367,0.3275,0.33,829124000
2010-05-12,0.3323,0.3383,0.3303,0.3365,901236000
2010-05-13,0.3351,0.3504,0.3326,0.3358,1252000000
2010-05-14,0.3131,0.314,0.2888,0.297,2493068000
2010-05-17,0.2975,0.3014,0.2883,0.2977,856060000
2010-05-18,0.3002,0.3021,0.2863,0.2879,674112000
2010-05-19,0.2865,0.2929,0.2844,0.2925,826520000
2010-05-20,0.284,0.2925,0.2753,0.2856,1129136000
2010-05-21,0.2773,0.2998,0.2773,0.2918,1069600000
2010-05-24,0.2908,0.2943,0.2824,0.2833,664564000
2010-05-25,0.2743,0.2922,0.2716,0.2908,966652000
2010-05-26,0.3025,0.3083,0.2913,0.2922,995028000
2010-05-27,0.2996,0.3094,0.2989,0.3094,713560000
2010-05-28,0.309,0.309,0.2966,0.3012,545116000
2010-06-01,0.297,0.3005,0.2881,0.2883,527492000
2010-06-02,0.2888,0.292,0.287,0.2915,649088000
2010-06-03,0.2856,0.2918,0.2847,0.2911,586360000
2010-06-04,0.2826,0.2876,0.2757,0.2773,671456000
2010-06-07,0.2785,0.2803,0.2624,0.2636,577248000
2010-06-08,0.2624,0.2624,0.2496,0.2562,967636000
2010-06-09,0.2576,0.2645,0.2491,0.2501,697152000
2010-06-10,0.2551,0.2613,0.2544,0.2601,611768000
2010-06-11,0.2574,0.2672,0.2567,0.2661,442104000
2010-06-14,0.27,0.2705,0.2597,0.2604,375080000
2010-06-15,0.2633,0.2746,0.2629,0.2732,528632000
2010-06-16,0.2714,0.2739,0.2661,0.2698,366480000
2010-06-17,0.2792,0.2808,0.2695,0.2801,859068000
2010-06-18,0.2817,0.2853,0.2796,0.2819,932832000
2010-06-21,0.2879,0.2886,0.2727,0.2753,579836000
2010-06-22,0.2787,0.2821,0.2636,0.265,818164000
2010-06-23,0.2675,0.2707,0.2599,0.2679,614060000
2010-06-24,0.2663,0.2677,0.2537,0.2546,725028000
2010-06-25,0.2565,0.2567,0.2498,0.2539,507220000
2010-06-28,0.2558,0.2581,0.2498,0.2544,372008000
2010-06-29,0.2489,0.2491,0.2386,0.2402,660808000
2010-06-30,0.2407,0.2432,0.234,0.234,623072000
2010-07-01,0.2347,0.2395,0.2276,0.2379,737008000
2010-07-02,0.2388,0.2393,0.2269,0.2349,737096000
2010-07-06,0.234,0.2416,0.2303,0.2324,712020000
2010-07-07,0.2333,0.245,0.2329,0.2436,608412000
2010-07-08,0.2452,0.2455,0.2333,0.2363,783272000
2010-07-09,0.2374,0.2388,0.2342,0.2372,571516000
2010-07-12,0.2372,0.2446,0.237,0.2416,565396000
2010-07-13,0.2455,0.2519,0.2441,0.2503,723316000
2010-07-14,0.2613,0.2631,0.2491,0.2528,1355664000
2010-07-15,0.253,0.2533,0.2427,0.2457,953088000
2010-07-16,0.2457,0.2464,0.2294,0.2303,1288604000
2010-07-19,0.2336,0.2407,0.2319,0.2397,798440000
2010-07-20,0.2336,0.2471,0.2315,0.2457,1160988000
2010-07-21,0.248,0.2482,0.2354,0.2377,624940000
2010-07-22,0.2402,0.2441,0.2388,0.2416,462612000
2010-07-23,0.2413,0.2416,0.2352,0.2374,817604000
2010-07-26,0.2368,0.2427,0.2331,0.2418,683548000
2010-07-27,0.2425,0.2429,0.2368,0.2397,683472000
2010-07-28,0.2358,0.24,0.2315,0.2322,1320808000
2010-07-29,0.2154,0.22,0.2079,0.2093,2664476000
2010-07-30,0.2077,0.2143,0.2044,0.2106,984288000
2010-08-02,0.2143,0.2152,0.2095,0.2104,917020000
2010-08-03,0.2088,0.209,0.2033,0.2049,955444000
2010-08-04,0.2067,0.2143,0.2058,0.2136,855496000
2010-08-05,0.2143,0.2168,0.2104,0.2164,800504000
2010-08-06,0.2154,0.2212,0.2136,0.2189,739904000
2010-08-09,0.2212,0.2214,0.2157,0.2209,466456000
2010-08-10,0.2173,0.2177,0.2109,0.2118,772560000
2010-08-11,0.2074,0.2074,0.2028,0.2035,796148000
2010-08-12,0.1999,0.2099,0.1983,0.2054,1343584000
2010-08-13,0.212,0.2182,0.2115,0.2152,1797392000
2010-08-16,0.2122,0.2166,0.207,0.2097,814008000
2010-08-17,0.2118,0.2164,0.2097,0.2125,481224000
2010-08-18,0.2118,0.2154,0.2104,0.2136,352920000
2010-08-19,0.2159,0.2271,0.2148,0.2264,1615100000
2010-08-20,0.2248,0.234,0.2246,0.2285,1305308000
2010-08-23,0.2292,0.2349,0.2244,0.2251,748620000
2010-08-24,0.2177,0.2251,0.2173,0.2228,641332000
2010-08-25,0.2203,0.2292,0.2191,0.2274,757532000
2010-08-26,0.2303,0.2329,0.2246,0.2246,657596000
2010-08-27,0.226,0.2338,0.2203,0.2319,1060416000
2010-08-30,0.2292,0.231,0.2209,0.2209,602804000
2010-08-31,0.2177,0.2246,0.2132,0.2138,931488000
2010-09-01,0.217,0.2198,0.2143,0.2154,851440000
2010-09-02,0.2161,0.22,0.2141,0.2193,596292000
2010-09-03,0.2246,0.2276,0.2219,0.2269,566484000
2010-09-07,0.2262,0.2342,0.2258,0.229,899820000
2010-09-08,0.2294,0.2381,0.2269,0.2365,1224156000
2010-09-09,0.2395,0.2397,0.2303,0.2333,697748000
2010-09-10,0.2349,0.2356,0.2287,0.2308,609292000
2010-09-13,0.2349,0.2468,0.2349,0.2439,1015792000
2010-09-14,0.2418,0.2448,0.2395,0.2416,698536000
2010-09-15,0.2393,0.2423,0.2361,0.242,555572000
2010-09-16,0.2388,0.2443,0.2388,0.2423,365280000
2010-09-17,0.2446,0.2448,0.2411,0.2418,416884000
2010-09-20,0.2418,0.2464,0.2395,0.2455,443168000
2010-09-21,0.2441,0.2629,0.2441,0.2588,1779624000
2010-09-22,0.2578,0.2633,0.2562,0.2611,999996000
2010-09-23,0.264,0.2746,0.2617,0.2663,1240872000
2010-09-24,0.2723,0.2819,0.2702,0.281,1086976000
2010-09-27,0.2831,0.2833,0.2714,0.275,999504000
2010-09-28,0.2753,0.2782,0.2695,0.2743,723192000
2010-09-29,0.2718,0.2803,0.2693,0.2723,974904000
2010-09-30,0.2757,0.2789,0.2654,0.2677,787632000
2010-10-01,0.2716,0.2721,0.2581,0.2601,999120000
2010-10-04,0.2576,0.262,0.2523,0.2576,749500000
2010-10-05,0.2631,0.2636,0.2588,0.2595,753588000
2010-10-06,0.2595,0.2606,0.2446,0.2471,1057604000
2010-10-07,0.2482,0.2484,0.2379,0.2452,761488000
2010-10-08,0.2443,0.251,0.2409,0.2489,706932000
2010-10-11,0.2501,0.2521,0.2466,0.2478,442680000
2010-10-12,0.2457,0.2537,0.2436,0.2526,605208000
2010-10-13,0.2567,0.2636,0.2539,0.2599,968732000
2010-10-14,0.2601,0.2606,0.2546,0.2558,599172000
2010-10-15,0.2599,0.2629,0.2558,0.2588,639940000
2010-10-18,0.259,0.2615,0.2544,0.2604,448156000
2010-10-19,0.2546,0.2606,0.2526,0.2588,866136000
2010-10-20,0.259,0.2659,0.2544,0.2588,763532000
2010-10-21,0.259,0.2595,0.2503,0.2542,1014428000
2010-10-22,0.2558,0.2725,0.253,0.2705,1322676000
2010-10-25,0.2725,0.275,0.27,0.273,673136000
2010-10-26,0.2698,0.2762,0.2675,0.2721,675248000
2010-10-27,0.2695,0.2769,0.2688,0.276,496796000
2010-10-28,0.2796,0.2805,0.2737,0.2762,704448000
2010-10-29,0.2757,0.2785,0.2727,0.2755,554664000
2010-11-01,0.2773,0.2817,0.2737,0.276,473920000
2010-11-02,0.2771,0.2863,0.2755,0.2817,581036000
2010-11-03,0.2835,0.2856,0.2762,0.2837,671748000
2010-11-04,0.2865,0.2895,0.2837,0.2842,700016000
2010-11-05,0.2863,0.2915,0.2849,0.289,735116000
2010-11-08,0.2888,0.2927,0.2865,0.2902,605156000
2010-11-09,0.2902,0.2925,0.287,0.2886,633964000
2010-11-10,0.2906,0.292,0.2865,0.292,521016000
2010-11-11,0.2851,0.2938,0.2812,0.289,1089980000
2010-11-12,0.3,0.3135,0.2986,0.3039,2142560000
2010-11-15,0.3053,0.3096,0.2996,0.3002,733548000
2010-11-16,0.2952,0.2993,0.2909,0.2913,739356000
2010-11-17,0.2911,0.2996,0.2883,0.2961,551764000
2010-11-18,0.3,0.3083,0.3,0.3053,993120000
2010-11-19,0.3046,0.3163,0.3041,0.3151,716484000
2010-11-22,0.3131,0.3172,0.3103,0.3154,462668000
2010-11-23,0.3117,0.3149,0.3057,0.308,457832000
2010-11-24,0.3112,0.3167,0.311,0.3156,397784000
2010-11-26,0.3154,0.3172,0.3117,0.3117,143104000
2010-11-29,0.3103,0.3163,0.309,0.3151,468192000
2010-11-30,0.3103,0.3135,0.3062,0.3119,720936000
2010-12-01,0.3181,0.3278,0.3177,0.3257,626536000
2010-12-02,0.3257,0.3316,0.3255,0.3296,529316000
2010-12-03,0.328,0.339,0.3273,0.339,606044000
2010-12-06,0.3401,0.3408,0.3312,0.3326,438424000
2010-12-07,0.3404,0.3514,0.3397,0.3433,1026812000
2010-12-08,0.3429,0.35,0.3404,0.3463,613252000
2010-12-09,0.3381,0.3429,0.3333,0.3406,942408000
2010-12-10,0.3406,0.3459,0.3397,0.3426,451900000
2010-12-13,0.344,0.3447,0.333,0.3339,609108000
2010-12-14,0.3404,0.3465,0.3339,0.3344,755160000
2010-12-15,0.3351,0.3392,0.3266,0.3271,624176000
2010-12-16,0.3305,0.3323,0.3266,0.3275,631872000
2010-12-17,0.3278,0.3312,0.3239,0.3294,593156000
2010-12-20,0.3305,0.3321,0.3278,0.328,344088000
2010-12-21,0.3312,0.3408,0.331,0.3408,466952000
2010-12-22,0.3401,0.3449,0.3369,0.3445,477988000
2010-12-23,0.3445,0.3445,0.3406,0.342,273784000
2010-12-27,0.341,0.3463,0.3349,0.3438,255500000
2010-12-28,0.3438,0.3461,0.3404,0.3424,194260000
2010-12-29,0.3422,0.3449,0.3392,0.3424,177660000
2010-12-30,0.342,0.3456,0.3408,0.3436,174488000
2010-12-31,0.3438,0.3534,0.3433,0.353,391252000
2011-01-03,0.3557,0.366,0.3553,0.3626,817448000
2011-01-04,0.3633,0.3649,0.3534,0.3614,651384000
2011-01-05,0.3681,0.3896,0.3644,0.3892,1428216000
2011-01-06,0.3993,0.4433,0.3981,0.443,3493312000
2011-01-07,0.438,0.4568,0.4281,0.4554,2579984000
2011-01-10,0.4472,0.4737,0.4437,0.4728,1750348000
2011-01-11,0.4792,0.4838,0.4554,0.4655,2711088000
2011-01-12,0.4657,0.5356,0.4641,0.5352,3431896000
2011-01-13,0.5294,0.5464,0.5129,0.5361,2695192000
2011-01-14,0.5269,0.5496,0.5237,0.5407,1595352000
2011-01-18,0.5333,0.537,0.515,0.5281,1813348000
2011-01-19,0.5283,0.5409,0.5125,0.5136,1197896000
2011-01-20,0.5086,0.5171,0.4994,0.5141,1111408000
2011-01-21,0.5196,0.5269,0.5084,0.5093,739244000
2011-01-24,0.5327,0.5741,0.5267,0.5668,2056900000
2011-01-25,0.5643,0.5702,0.5457,0.5494,1086856000
2011-01-26,0.5551,0.573,0.5512,0.5624,1074660000
2011-01-27,0.5705,0.5718,0.5501,0.5608,657396000
2011-01-28,0.5622,0.5716,0.5317,0.5446,1094796000
2011-01-31,0.5455,0.5558,0.5365,0.5482,750160000
2011-02-01,0.5531,0.565,0.5494,0.5608,654104000
2011-02-02,0.5576,0.5998,0.5576,0.5863,1606616000
2011-02-03,0.5872,0.5872,0.5627,0.5753,1030776000
2011-02-04,0.5833,0.5929,0.581,0.5883,872900000
2011-02-07,0.5803,0.5828,0.5618,0.5638,934236000
2011-02-08,0.5645,0.5682,0.5446,0.5471,1076584000
2011-02-09,0.5492,0.5547,0.5239,0.5338,1277520000
2011-02-10,0.5219,0.532,0.518,0.523,1042352000
2011-02-11,0.5212,0.5549,0.5127,0.5379,1359276000
2011-02-14,0.5443,0.5615,0.5276,0.5297,1287828000
2011-02-15,0.5306,0.5324,0.5145,0.5168,886980000
2011-02-16,0.5237,0.5434,0.5219,0.5359,1318364000
2011-02-17,0.5207,0.5961,0.5182,0.5886,3470096000
2011-02-18,0.5854,0.5948,0.5783,0.5874,1394412000
2011-02-22,0.5682,0.5698,0.5301,0.532,1396648000
2011-02-23,0.532,0.537,0.4992,0.5068,1491604000
2011-02-24,0.5093,0.5281,0.5056,0.5191,1246120000
2011-02-25,0.5331,0.5386,0.5258,0.5299,775652000
2011-02-28,0.5386,0.5388,0.5074,0.5194,903696000
2011-03-01,0.5203,0.5269,0.4962,0.4962,988448000
2011-03-02,0.4955,0.5049,0.4641,0.4756,1718140000
2011-03-03,0.4866,0.4893,0.4639,0.4783,1593704000
2011-03-04,0.4788,0.4836,0.4705,0.4758,959760000
2011-03-07,0.4792,0.4809,0.4572,0.4692,1019140000
2011-03-08,0.4742,0.4767,0.4382,0.4481,1947184000
2011-03-09,0.4467,0.4511,0.4348,0.4387,1318976000
2011-03-10,0.4286,0.4318,0.4103,0.4107,1722736000
2011-03-11,0.4142,0.4252,0.4048,0.4137,1486832000
2011-03-14,0.4169,0.4275,0.4103,0.4171,1003360000
2011-03-15,0.3967,0.4116,0.3899,0.4048,1256280000
2011-03-16,0.4011,0.4206,0.3965,0.4018,1476520000
2011-03-17,0.4126,0.4132,0.3942,0.4093,1238516000
2011-03-18,0.4158,0.4171,0.4034,0.4038,886960000
2011-03-21,0.4126,0.4167,0.4029,0.4071,751832000
2011-03-22,0.4059,0.4098,0.3981,0.3999,718332000
2011-03-23,0.3993,0.4093,0.3906,0.4082,782396000
2011-03-24,0.4169,0.4458,0.416,0.4407,1780592000
2011-03-25,0.4446,0.4458,0.4263,0.427,1196392000
2011-03-28,0.4371,0.4501,0.4332,0.4428,1204284000
2011-03-29,0.4428,0.4444,0.4334,0.4394,715764000
2011-03-30,0.4428,0.4446,0.4174,0.4229,1176320000
2011-03-31,0.4236,0.4281,0.4153,0.4231,655112000
2011-04-01,0.4286,0.4291,0.4114,0.4171,850072000
2011-04-04,0.4171,0.4183,0.3993,0.4022,924328000
2011-04-05,0.4082,0.4114,0.402,0.4029,821076000
2011-04-06,0.4059,0.4064,0.3967,0.4002,856984000
2011-04-07,0.4011,0.4174,0.3995,0.4148,1021208000
2011-04-08,0.4181,0.4181,0.4011,0.4022,746552000
2011-04-11,0.4038,0.4059,0.3926,0.397,546208000
2011-04-12,0.3931,0.4009,0.3857,0.3981,840756000
2011-04-13,0.4022,0.4096,0.3972,0.4071,749588000
2011-04-14,0.4034,0.4245,0.4011,0.4242,1254704000
2011-04-15,0.421,0.4341,0.419,0.4288,969720000
2011-04-18,0.4187,0.4215,0.408,0.4146,743584000
2011-04-19,0.4148,0.4164,0.4018,0.413,659860000
2011-04-20,0.4281,0.4343,0.4187,0.4256,650516000
2011-04-21,0.4302,0.433,0.4236,0.4245,421300000
2011-04-25,0.4263,0.4382,0.4261,0.4311,619612000
2011-04-26,0.4348,0.4467,0.4304,0.4423,676000000
2011-04-27,0.4446,0.4446,0.4332,0.4423,450004000
2011-04-28,0.4423,0.4561,0.4373,0.4472,684000000
2011-04-29,0.4501,0.4685,0.4495,0.4584,836000000
2011-05-02,0.468,0.4682,0.4499,0.4522,613824000
2011-05-03,0.4469,0.4483,0.4252,0.4307,808000000
2011-05-04,0.432,0.4368,0.4194,0.4275,639356000
2011-05-05,0.424,0.4327,0.4183,0.4277,544000000
2011-05-06,0.4366,0.4469,0.4332,0.4428,841080000
2011-05-09,0.4442,0.455,0.443,0.4527,706328000
2011-05-10,0.4563,0.4568,0.4488,0.4534,690976000
2011-05-11,0.4556,0.4602,0.4492,0.4554,616000000
2011-05-12,0.4538,0.4703,0.4527,0.4699,1224000000
2011-05-13,0.4401,0.4412,0.4153,0.4185,2025192000
2011-05-16,0.4174,0.4183,0.4054,0.4057,728188000
2011-05-17,0.4043,0.4045,0.3924,0.4041,1420364000
2011-05-18,0.4057,0.4169,0.4043,0.4135,658844000
2011-05-19,0.4167,0.4169,0.4013,0.4075,650884000
2011-05-20,0.4066,0.4155,0.4048,0.4146,575820000
2011-05-23,0.4087,0.4171,0.4034,0.4142,588000000
2011-05-24,0.4162,0.4325,0.4151,0.4158,720372000
2011-05-25,0.4137,0.4236,0.4096,0.4208,545312000
2011-05-26,0.4208,0.435,0.4197,0.4313,706436000
2011-05-27,0.4332,0.4476,0.4327,0.4469,658824000
2011-05-31,0.4556,0.4595,0.4446,0.4593,1200716000
2011-06-01,0.4572,0.4579,0.4378,0.4387,762208000
2011-06-02,0.4394,0.4426,0.4313,0.4366,607592000
2011-06-03,0.4316,0.4355,0.421,0.4231,549300000
2011-06-06,0.4224,0.4263,0.4137,0.4142,435988000
2011-06-07,0.4174,0.4197,0.4121,0.4139,433956000
2011-06-08,0.4119,0.4144,0.3995,0.4027,569288000
2011-06-09,0.4025,0.4034,0.3837,0.3981,741632000
2011-06-10,0.3988,0.4013,0.3892,0.3924,493548000
2011-06-13,0.3924,0.3974,0.3869,0.3896,574760000
2011-06-14,0.3931,0.4016,0.3912,0.3928,534576000
2011-06-15,0.3876,0.3899,0.3763,0.3844,935916000
2011-06-16,0.3846,0.3906,0.3656,0.3711,1024908000
2011-06-17,0.3754,0.3757,0.3509,0.3624,1467884000
2011-06-20,0.3592,0.3667,0.3553,0.358,745960000
2011-06-21,0.3594,0.3685,0.3559,0.3658,704276000
2011-06-22,0.3633,0.3681,0.3601,0.3608,651720000
2011-06-23,0.3562,0.374,0.353,0.3715,744024000
2011-06-24,0.3697,0.3729,0.3585,0.3608,529052000
2011-06-27,0.3608,0.363,0.3406,0.3532,1142152000
2011-06-28,0.3532,0.3594,0.3507,0.3553,692200000
2011-06-29,0.3575,0.3644,0.3452,0.3608,960544000
2011-06-30,0.3617,0.3692,0.3562,0.3653,652300000
2011-07-01,0.3653,0.3715,0.358,0.3702,540804000
2011-07-05,0.3697,0.3731,0.3608,0.364,535296000
2011-07-06,0.3637,0.3644,0.3548,0.3592,529580000
2011-07-07,0.361,0.3628,0.3541,0.3605,986136000
2011-07-08,0.3555,0.358,0.3507,0.3536,619516000
2011-07-11,0.347,0.3484,0.3404,0.3413,714388000
2011-07-12,0.3397,0.3429,0.331,0.3367,867604000
2011-07-13,0.3413,0.3436,0.3328,0.336,634368000
2011-07-14,0.3374,0.3394,0.3211,0.3227,1088996000
2011-07-15,0.3245,0.3266,0.3165,0.3232,827736000
2011-07-18,0.3206,0.3225,0.3122,0.3163,818200000
2011-07-19,0.3172,0.3266,0.3172,0.3259,602224000
2011-07-20,0.3271,0.3289,0.3209,0.3218,662956000
2011-07-21,0.3222,0.3392,0.3174,0.3369,1143420000
2011-07-22,0.3399,0.3449,0.3355,0.3438,737192000
2011-07-25,0.3385,0.3399,0.3335,0.3383,566920000
2011-07-26,0.3287,0.3369,0.3252,0.33,698276000
2011-07-27,0.3255,0.3271,0.3167,0.3177,652212000
2011-07-28,0.3165,0.3236,0.3115,0.317,648176000
2011-07-29,0.3138,0.32,0.3122,0.317,677656000
2011-08-01,0.3243,0.3349,0.3216,0.3339,1019620000
2011-08-02,0.3316,0.3525,0.3305,0.3305,1356432000
2011-08-03,0.3312,0.3406,0.328,0.3394,765236000
2011-08-04,0.3333,0.3333,0.3071,0.3071,979732000
2011-08-05,0.3142,0.3181,0.2888,0.2968,1270588000
2011-08-08,0.2824,0.2925,0.2716,0.2734,1084180000
2011-08-09,0.2787,0.2968,0.275,0.2964,1329832000
2011-08-10,0.2876,0.2959,0.2812,0.2828,1140052000
2011-08-11,0.2828,0.3115,0.2828,0.3074,1078792000
2011-08-12,0.3401,0.3406,0.2904,0.2952,3195784000
2011-08-15,0.2982,0.3071,0.2966,0.3064,864152000
2011-08-16,0.303,0.3071,0.2922,0.2977,716868000
2011-08-17,0.2986,0.3037,0.2897,0.2936,553328000
2011-08-18,0.2803,0.2831,0.2705,0.2737,802564000
2011-08-19,0.2691,0.284,0.267,0.2688,761332000
2011-08-22,0.2764,0.2796,0.2707,0.2737,611876000
2011-08-23,0.2803,0.3035,0.2798,0.3032,938312000
2011-08-24,0.3025,0.3035,0.2911,0.2989,687500000
2011-08-25,0.2929,0.2982,0.2856,0.286,690968000
2011-08-26,0.2849,0.3012,0.2798,0.2982,732660000
2011-08-29,0.3067,0.3074,0.2996,0.3062,601528000
2011-08-30,0.3041,0.3161,0.3021,0.3135,684760000
2011-08-31,0.3158,0.319,0.3025,0.3051,705808000
2011-09-01,0.3092,0.3158,0.3041,0.3044,762312000
2011-09-02,0.2975,0.3016,0.2938,0.2961,471356000
2011-09-06,0.2865,0.3028,0.2837,0.3021,696248000
2011-09-07,0.3266,0.3355,0.3177,0.3266,1606620000
2011-09-08,0.3234,0.3312,0.3197,0.325,880164000
2011-09-09,0.3222,0.331,0.3154,0.3181,869828000
2011-09-12,0.3138,0.3284,0.3138,0.3257,916480000
2011-09-13,0.3284,0.3346,0.3234,0.333,853836000
2011-09-14,0.3417,0.3546,0.3415,0.3502,1547192000
2011-09-15,0.358,0.3598,0.352,0.3553,752908000
2011-09-16,0.3559,0.369,0.3525,0.3543,1391588000
2011-09-19,0.3484,0.3509,0.3381,0.347,968204000
2011-09-20,0.3514,0.3527,0.3365,0.3381,792436000
2011-09-21,0.3399,0.3459,0.3314,0.3316,715252000
2011-09-22,0.3186,0.319,0.3037,0.3096,1314632000
2011-09-23,0.3078,0.325,0.306,0.3161,1011440000
2011-09-26,0.32,0.3209,0.3025,0.3167,972124000
2011-09-27,0.3248,0.3275,0.3147,0.3172,781388000
2011-09-28,0.3179,0.3259,0.3025,0.3076,1236532000
2011-09-29,0.3131,0.3184,0.2922,0.3,866416000
2011-09-30,0.2952,0.2968,0.2863,0.2867,677784000
2011-10-03,0.2831,0.292,0.2707,0.2707,949896000
2011-10-04,0.264,0.2957,0.2629,0.2957,1361548000
2011-10-05,0.295,0.309,0.289,0.3062,856708000
2011-10-06,0.3078,0.3193,0.3074,0.3184,773192000
2011-10-07,0.3197,0.3291,0.3131,0.3243,806976000
2011-10-10,0.3298,0.3388,0.3291,0.3388,534376000
2011-10-11,0.336,0.3415,0.3339,0.3351,816080000
2011-10-12,0.3415,0.3417,0.3346,0.3349,612064000
2011-10-13,0.3333,0.355,0.3323,0.3543,854832000
2011-10-14,0.3605,0.3642,0.3516,0.3603,702452000
2011-10-17,0.3562,0.3562,0.3406,0.3424,611780000
2011-10-18,0.3406,0.3557,0.3385,0.3548,590916000
2011-10-19,0.3553,0.3614,0.3468,0.3477,557568000
2011-10-20,0.3383,0.3397,0.3172,0.3303,990308000
2011-10-21,0.3344,0.3399,0.3264,0.3319,628428000
2011-10-24,0.3333,0.3495,0.3326,0.3443,535256000
2011-10-25,0.3394,0.3422,0.3305,0.3312,577996000
2011-10-26,0.3376,0.3394,0.3255,0.3351,503116000
2011-10-27,0.3475,0.353,0.3397,0.3495,577732000
2011-10-28,0.3465,0.3608,0.3456,0.3575,490156000
2011-10-31,0.3461,0.3481,0.3392,0.3392,519984000
2011-11-01,0.3268,0.3278,0.319,0.3222,790824000
2011-11-02,0.3255,0.3271,0.3101,0.3167,961608000
2011-11-03,0.3202,0.3365,0.3117,0.3358,749372000
2011-11-04,0.3328,0.3408,0.3275,0.3397,654840000
2011-11-07,0.3371,0.3429,0.33,0.3378,613536000
2011-11-08,0.3422,0.3477,0.3367,0.3456,549728000
2011-11-09,0.3376,0.342,0.3268,0.3282,532244000
2011-11-10,0.3362,0.3397,0.3234,0.3316,990484000
2011-11-11,0.341,0.3461,0.3225,0.3433,1751560000
2011-11-14,0.3433,0.3468,0.3358,0.3367,500292000
2011-11-15,0.3335,0.3436,0.3326,0.341,505660000
2011-11-16,0.3346,0.3436,0.333,0.3342,512420000
2011-11-17,0.3335,0.3344,0.3163,0.3222,657504000
2011-11-18,0.3241,0.3241,0.3158,0.3193,501352000
2011-11-21,0.3142,0.3385,0.3094,0.3353,1330788000
2011-11-22,0.339,0.3475,0.3371,0.3456,1287480000
2011-11-23,0.342,0.3445,0.3307,0.331,825340000
2011-11-25,0.3266,0.3342,0.3209,0.3218,406620000
2011-11-28,0.3323,0.3449,0.3323,0.3399,690616000
2011-11-29,0.3394,0.3461,0.3362,0.3417,623440000
2011-11-30,0.352,0.3592,0.3491,0.3582,730324000
2011-12-01,0.3553,0.3635,0.3536,0.3626,529760000
2011-12-02,0.3665,0.3679,0.3569,0.3603,546464000
2011-12-05,0.3663,0.3667,0.3518,0.3548,644696000
2011-12-06,0.3569,0.3575,0.3461,0.3498,573832000
2011-12-07,0.3475,0.3502,0.3404,0.3477,510016000
2011-12-08,0.3443,0.35,0.3355,0.3367,491488000
2011-12-09,0.3342,0.3443,0.3296,0.3415,555840000
2011-12-12,0.3342,0.3355,0.3268,0.333,573208000
2011-12-13,0.3374,0.3415,0.3218,0.3239,516596000
2011-12-14,0.3211,0.3229,0.3078,0.3112,636020000
2011-12-15,0.3165,0.3186,0.3078,0.3085,435148000
2011-12-16,0.311,0.317,0.3083,0.3096,619116000
2011-12-19,0.311,0.3147,0.3005,0.3016,463276000
2011-12-20,0.3085,0.3197,0.3085,0.3186,445208000
2011-12-21,0.3167,0.3202,0.3083,0.3145,548424000
2011-12-22,0.3154,0.3289,0.3154,0.328,576560000
2011-12-23,0.3296,0.33,0.322,0.3248,248948000
2011-12-27,0.3234,0.3273,0.3213,0.3222,195712000
2011-12-28,0.3222,0.3229,0.314,0.3142,233960000
2011-12-29,0.3174,0.3209,0.3129,0.3202,211112000
2011-12-30,0.319,0.3225,0.3172,0.3177,186956000
2012-01-03,0.3278,0.33,0.3211,0.3218,468044000
2012-01-04,0.322,0.3268,0.319,0.3255,347372000
2012-01-05,0.3239,0.3388,0.3225,0.3371,563548000
2012-01-06,0.3369,0.3371,0.3294,0.3333,533252000
2012-01-09,0.3335,0.3397,0.331,0.3333,508244000
2012-01-10,0.3383,0.3385,0.3296,0.3319,546328000
2012-01-11,0.3289,0.3319,0.3239,0.3252,484272000
2012-01-12,0.3259,0.3261,0.3161,0.3232,652364000
2012-01-13,0.3209,0.3216,0.3131,0.3147,504300000
2012-01-17,0.3195,0.3195,0.3094,0.3099,627176000
2012-01-18,0.3158,0.3229,0.3142,0.3204,632676000
2012-01-19,0.3232,0.3294,0.3197,0.3289,608312000
2012-01-20,0.3284,0.3323,0.3248,0.3259,546272000
2012-01-23,0.3261,0.3351,0.322,0.3349,562792000
2012-01-24,0.3326,0.3438,0.3323,0.3424,730920000
2012-01-25,0.3333,0.3413,0.3236,0.3404,1274152000
2012-01-26,0.3454,0.3493,0.3353,0.3371,799672000
2012-01-27,0.3351,0.3436,0.3323,0.3417,449996000
2012-01-30,0.3358,0.3408,0.3307,0.3392,399076000
2012-01-31,0.3401,0.3404,0.3326,0.3385,357900000
2012-02-01,0.3424,0.3461,0.3376,0.3422,428020000
2012-02-02,0.344,0.3564,0.3406,0.355,696236000
2012-02-03,0.3603,0.3656,0.3596,0.3626,495232000
2012-02-06,0.3608,0.3612,0.3566,0.3598,278868000
2012-02-07,0.3603,0.3628,0.3543,0.3608,410296000
2012-02-08,0.3608,0.3809,0.3589,0.3738,847612000
2012-02-09,0.3784,0.3805,0.3729,0.3736,561944000
2012-02-10,0.3699,0.3713,0.3624,0.3644,440268000
2012-02-13,0.3736,0.375,0.3626,0.3702,610668000
2012-02-14,0.3702,0.3754,0.3669,0.3722,453756000
2012-02-15,0.3757,0.3873,0.3697,0.3706,1110856000
2012-02-16,0.3452,0.38,0.3438,0.377,1888588000
2012-02-17,0.3773,0.3798,0.3598,0.3633,1020360000
2012-02-21,0.363,0.374,0.3624,0.3651,518176000
2012-02-22,0.3633,0.3722,0.3621,0.3626,492432000
2012-02-23,0.3633,0.3667,0.3575,0.3647,323968000
2012-02-24,0.3658,0.3663,0.3603,0.3619,366668000
2012-02-27,0.3573,0.3589,0.3495,0.3546,745268000
2012-02-28,0.3546,0.3587,0.3477,0.3514,699884000
2012-02-29,0.3525,0.3585,0.347,0.3472,689196000
2012-03-01,0.3486,0.3536,0.3472,0.3495,449944000
2012-03-02,0.3484,0.3575,0.3484,0.3525,684076000
2012-03-05,0.35,0.3507,0.3381,0.3406,514848000
2012-03-06,0.3367,0.3394,0.3314,0.3374,471400000
2012-03-07,0.3392,0.3408,0.3346,0.3394,441984000
2012-03-08,0.3404,0.344,0.3385,0.3406,430852000
2012-03-09,0.3415,0.344,0.3378,0.3397,367836000
2012-03-12,0.341,0.3433,0.3335,0.3344,299948000
2012-03-13,0.3358,0.3408,0.3342,0.339,553288000
2012-03-14,0.339,0.3397,0.3282,0.3294,735708000
2012-03-15,0.3303,0.336,0.3291,0.3342,382380000
2012-03-16,0.3344,0.336,0.3326,0.3346,428340000
2012-03-19,0.3365,0.3381,0.3339,0.3355,405400000
2012-03-20,0.3337,0.3337,0.3271,0.33,449616000
2012-03-21,0.33,0.3344,0.3264,0.3314,467840000
2012-03-22,0.3289,0.3337,0.328,0.331,425372000
2012-03-23,0.33,0.3344,0.3278,0.3335,315456000
2012-03-26,0.3367,0.339,0.3335,0.3374,288600000
2012-03-27,0.3388,0.3438,0.3381,0.3397,419968000
2012-03-28,0.344,0.352,0.3415,0.3475,892448000
2012-03-29,0.347,0.3518,0.3426,0.3491,372700000
2012-03-30,0.352,0.355,0.347,0.353,527240000
2012-04-02,0.352,0.355,0.3463,0.3514,407776000
2012-04-03,0.3539,0.3543,0.3438,0.3456,430476000
2012-04-04,0.3404,0.3447,0.3337,0.3358,495896000
2012-04-05,0.3362,0.3404,0.3342,0.3353,369424000
2012-04-09,0.33,0.3321,0.3245,0.331,365504000
2012-04-10,0.3296,0.3342,0.3229,0.3245,470360000
2012-04-11,0.3289,0.3358,0.3278,0.3287,372960000
2012-04-12,0.3291,0.3383,0.3278,0.3365,384868000
2012-04-13,0.3335,0.3353,0.3243,0.3245,311324000
2012-04-16,0.3268,0.3278,0.3154,0.3206,463468000
2012-04-17,0.3216,0.3255,0.3202,0.3213,460696000
2012-04-18,0.3193,0.3209,0.314,0.3179,400764000
2012-04-19,0.3138,0.3257,0.3115,0.3131,667188000
2012-04-20,0.3149,0.3158,0.3062,0.3069,509592000
2012-04-23,0.3016,0.3046,0.2959,0.3032,706244000
2012-04-24,0.3041,0.3067,0.2922,0.2938,730440000
2012-04-25,0.2982,0.3021,0.2927,0.2998,727112000
2012-04-26,0.2996,0.3025,0.2975,0.3,539208000
2012-04-27,0.2996,0.3014,0.2943,0.2975,475356000
2012-04-30,0.2959,0.2996,0.2938,0.298,262268000
2012-05-01,0.2964,0.3064,0.2964,0.3032,408680000
2012-05-02,0.3021,0.3032,0.2929,0.2945,684008000
2012-05-03,0.2952,0.297,0.2876,0.2895,419536000
2012-05-04,0.2876,0.2892,0.281,0.281,545092000
2012-05-07,0.286,0.2908,0.2835,0.2858,604440000
2012-05-08,0.2833,0.2874,0.2782,0.2856,462312000
2012-05-09,0.2805,0.289,0.2778,0.2867,520608000
2012-05-10,0.2895,0.2899,0.2801,0.2847,597092000
2012-05-11,0.3083,0.3135,0.3016,0.3028,1435140000
2012-05-14,0.3002,0.3055,0.2941,0.3009,437472000
2012-05-15,0.3009,0.3076,0.2966,0.298,599940000
2012-05-16,0.2984,0.3019,0.2911,0.292,470484000
2012-05-17,0.2931,0.2959,0.2899,0.2899,335364000
2012-05-18,0.2906,0.292,0.2755,0.2769,567288000
2012-05-21,0.2773,0.2831,0.2755,0.2817,416260000
2012-05-22,0.2815,0.2819,0.2741,0.2782,410140000
2012-05-23,0.2753,0.2856,0.2711,0.2851,496000000
2012-05-24,0.2867,0.2872,0.2755,0.2776,520420000
2012-05-25,0.2773,0.2865,0.2773,0.2842,391752000
2012-05-29,0.2888,0.2934,0.2876,0.2915,310000000
2012-05-30,0.2883,0.2904,0.2831,0.2881,379792000
2012-05-31,0.2881,0.2892,0.2812,0.2849,358192000
2012-06-01,0.2789,0.2817,0.2741,0.2746,440984000
2012-06-04,0.276,0.2776,0.2666,0.2688,432856000
2012-06-05,0.2675,0.2773,0.2675,0.2766,365224000
2012-06-06,0.2787,0.2847,0.2766,0.284,368968000
2012-06-07,0.2881,0.2897,0.2723,0.2725,526780000
2012-06-08,0.2734,0.2787,0.273,0.2778,370308000
2012-06-11,0.2867,0.2918,0.2803,0.281,839080000
2012-06-12,0.2842,0.2895,0.2837,0.2867,496128000
2012-06-13,0.2865,0.2872,0.2778,0.2792,494276000
2012-06-14,0.2787,0.281,0.273,0.2757,589884000
2012-06-15,0.2778,0.2819,0.2753,0.2817,385288000
2012-06-18,0.2796,0.2865,0.2773,0.2842,304424000
2012-06-19,0.2959,0.3078,0.2945,0.3035,960476000
2012-06-20,0.3064,0.314,0.3046,0.3083,972720000
2012-06-21,0.308,0.308,0.2936,0.2943,516376000
2012-06-22,0.298,0.3014,0.2938,0.298,865360000
2012-06-25,0.2982,0.2991,0.2874,0.2886,494616000
2012-06-26,0.2902,0.2938,0.286,0.2918,437152000
2012-06-27,0.292,0.3032,0.292,0.3012,506064000
2012-06-28,0.2984,0.3053,0.2959,0.3035,545896000
2012-06-29,0.3106,0.3174,0.3103,0.3167,616508000
2012-07-02,0.3184,0.3186,0.3057,0.3083,581684000
2012-07-03,0.3083,0.317,0.308,0.3163,219284000
2012-07-05,0.3142,0.3156,0.3083,0.3131,280076000
2012-07-06,0.3108,0.3117,0.3037,0.3071,382760000
2012-07-09,0.3053,0.3067,0.3005,0.303,306336000
2012-07-10,0.2998,0.3087,0.2915,0.2938,512028000
2012-07-11,0.2947,0.2984,0.2876,0.289,485216000
2012-07-12,0.2858,0.2863,0.2817,0.2842,472160000
2012-07-13,0.2844,0.2892,0.2826,0.2879,324260000
2012-07-16,0.286,0.2911,0.2833,0.2888,334460000
2012-07-17,0.2897,0.2913,0.2787,0.2835,447476000
2012-07-18,0.2828,0.3035,0.2815,0.2993,616008000
2012-07-19,0.3014,0.3062,0.2993,0.3023,403036000
2012-07-20,0.3005,0.3025,0.2904,0.2936,451000000
2012-07-23,0.2858,0.2996,0.2826,0.2975,451584000
2012-07-24,0.298,0.2998,0.2909,0.2943,351164000
2012-07-25,0.2934,0.303,0.292,0.3,415044000
2012-07-26,0.3055,0.309,0.2991,0.3014,338440000
2012-07-27,0.3025,0.3099,0.3002,0.309,376516000
2012-07-30,0.309,0.3129,0.303,0.3055,363552000
2012-07-31,0.3055,0.3147,0.3051,0.3103,387788000
2012-08-01,0.3122,0.3151,0.3055,0.3069,335912000
2012-08-02,0.3053,0.3126,0.3002,0.308,367912000
2012-08-03,0.3129,0.3177,0.3055,0.3145,326548000
2012-08-06,0.3174,0.3227,0.317,0.3211,360324000
2012-08-07,0.325,0.3278,0.3225,0.3243,407340000
2012-08-08,0.3241,0.3296,0.3232,0.3261,517064000
2012-08-09,0.3266,0.3378,0.3261,0.3371,822300000
2012-08-10,0.3461,0.3488,0.3307,0.3351,1278744000
2012-08-13,0.3355,0.3397,0.3342,0.3394,447244000
2012-08-14,0.3406,0.341,0.333,0.3344,388828000
2012-08-15,0.3355,0.3383,0.3303,0.3319,594404000
2012-08-16,0.3349,0.3399,0.3337,0.3388,371008000
2012-08-17,0.3388,0.3388,0.3328,0.3358,309864000
2012-08-20,0.3346,0.3362,0.3307,0.3358,314392000
2012-08-21,0.3369,0.339,0.3314,0.3349,340248000
2012-08-22,0.3328,0.3369,0.3316,0.3355,313556000
2012-08-23,0.3349,0.3351,0.3266,0.328,379040000
2012-08-24,0.328,0.3362,0.3273,0.3346,347724000
2012-08-27,0.3344,0.3353,0.3287,0.3289,340944000
2012-08-28,0.3264,0.3307,0.3257,0.3275,310764000
2012-08-29,0.3273,0.3303,0.3266,0.3282,250412000
2012-08-30,0.3275,0.3287,0.3204,0.322,307488000
2012-08-31,0.3243,0.3266,0.3184,0.3216,485064000
2012-09-04,0.3163,0.3174,0.3014,0.3044,694452000
2012-09-05,0.3055,0.3099,0.3021,0.3053,480256000
2012-09-06,0.3076,0.3229,0.3074,0.3147,657296000
2012-09-07,0.3067,0.3092,0.2968,0.3071,781064000
2012-09-10,0.3064,0.3108,0.3037,0.3044,371108000
2012-09-11,0.3041,0.3129,0.303,0.308,382808000
2012-09-12,0.3106,0.3131,0.3076,0.3115,322608000
2012-09-13,0.3142,0.3154,0.3076,0.3135,433836000
2012-09-14,0.3133,0.3227,0.3133,0.3172,339468000
2012-09-17,0.3179,0.3179,0.3051,0.3085,493348000
2012-09-18,0.3051,0.3142,0.3048,0.3106,359952000
2012-09-19,0.3112,0.3186,0.3076,0.3142,451936000
2012-09-20,0.3135,0.3151,0.3094,0.3119,320596000
2012-09-21,0.3124,0.3151,0.3112,0.3133,340136000
2012-09-24,0.3083,0.3135,0.3078,0.3131,357832000
2012-09-25,0.3172,0.3186,0.3069,0.3074,481544000
2012-09-26,0.3062,0.3064,0.2984,0.3021,436812000
2012-09-27,0.3028,0.3048,0.3002,0.3044,558888000
2012-09-28,0.303,0.3101,0.2991,0.3057,485508000
2012-10-01,0.3071,0.309,0.2996,0.3007,504236000
2012-10-02,0.3028,0.3028,0.2984,0.3019,295492000
2012-10-03,0.3025,0.3035,0.2973,0.2989,430872000
2012-10-04,0.2996,0.314,0.298,0.3122,502608000
2012-10-05,0.3131,0.3163,0.3037,0.3048,483068000
2012-10-08,0.3037,0.3051,0.2996,0.3019,240596000
2012-10-09,0.3014,0.3023,0.2945,0.2954,366360000
2012-10-10,0.2941,0.2954,0.2892,0.2904,326568000
2012-10-11,0.2931,0.2941,0.2897,0.292,320516000
2012-10-12,0.2899,0.2922,0.2876,0.2895,260696000
2012-10-15,0.2899,0.2934,0.2865,0.2931,249580000
2012-10-16,0.2957,0.3025,0.2929,0.3016,367696000
2012-10-17,0.298,0.3007,0.295,0.2993,391752000
2012-10-18,0.2986,0.2986,0.2936,0.2947,254772000
2012-10-19,0.2904,0.2925,0.276,0.2776,709412000
2012-10-22,0.2787,0.2803,0.2721,0.2743,480840000
2012-10-23,0.2718,0.2844,0.2711,0.2826,573948000
2012-10-24,0.2844,0.2856,0.2762,0.2789,332916000
2012-10-25,0.2812,0.2842,0.278,0.2792,307356000
2012-10-26,0.2796,0.2812,0.2762,0.2762,389376000
2012-10-31,0.2773,0.2796,0.2739,0.2746,347112000
2012-11-01,0.276,0.2879,0.2757,0.2876,473220000
2012-11-02,0.2906,0.2911,0.2844,0.2863,256700000
2012-11-05,0.2856,0.2996,0.2856,0.2984,444840000
2012-11-06,0.2991,0.2991,0.2931,0.2982,350804000
2012-11-07,0.2959,0.2977,0.2876,0.289,324620000
2012-11-08,0.2922,0.2998,0.2899,0.2906,839024000
2012-11-09,0.2922,0.2957,0.2785,0.2794,846280000
2012-11-12,0.2798,0.281,0.2705,0.2732,643624000
2012-11-13,0.2718,0.278,0.2709,0.2711,492120000
2012-11-14,0.2727,0.2755,0.2643,0.2645,619300000
2012-11-15,0.2661,0.273,0.2638,0.2656,466688000
2012-11-16,0.2656,0.2666,0.2556,0.2608,624552000
2012-11-19,0.2656,0.2691,0.2624,0.2682,404092000
2012-11-20,0.2671,0.2683,0.2623,0.265,336976000
2012-11-21,0.265,0.2733,0.2648,0.2727,422312000
2012-11-23,0.2738,0.2777,0.2724,0.2745,276932000
2012-11-26,0.275,0.28,0.2745,0.2793,364600000
2012-11-27,0.2782,0.2847,0.2759,0.2805,451404000
2012-11-28,0.2793,0.2842,0.2759,0.2828,398332000
2012-11-29,0.2833,0.2847,0.2768,0.2777,488688000
2012-11-30,0.2775,0.2796,0.2745,0.2761,460504000
2012-12-03,0.2796,0.2796,0.2704,0.271,391380000
2012-12-04,0.2715,0.2796,0.2699,0.2791,528068000
2012-12-05,0.2768,0.2787,0.272,0.2759,633024000
2012-12-06,0.2752,0.2782,0.2743,0.2763,412896000
2012-12-07,0.2766,0.278,0.2727,0.2759,338288000
2012-12-10,0.2759,0.2872,0.2752,0.2851,513644000
2012-12-11,0.286,0.2955,0.2853,0.2918,816724000
2012-12-12,0.2927,0.2943,0.2877,0.2888,399404000
2012-12-13,0.2883,0.2946,0.2863,0.289,377556000
2012-12-14,0.2902,0.2934,0.2881,0.2904,338660000
2012-12-17,0.2897,0.2913,0.2849,0.2893,445232000
2012-12-18,0.2893,0.293,0.2883,0.2897,416436000
2012-12-19,0.2918,0.2953,0.2907,0.2918,458544000
2012-12-20,0.293,0.2932,0.2883,0.2916,334332000
2012-12-21,0.2877,0.2877,0.2817,0.2849,462172000
2012-12-24,0.2847,0.2856,0.2817,0.2826,127376000
2012-12-26,0.2819,0.2865,0.2812,0.2823,196740000
2012-12-27,0.2828,0.2833,0.2773,0.2805,299804000
2012-12-28,0.278,0.2835,0.2775,0.2791,220600000
2012-12-31,0.2782,0.284,0.2775,0.2828,326460000
2013-01-02,0.2897,0.2936,0.2886,0.2934,478836000
2013-01-03,0.2934,0.2969,0.2902,0.2936,298888000
2013-01-04,0.2941,0.3043,0.2932,0.3033,524968000
2013-01-07,0.3031,0.304,0.2925,0.2946,610732000
2013-01-08,0.2953,0.2962,0.286,0.2881,466424000
2013-01-09,0.2904,0.2918,0.2798,0.2817,695020000
2013-01-10,0.2842,0.2856,0.2805,0.2821,506368000
2013-01-11,0.2833,0.2835,0.2789,0.2817,513172000
2013-01-14,0.2835,0.2835,0.2782,0.2814,305684000
2013-01-15,0.28,0.28,0.2747,0.2763,375888000
2013-01-16,0.2759,0.2812,0.2759,0.2789,337376000
2013-01-17,0.2798,0.2837,0.2791,0.2826,580736000
2013-01-18,0.2826,0.2826,0.2773,0.2807,397088000
2013-01-22,0.2805,0.283,0.278,0.2793,308224000
2013-01-23,0.2803,0.2805,0.2768,0.2798,421808000
2013-01-24,0.2789,0.2823,0.2775,0.2812,396980000
2013-01-25,0.2817,0.2865,0.2803,0.2863,393920000
2013-01-28,0.2877,0.2927,0.287,0.2909,422492000
2013-01-29,0.2897,0.2904,0.2835,0.2847,388872000
2013-01-30,0.2849,0.2888,0.2833,0.2842,287592000
2013-01-31,0.2842,0.2874,0.281,0.2828,470544000
2013-02-01,0.2851,0.2863,0.2828,0.2853,288816000
2013-02-04,0.2837,0.2895,0.2803,0.2805,511744000
2013-02-05,0.2819,0.2886,0.281,0.287,367296000
2013-02-06,0.28,0.287,0.2784,0.2847,530688000
2013-02-07,0.2837,0.286,0.2807,0.2835,440000000
2013-02-08,0.2853,0.2877,0.2835,0.2853,307232000
2013-02-11,0.2877,0.2916,0.2849,0.2886,408308000
2013-02-12,0.286,0.29,0.2856,0.2867,277804000
2013-02-13,0.287,0.2923,0.2844,0.2853,856396000
2013-02-14,0.2814,0.2939,0.278,0.2936,882096000
2013-02-15,0.293,0.295,0.2872,0.2936,733860000
2013-02-19,0.2939,0.2941,0.2879,0.2897,433552000
2013-02-20,0.2907,0.2953,0.2847,0.2856,713012000
2013-02-21,0.2851,0.2883,0.2828,0.2835,580408000
2013-02-22,0.2853,0.289,0.2837,0.2888,370148000
2013-02-25,0.2895,0.2918,0.2833,0.2837,644444000
2013-02-26,0.2843,0.2887,0.2834,0.2871,487504000
2013-02-27,0.2871,0.2945,0.2864,0.2924,476980000
2013-02-28,0.2915,0.2982,0.2903,0.2938,591392000
2013-03-01,0.2917,0.2959,0.2892,0.295,389396000
2013-03-04,0.2929,0.2966,0.2906,0.2938,353680000
2013-03-05,0.2955,0.2975,0.2941,0.2971,366168000
2013-03-06,0.2989,0.3017,0.2955,0.2968,342928000
2013-03-07,0.2985,0.3015,0.2945,0.2961,314824000
2013-03-08,0.2968,0.2989,0.2955,0.2975,246464000
2013-03-11,0.2945,0.2959,0.2922,0.2948,299748000
2013-03-12,0.2943,0.2966,0.2915,0.2957,310856000
2013-03-13,0.2957,0.3008,0.2929,0.2957,485840000
2013-03-14,0.2975,0.2985,0.2941,0.2959,383304000
2013-03-15,0.2959,0.2959,0.2922,0.2934,355776000
2013-03-18,0.2915,0.2941,0.2892,0.2913,298312000
2013-03-19,0.2915,0.2929,0.2873,0.2894,355480000
2013-03-20,0.2922,0.2938,0.2896,0.2929,340588000
2013-03-21,0.2913,0.2917,0.2878,0.2883,339032000
2013-03-22,0.2892,0.2908,0.288,0.2896,232476000
2013-03-25,0.2913,0.2915,0.2859,0.288,362076000
2013-03-26,0.2887,0.2903,0.2876,0.2901,232540000
2013-03-27,0.289,0.2952,0.2883,0.2936,254944000
2013-03-28,0.2929,0.298,0.2908,0.2978,349276000
2013-04-01,0.2971,0.2971,0.2859,0.288,442828000
2013-04-02,0.2883,0.289,0.2832,0.285,371524000
2013-04-03,0.2845,0.2862,0.2794,0.2815,353156000
2013-04-04,0.2806,0.2852,0.2797,0.2843,294676000
2013-04-05,0.2801,0.2892,0.2794,0.2892,551352000
2013-04-08,0.2894,0.2894,0.2831,0.2885,326660000
2013-04-09,0.2887,0.2952,0.2866,0.2931,380584000
2013-04-10,0.2934,0.2982,0.2927,0.2978,384688000
2013-04-11,0.2936,0.2982,0.2855,0.2964,969220000
2013-04-12,0.2978,0.3071,0.2952,0.3038,770548000
2013-04-15,0.3029,0.3038,0.2957,0.2975,430420000
2013-04-16,0.3003,0.3029,0.2987,0.3008,468844000
2013-04-17,0.2985,0.3013,0.295,0.2968,532948000
2013-04-18,0.2975,0.2994,0.291,0.291,402548000
2013-04-19,0.2908,0.2927,0.2871,0.2917,303028000
2013-04-22,0.2915,0.2948,0.2892,0.2922,245568000
2013-04-23,0.2948,0.3029,0.2943,0.2999,376948000
2013-04-24,0.3008,0.3126,0.3006,0.3101,556556000
2013-04-25,0.3117,0.3133,0.3089,0.3126,353224000
2013-04-26,0.3122,0.3126,0.3096,0.3112,324332000
2013-04-29,0.3117,0.3161,0.3103,0.3149,269712000
2013-04-30,0.3156,0.3196,0.3136,0.3196,276712000
2013-05-01,0.3196,0.3217,0.3156,0.3168,341316000
2013-05-02,0.3166,0.3214,0.3147,0.3205,323480000
2013-05-03,0.3226,0.3242,0.3207,0.3219,293864000
2013-05-06,0.3219,0.3238,0.3191,0.321,217116000
2013-05-07,0.321,0.3217,0.3138,0.3168,448068000
2013-05-08,0.3173,0.3245,0.3161,0.3226,334032000
2013-05-09,0.3168,0.3242,0.3163,0.3228,566800000
2013-05-10,0.3296,0.3389,0.3296,0.3375,861136000
2013-05-13,0.3351,0.3365,0.3291,0.3305,289812000
2013-05-14,0.3344,0.3382,0.3312,0.3354,454140000
2013-05-15,0.3337,0.3423,0.3337,0.3412,313172000
2013-05-16,0.3407,0.3442,0.3384,0.3395,308368000
2013-05-17,0.3412,0.3474,0.3386,0.3451,312116000
2013-05-20,0.3437,0.3458,0.3426,0.3444,236380000
2013-05-21,0.3464,0.3494,0.3424,0.348,357784000
2013-05-22,0.3494,0.3494,0.3345,0.3359,480404000
2013-05-23,0.3319,0.3424,0.331,0.3413,393884000
2013-05-24,0.3394,0.3422,0.3354,0.3392,283304000
2013-05-28,0.3417,0.3427,0.3357,0.3389,279300000
2013-05-29,0.3368,0.3389,0.3354,0.3368,335052000
2013-05-30,0.3364,0.3448,0.3354,0.3413,284504000
2013-05-31,0.3394,0.3443,0.3375,0.3375,577508000
2013-06-03,0.338,0.3406,0.3301,0.3371,444468000
2013-06-04,0.3392,0.3452,0.3354,0.3375,363676000
2013-06-05,0.3371,0.3396,0.3294,0.3303,464520000
2013-06-06,0.3303,0.335,0.3301,0.3324,341044000
2013-06-07,0.3347,0.3392,0.3333,0.3371,274584000
2013-06-10,0.3361,0.3389,0.3343,0.3368,224148000
2013-06-11,0.3324,0.3371,0.3305,0.3305,296336000
2013-06-12,0.3322,0.335,0.3259,0.3277,312588000
2013-06-13,0.3266,0.3368,0.3263,0.3352,236256000
2013-06-14,0.3364,0.3368,0.3324,0.3347,236012000
2013-06-17,0.3373,0.341,0.3354,0.338,255336000
2013-06-18,0.3396,0.3434,0.3331,0.3359,486772000
2013-06-19,0.3389,0.3611,0.3378,0.3462,1159588000
2013-06-20,0.3434,0.3438,0.3345,0.3368,628696000
2013-06-21,0.3387,0.3399,0.3308,0.3364,714228000
2013-06-24,0.3315,0.3357,0.3245,0.3294,580772000
2013-06-25,0.3329,0.3336,0.3282,0.3317,457360000
2013-06-26,0.3354,0.3359,0.3284,0.3298,579752000
2013-06-27,0.3308,0.3312,0.3233,0.3268,808036000
2013-06-28,0.3268,0.3308,0.3226,0.3275,431536000
2013-07-01,0.3298,0.3305,0.3268,0.3289,199524000
2013-07-02,0.327,0.3336,0.3256,0.3287,256392000
2013-07-03,0.3259,0.3336,0.3259,0.3296,140388000
2013-07-05,0.3305,0.3329,0.3284,0.3322,184684000
2013-07-08,0.3331,0.3347,0.3287,0.3305,262084000
2013-07-09,0.3312,0.3343,0.3303,0.3322,157364000
2013-07-10,0.3322,0.3375,0.3312,0.3366,208468000
2013-07-11,0.3385,0.3417,0.3378,0.3413,239832000
2013-07-12,0.3406,0.3448,0.3394,0.3415,216360000
2013-07-15,0.3422,0.3422,0.3354,0.3408,201332000
2013-07-16,0.3422,0.3445,0.3406,0.3427,162560000
2013-07-17,0.3427,0.3438,0.3399,0.3408,166100000
2013-07-18,0.3403,0.3415,0.335,0.3394,344488000
2013-07-19,0.3373,0.3389,0.3287,0.3322,480532000
2013-07-22,0.3347,0.3378,0.3305,0.3319,292384000
2013-07-23,0.3361,0.3361,0.3298,0.3315,246792000
2013-07-24,0.3345,0.3354,0.331,0.3315,284252000
2013-07-25,0.3312,0.3371,0.3289,0.3326,243320000
2013-07-26,0.3287,0.3333,0.3287,0.3312,227360000
2013-07-29,0.3305,0.3347,0.3296,0.3305,179540000
2013-07-30,0.3317,0.3406,0.3315,0.3361,266076000
2013-07-31,0.3345,0.3401,0.3343,0.3368,270160000
2013-08-01,0.338,0.3422,0.334,0.3415,277648000
2013-08-02,0.3408,0.345,0.3385,0.3443,209628000
2013-08-05,0.3434,0.3471,0.3415,0.3459,185188000
2013-08-06,0.3462,0.3469,0.3401,0.3408,206608000
2013-08-07,0.3389,0.3441,0.3387,0.3406,244380000
2013-08-08,0.3424,0.3445,0.3385,0.3429,345696000
2013-08-09,0.3294,0.3431,0.3291,0.338,906224000
2013-08-12,0.3242,0.3401,0.3058,0.3352,257568000
2013-08-13,0.3357,0.3378,0.3336,0.3364,197468000
2013-08-14,0.3357,0.3527,0.3354,0.3506,828508000
2013-08-15,0.3469,0.3557,0.3455,0.3529,723616000
2013-08-16,0.3522,0.3592,0.3515,0.3543,660456000
2013-08-19,0.3522,0.3534,0.3485,0.3487,393432000
2013-08-20,0.3486,0.3528,0.3482,0.3505,234192000
2013-08-21,0.3484,0.3528,0.3474,0.3489,261540000
2013-08-22,0.3486,0.354,0.3486,0.3507,129016000
2013-08-23,0.3512,0.354,0.35,0.3507,245120000
2013-08-26,0.351,0.3524,0.35,0.3514,300152000
2013-08-27,0.3482,0.3505,0.3458,0.347,277464000
2013-08-28,0.3477,0.3503,0.3456,0.347,318824000
2013-08-29,0.3458,0.3496,0.3449,0.3463,276216000
2013-08-30,0.3465,0.3474,0.3442,0.3458,378120000
2013-09-03,0.3467,0.351,0.3439,0.346,284680000
2013-09-04,0.346,0.3514,0.3456,0.3493,222080000
2013-09-05,0.3479,0.3517,0.3477,0.3503,174904000
2013-09-06,0.3505,0.3524,0.3463,0.3489,226756000
2013-09-09,0.3517,0.3547,0.3507,0.3547,246408000
2013-09-10,0.3573,0.3625,0.3557,0.3622,292132000
2013-09-11,0.3617,0.3693,0.3592,0.3683,396164000
2013-09-12,0.3664,0.3728,0.3664,0.3681,303808000
2013-09-13,0.3693,0.3721,0.3667,0.3704,159696000
2013-09-16,0.3735,0.3761,0.3693,0.3707,231412000
2013-09-17,0.3721,0.3749,0.3704,0.3718,168608000
2013-09-18,0.3721,0.376,0.3702,0.3751,268168000
2013-09-19,0.3768,0.3775,0.3718,0.3735,227572000
2013-09-20,0.3744,0.3768,0.3695,0.3702,356036000
2013-09-23,0.37,0.373,0.3646,0.3667,271244000
2013-09-24,0.3669,0.3695,0.3648,0.3681,229732000
2013-09-25,0.3674,0.3714,0.3657,0.3685,233156000
2013-09-26,0.3695,0.3702,0.3653,0.3674,148816000
2013-09-27,0.3646,0.3676,0.3632,0.3653,151920000
2013-09-30,0.3615,0.3674,0.3594,0.3648,226640000
2013-10-01,0.3653,0.3669,0.3625,0.3646,226976000
2013-10-02,0.3608,0.3657,0.3608,0.3643,162036000
2013-10-03,0.3646,0.3678,0.3589,0.3606,436768000
2013-10-04,0.3601,0.3685,0.3592,0.3655,246228000
2013-10-07,0.3641,0.3681,0.3622,0.3655,169952000
2013-10-08,0.3646,0.3697,0.3596,0.3625,290712000
2013-10-09,0.3648,0.365,0.3549,0.3568,275860000
2013-10-10,0.3594,0.3617,0.3568,0.3608,223484000
2013-10-11,0.3552,0.3596,0.354,0.3578,213704000
2013-10-14,0.3568,0.3632,0.3568,0.3632,166628000
2013-10-15,0.3632,0.3653,0.361,0.3613,208820000
2013-10-16,0.3634,0.3671,0.3629,0.3657,210072000
2013-10-17,0.3629,0.3674,0.3629,0.3664,213324000
2013-10-18,0.3657,0.3718,0.3643,0.3707,255068000
2013-10-21,0.3751,0.3753,0.3704,0.3716,195008000
2013-10-22,0.3716,0.3718,0.3664,0.3697,179452000
2013-10-23,0.369,0.369,0.3622,0.3634,252216000
2013-10-24,0.3643,0.3667,0.3601,0.3608,236436000
2013-10-25,0.3627,0.3629,0.3561,0.3573,330492000
2013-10-28,0.3568,0.3585,0.3517,0.3566,394024000
2013-10-29,0.3561,0.3578,0.3528,0.3571,387952000
2013-10-30,0.3582,0.3599,0.3538,0.3568,204032000
2013-10-31,0.3573,0.3599,0.3554,0.3561,293368000
2013-11-01,0.358,0.3594,0.3552,0.3578,206136000
2013-11-04,0.3589,0.3589,0.3467,0.3474,410264000
2013-11-05,0.3453,0.3486,0.3416,0.347,422368000
2013-11-06,0.347,0.3496,0.3435,0.3493,198044000
2013-11-07,0.3482,0.3491,0.3404,0.3411,553076000
2013-11-08,0.3517,0.366,0.3503,0.3648,734532000
2013-11-11,0.3634,0.3688,0.3627,0.3678,297624000
2013-11-12,0.3695,0.3716,0.3643,0.3685,316032000
2013-11-13,0.3676,0.3786,0.3669,0.3786,332792000
2013-11-14,0.3775,0.3826,0.3772,0.3803,307980000
2013-11-15,0.3817,0.3821,0.3753,0.3791,450332000
2013-11-18,0.3709,0.3742,0.369,0.37,316948000
2013-11-19,0.3682,0.3715,0.3635,0.3639,206716000
2013-11-20,0.3642,0.3651,0.3578,0.3585,204776000
2013-11-21,0.359,0.3621,0.3573,0.3614,213568000
2013-11-22,0.3618,0.3618,0.3571,0.3578,158668000
2013-11-25,0.3578,0.3661,0.3578,0.3656,248208000
2013-11-26,0.3696,0.3727,0.3672,0.3687,753176000
2013-11-27,0.3684,0.3713,0.3661,0.3701,181272000
2013-11-29,0.3701,0.371,0.3654,0.3677,116964000
2013-12-02,0.3663,0.3738,0.3656,0.3713,373872000
2013-12-03,0.3713,0.3762,0.3687,0.371,290560000
2013-12-04,0.3701,0.3769,0.3691,0.3762,493176000
2013-12-05,0.3769,0.3769,0.3696,0.3701,271812000
2013-12-06,0.3746,0.3746,0.3637,0.3647,281000000
2013-12-09,0.3647,0.3658,0.3578,0.3585,385220000
2013-12-10,0.3585,0.3684,0.3581,0.3668,524268000
2013-12-11,0.3675,0.368,0.3625,0.3632,414156000
2013-12-12,0.3621,0.3639,0.3555,0.3562,258724000
2013-12-13,0.3569,0.3595,0.3536,0.354,184588000
2013-12-16,0.3543,0.3576,0.354,0.3545,237620000
2013-12-17,0.3543,0.3571,0.3512,0.3562,274104000
2013-12-18,0.3569,0.3618,0.3524,0.3611,426232000
2013-12-19,0.3606,0.363,0.3583,0.3625,258544000
2013-12-20,0.3632,0.3701,0.3623,0.3698,382080000
2013-12-23,0.372,0.375,0.3689,0.372,168568000
2013-12-24,0.3741,0.3741,0.3691,0.3729,79600000
2013-12-26,0.3743,0.3755,0.3684,0.3694,168920000
2013-12-27,0.3713,0.3722,0.3691,0.3715,210976000
2013-12-30,0.3717,0.3767,0.3713,0.3764,248180000
2013-12-31,0.3771,0.3795,0.3748,0.3776,235776000
2014-01-02,0.3753,0.3767,0.3705,0.3738,260092000
2014-01-03,0.3746,0.3753,0.3682,0.3694,259332000
2014-01-06,0.3731,0.3771,0.3696,0.3743,409492000
2014-01-07,0.3781,0.3819,0.3755,0.3804,333288000
2014-01-08,0.3819,0.3875,0.3804,0.3856,308192000
2014-01-09,0.3797,0.3804,0.3701,0.3713,292172000
2014-01-10,0.3724,0.375,0.3675,0.3708,218492000
2014-01-13,0.3708,0.3731,0.3614,0.3621,243332000
2014-01-14,0.3639,0.3741,0.3623,0.3734,241828000
2014-01-15,0.375,0.3788,0.3734,0.3774,175044000
2014-01-16,0.3774,0.3793,0.3757,0.3786,220652000
2014-01-17,0.3786,0.383,0.3746,0.3769,340400000
2014-01-21,0.3774,0.3807,0.3743,0.3783,246076000
2014-01-22,0.379,0.3795,0.3734,0.3779,337940000
2014-01-23,0.3767,0.3807,0.3736,0.3764,185028000
2014-01-24,0.3734,0.3748,0.3668,0.3668,246696000
2014-01-27,0.3668,0.372,0.3623,0.3644,233812000
2014-01-28,0.3637,0.3682,0.3623,0.368,167996000
2014-01-29,0.3665,0.3687,0.3642,0.3644,162944000
2014-01-30,0.3665,0.3713,0.3654,0.3705,202896000
2014-01-31,0.3654,0.3722,0.3651,0.3701,335348000
2014-02-03,0.3727,0.3731,0.3637,0.3651,431728000
2014-02-04,0.3649,0.368,0.363,0.3672,280692000
2014-02-05,0.3647,0.3658,0.3611,0.3639,214676000
2014-02-06,0.3644,0.3696,0.3639,0.3687,168380000
2014-02-07,0.3696,0.3746,0.3663,0.3741,157248000
2014-02-10,0.3736,0.3802,0.3734,0.3753,324372000
2014-02-11,0.3774,0.384,0.3755,0.383,235384000
2014-02-12,0.3842,0.3995,0.3842,0.3967,744528000
2014-02-13,0.4066,0.4116,0.3995,0.4092,902836000
2014-02-14,0.4054,0.4231,0.4052,0.4222,817536000
2014-02-18,0.4224,0.4238,0.4184,0.4219,428988000
2014-02-19,0.4219,0.4314,0.42,0.4276,450340000
2014-02-20,0.4285,0.4436,0.4278,0.4427,398088000
2014-02-21,0.442,0.4476,0.4365,0.4394,451052000
2014-02-24,0.4384,0.449,0.4344,0.4457,403112000
2014-02-25,0.4451,0.447,0.439,0.4437,242184000
2014-02-26,0.4428,0.4494,0.4416,0.443,360884000
2014-02-27,0.443,0.4475,0.4369,0.438,388848000
2014-02-28,0.4357,0.4399,0.4288,0.4352,321692000
2014-03-03,0.4255,0.4331,0.4217,0.4331,375948000
2014-03-04,0.4352,0.4404,0.4345,0.4376,260344000
2014-03-05,0.4371,0.4416,0.4352,0.4414,241472000
2014-03-06,0.4421,0.4444,0.4345,0.4352,290144000
2014-03-07,0.4371,0.4378,0.4314,0.4347,268452000
2014-03-10,0.4333,0.4352,0.4264,0.4283,300888000
2014-03-11,0.4305,0.4364,0.429,0.4326,297220000
2014-03-12,0.4305,0.4364,0.4288,0.4338,239428000
2014-03-13,0.4347,0.4364,0.4179,0.42,385172000
2014-03-14,0.4158,0.4257,0.4158,0.4219,460048000
2014-03-17,0.4231,0.4262,0.4215,0.4219,299656000
2014-03-18,0.4236,0.4347,0.4217,0.4319,293904000
2014-03-19,0.4352,0.4477,0.434,0.4395,366168000
2014-03-20,0.4371,0.4435,0.4352,0.4397,191800000
2014-03-21,0.4435,0.447,0.4366,0.439,566116000
2014-03-24,0.4392,0.4428,0.4305,0.4369,306096000
2014-03-25,0.4416,0.4421,0.4335,0.4369,304424000
2014-03-26,0.4409,0.4492,0.4231,0.4269,557756000
2014-03-27,0.426,0.4295,0.4165,0.4212,540728000
2014-03-28,0.4205,0.4264,0.4193,0.4238,398820000
2014-03-31,0.4245,0.4283,0.4217,0.4241,273404000
2014-04-01,0.4376,0.4468,0.4324,0.4416,656272000
2014-04-02,0.4416,0.4425,0.4369,0.4388,239948000
2014-04-03,0.4397,0.4541,0.4395,0.4435,599548000
2014-04-04,0.4459,0.4485,0.4279,0.4298,368032000
2014-04-07,0.43,0.4395,0.4276,0.4312,428576000
2014-04-08,0.4312,0.4477,0.4305,0.4466,470692000
2014-04-09,0.4487,0.4525,0.4425,0.4461,421968000
2014-04-10,0.4442,0.4504,0.4338,0.4352,372748000
2014-04-11,0.4319,0.4385,0.4234,0.429,353112000
2014-04-14,0.4319,0.4354,0.429,0.4338,290184000
2014-04-15,0.4343,0.4392,0.43,0.4369,304636000
2014-04-16,0.439,0.4395,0.4324,0.4378,235136000
2014-04-17,0.4361,0.4435,0.4352,0.4395,153532000
2014-04-21,0.4397,0.4442,0.4369,0.443,117004000
2014-04-22,0.4437,0.4496,0.4414,0.4468,255120000
2014-04-23,0.4475,0.4532,0.4468,0.452,261580000
2014-04-24,0.4551,0.4608,0.4551,0.456,391492000
2014-04-25,0.4551,0.4594,0.4425,0.4435,313600000
2014-04-28,0.447,0.4494,0.4361,0.4416,226788000
2014-04-29,0.4433,0.4442,0.4376,0.4425,171300000
2014-04-30,0.4418,0.4423,0.4364,0.4373,305740000
2014-05-01,0.444,0.4449,0.4361,0.4397,198104000
2014-05-02,0.4418,0.4418,0.4338,0.4364,156376000
2014-05-05,0.4359,0.4444,0.4354,0.4411,239260000
2014-05-06,0.4454,0.4492,0.4309,0.4321,416188000
2014-05-07,0.4321,0.4361,0.4279,0.4326,293900000
2014-05-08,0.4309,0.4449,0.4288,0.438,432728000
2014-05-09,0.4248,0.4288,0.4193,0.4274,539532000
2014-05-12,0.4283,0.4409,0.4281,0.4399,299856000
2014-05-13,0.434,0.4411,0.4314,0.4328,221104000
2014-05-14,0.4331,0.4347,0.4283,0.4286,214320000
2014-05-15,0.4276,0.43,0.4219,0.4262,325896000
2014-05-16,0.4229,0.4283,0.4229,0.4253,283960000
2014-05-19,0.4298,0.4414,0.4279,0.439,360076000
2014-05-20,0.4391,0.4403,0.4317,0.4339,256200000
2014-05-21,0.4355,0.4393,0.4313,0.4339,216712000
2014-05-22,0.4329,0.4382,0.4329,0.4358,130364000
2014-05-23,0.4382,0.442,0.4355,0.4398,182656000
2014-05-27,0.4424,0.4477,0.441,0.4477,209680000
2014-05-28,0.4493,0.4543,0.4451,0.4515,224676000
2014-05-29,0.4512,0.455,0.4498,0.4508,171884000
2014-05-30,0.4508,0.4531,0.4484,0.452,239128000
2014-06-02,0.4534,0.4562,0.4467,0.4505,181500000
2014-06-03,0.4515,0.452,0.4427,0.4486,243212000
2014-06-04,0.4474,0.4524,0.4472,0.4491,161236000
2014-06-05,0.4498,0.4524,0.4472,0.451,188696000
2014-06-06,0.4531,0.4567,0.4515,0.4527,161052000
2014-06-09,0.4522,0.4574,0.4491,0.4531,247456000
2014-06-10,0.4515,0.4577,0.4496,0.4555,217608000
2014-06-11,0.4539,0.4627,0.4539,0.4615,266228000
2014-06-12,0.4615,0.4665,0.4574,0.4643,337148000
2014-06-13,0.4691,0.4693,0.4603,0.4648,227852000
2014-06-16,0.4627,0.4665,0.4593,0.4634,198620000
2014-06-17,0.4638,0.4684,0.4615,0.4665,157608000
2014-06-18,0.4653,0.4681,0.461,0.466,215536000
2014-06-19,0.4574,0.4598,0.452,0.4553,474592000
2014-06-20,0.4565,0.4581,0.4467,0.4503,353148000
2014-06-23,0.4443,0.4453,0.4391,0.4451,414200000
2014-06-24,0.4443,0.4479,0.4363,0.4382,275780000
2014-06-25,0.4393,0.4429,0.4353,0.4427,215420000
2014-06-26,0.4427,0.4429,0.4353,0.4367,256908000
2014-06-27,0.4363,0.4398,0.4336,0.4372,302820000
2014-06-30,0.4355,0.4422,0.4355,0.441,180512000
2014-07-01,0.4405,0.4486,0.4391,0.446,321180000
2014-07-02,0.4443,0.4462,0.4417,0.4443,179284000
2014-07-03,0.4403,0.4496,0.4403,0.4484,136892000
2014-07-07,0.4491,0.4493,0.4441,0.4448,127496000
2014-07-08,0.4436,0.4455,0.437,0.4412,221940000
2014-07-09,0.4451,0.4565,0.4417,0.4546,387668000
2014-07-10,0.446,0.4541,0.4424,0.4522,266308000
2014-07-11,0.4527,0.4546,0.451,0.4531,191188000
2014-07-14,0.455,0.46,0.4534,0.4589,272636000
2014-07-15,0.4596,0.4619,0.4565,0.4608,395440000
2014-07-16,0.4627,0.4662,0.4577,0.4603,319728000
2014-07-17,0.455,0.4638,0.455,0.4591,324832000
2014-07-18,0.4496,0.4531,0.4379,0.4386,567816000
2014-07-21,0.437,0.4443,0.437,0.4412,243364000
2014-07-22,0.4446,0.447,0.4384,0.4393,298816000
2014-07-23,0.4396,0.4398,0.4296,0.4301,297352000
2014-07-24,0.4324,0.4336,0.4277,0.4308,254576000
2014-07-25,0.4294,0.4303,0.4225,0.4232,266132000
2014-07-28,0.4251,0.4251,0.4144,0.4215,330352000
2014-07-29,0.4217,0.4286,0.4215,0.4229,217972000
2014-07-30,0.4255,0.4313,0.4244,0.4301,246184000
2014-07-31,0.4248,0.4282,0.4156,0.4163,401880000
2014-08-01,0.4163,0.4232,0.4148,0.4208,219884000
2014-08-04,0.4203,0.4239,0.4177,0.4198,241724000
2014-08-05,0.4187,0.4263,0.4151,0.4201,298136000
2014-08-06,0.4172,0.4248,0.4141,0.4196,223456000
2014-08-07,0.4232,0.427,0.4125,0.4153,407696000
2014-08-08,0.4334,0.4543,0.4334,0.452,894348000
2014-08-11,0.4524,0.4543,0.4484,0.4496,344624000
2014-08-12,0.4493,0.452,0.4446,0.4496,296152000
2014-08-13,0.4503,0.456,0.4474,0.4522,256596000
2014-08-14,0.4539,0.4539,0.4453,0.4472,255992000
2014-08-15,0.4486,0.4555,0.4443,0.4529,369796000
2014-08-18,0.4548,0.4596,0.4503,0.4591,284076000
2014-08-19,0.4592,0.4652,0.4575,0.4628,248260000
2014-08-20,0.4611,0.4633,0.4587,0.4599,221468000
2014-08-21,0.4587,0.4611,0.4549,0.4556,272796000
2014-08-22,0.4551,0.4597,0.4523,0.4559,251224000
2014-08-25,0.4578,0.4609,0.4556,0.4566,153380000
2014-08-26,0.4578,0.4657,0.4561,0.4647,269636000
2014-08-27,0.4618,0.4654,0.4587,0.4594,182972000
2014-08-28,0.4585,0.4642,0.4571,0.4633,179704000
2014-08-29,0.4649,0.4657,0.4599,0.4647,207932000
2014-09-02,0.4659,0.4659,0.4616,0.4659,192636000
2014-09-03,0.4683,0.4719,0.4652,0.4702,259456000
2014-09-04,0.4695,0.4814,0.4692,0.4786,491832000
2014-09-05,0.4781,0.4802,0.474,0.4771,253792000
2014-09-08,0.4766,0.4776,0.4709,0.4728,319288000
2014-09-09,0.4707,0.4738,0.4664,0.4669,198588000
2014-09-10,0.4695,0.4702,0.4642,0.4685,172376000
2014-09-11,0.4652,0.4669,0.4587,0.4637,250720000
2014-09-12,0.4666,0.4666,0.4563,0.4568,262536000
2014-09-15,0.4583,0.459,0.4487,0.4506,294152000
2014-09-16,0.4494,0.4597,0.448,0.4573,219936000
2014-09-17,0.4561,0.4618,0.454,0.4575,173584000
2014-09-18,0.4604,0.4649,0.459,0.4645,219604000
2014-09-19,0.4659,0.4664,0.4551,0.4559,601316000
2014-09-22,0.4652,0.4652,0.4508,0.4513,221464000
2014-09-23,0.4489,0.4544,0.4473,0.4494,196144000
2014-09-24,0.4492,0.4535,0.4487,0.452,159592000
2014-09-25,0.4516,0.4528,0.4413,0.4422,298440000
2014-09-26,0.4437,0.4465,0.4418,0.4432,241188000
2014-09-29,0.4396,0.4456,0.4353,0.4425,208540000
2014-09-30,0.4406,0.4439,0.4356,0.4408,277204000
2014-10-01,0.4415,0.4446,0.4353,0.4365,350976000
2014-10-02,0.4358,0.4379,0.4246,0.4346,288996000
2014-10-03,0.4372,0.4432,0.4356,0.4356,239140000
2014-10-06,0.4372,0.4408,0.4301,0.4329,199032000
2014-10-07,0.431,0.4353,0.4279,0.4284,301896000
2014-10-08,0.4279,0.4384,0.4246,0.4363,260172000
2014-10-09,0.4344,0.4348,0.4243,0.4279,306956000
2014-10-10,0.4246,0.426,0.4023,0.4026,691376000
2014-10-13,0.4052,0.4133,0.4007,0.4011,397628000
2014-10-14,0.4066,0.4217,0.4043,0.4105,376620000
2014-10-15,0.4045,0.4188,0.4019,0.4167,404428000
2014-10-16,0.4093,0.4217,0.4083,0.4169,351116000
2014-10-17,0.4219,0.4267,0.4145,0.4162,290716000
2014-10-20,0.4162,0.4236,0.4133,0.4198,200336000
2014-10-21,0.4229,0.4382,0.4217,0.4377,351092000
2014-10-22,0.437,0.4384,0.4274,0.4274,239512000
2014-10-23,0.4348,0.4401,0.4317,0.437,214476000
2014-10-24,0.4396,0.4442,0.437,0.4415,210156000
2014-10-27,0.4413,0.4434,0.4365,0.4418,145092000
2014-10-28,0.4406,0.4528,0.4401,0.4523,192580000
2014-10-29,0.4504,0.453,0.4454,0.4494,168340000
2014-10-30,0.4482,0.4501,0.4408,0.4465,170260000
2014-10-31,0.4568,0.4671,0.4544,0.4669,256316000
2014-11-03,0.4776,0.4793,0.4723,0.4747,308732000
2014-11-04,0.4778,0.4826,0.47,0.4809,360196000
2014-11-05,0.4838,0.4841,0.4774,0.4809,335652000
2014-11-06,0.4819,0.4838,0.4745,0.4831,394088000
2014-11-07,0.4886,0.4943,0.468,0.4728,450800000
2014-11-10,0.4723,0.4814,0.4712,0.4783,293388000
2014-11-11,0.4755,0.4781,0.4685,0.4726,212992000
2014-11-12,0.4709,0.4721,0.463,0.4695,204584000
2014-11-13,0.4712,0.4719,0.4633,0.4671,225328000
2014-11-14,0.4676,0.4728,0.463,0.4728,160248000
2014-11-17,0.4707,0.4757,0.4676,0.4707,158732000
2014-11-18,0.4709,0.4831,0.4697,0.4819,207772000
2014-11-19,0.4823,0.4837,0.4751,0.4801,240300000
2014-11-20,0.4767,0.4885,0.4753,0.488,220968000
2014-11-21,0.4923,0.4931,0.4866,0.4907,198976000
2014-11-24,0.4919,0.4959,0.4899,0.4938,136004000
2014-11-25,0.4928,0.4971,0.4919,0.4935,190240000
2014-11-26,0.4907,0.5024,0.4904,0.5019,219264000
2014-11-28,0.5036,0.506,0.4991,0.5031,124832000
2014-12-01,0.501,0.5039,0.4931,0.4938,190060000
2014-12-02,0.4933,0.4967,0.4887,0.4945,245952000
2014-12-03,0.4969,0.5075,0.4955,0.5072,284424000
2014-12-04,0.5065,0.5084,0.4993,0.5027,185332000
2014-12-05,0.5029,0.5082,0.5027,0.5055,165680000
2014-12-08,0.5048,0.5099,0.495,0.4991,226944000
2014-12-09,0.4959,0.4986,0.4885,0.4974,239448000
2014-12-10,0.4959,0.4979,0.4859,0.4863,204364000
2014-12-11,0.4892,0.4926,0.4851,0.4861,135652000
2014-12-12,0.4796,0.4839,0.4705,0.471,323964000
2014-12-15,0.4765,0.4851,0.4681,0.4695,254696000
2014-12-16,0.4691,0.4765,0.464,0.4643,185308000
2014-12-17,0.4736,0.4839,0.4583,0.4832,345596000
2014-12-18,0.4892,0.495,0.4806,0.4851,226156000
2014-12-19,0.4885,0.4919,0.4839,0.4899,325528000
2014-12-22,0.4895,0.4986,0.4878,0.4986,148976000
2014-12-23,0.5024,0.5048,0.495,0.4955,109280000
2014-12-24,0.4967,0.4974,0.4931,0.4935,45644000
2014-12-26,0.4935,0.4967,0.4923,0.494,52636000
2014-12-29,0.4926,0.4967,0.4902,0.4933,82944000
2014-12-30,0.4899,0.4923,0.488,0.4887,112120000
2014-12-31,0.4895,0.4921,0.4796,0.4811,166300000
2015-01-02,0.483,0.4866,0.4753,0.483,113680000
2015-01-05,0.483,0.4844,0.4727,0.4748,197952000
2015-01-06,0.4755,0.476,0.46,0.4604,197764000
2015-01-07,0.4638,0.4679,0.4578,0.4592,321808000
2015-01-08,0.4645,0.4794,0.4643,0.4765,283780000
2015-01-09,0.4782,0.482,0.4717,0.4784,209540000
2015-01-12,0.4796,0.4799,0.4681,0.4724,190732000
2015-01-13,0.476,0.4856,0.4683,0.4717,236720000
2015-01-14,0.4667,0.4751,0.4655,0.4736,155260000
2015-01-15,0.477,0.4799,0.47,0.4703,188932000
2015-01-16,0.4695,0.4794,0.4681,0.4789,181512000
2015-01-20,0.4823,0.4849,0.4743,0.4803,140308000
2015-01-21,0.4777,0.4883,0.4743,0.4871,144780000
2015-01-22,0.488,0.4969,0.483,0.4955,159712000
2015-01-23,0.4959,0.4979,0.4919,0.4969,120416000
2015-01-26,0.4947,0.4971,0.4916,0.4947,133240000
2015-01-27,0.4871,0.4875,0.47,0.471,357948000
2015-01-28,0.4767,0.4787,0.4631,0.4633,272728000
2015-01-29,0.4636,0.4772,0.4614,0.4746,235340000
2015-01-30,0.4712,0.4767,0.46,0.4607,298200000
2015-02-02,0.4636,0.4727,0.4544,0.4707,259604000
2015-02-03,0.4741,0.483,0.4717,0.4825,183468000
2015-02-04,0.4811,0.4892,0.4796,0.4837,181516000
2015-02-05,0.4842,0.4919,0.4837,0.4916,140448000
2015-02-06,0.4911,0.4969,0.4873,0.4895,210524000
2015-02-09,0.4866,0.4904,0.4835,0.489,273944000
2015-02-10,0.4895,0.5029,0.4873,0.5027,226204000
2015-02-11,0.5039,0.5039,0.4959,0.4993,320832000
2015-02-12,0.5279,0.5398,0.5247,0.5351,676904000
2015-02-13,0.5339,0.536,0.5257,0.5353,310084000
2015-02-17,0.5343,0.5396,0.531,0.537,203340000
2015-02-18,0.5363,0.5372,0.5298,0.5307,170948000
2015-02-19,0.5375,0.5384,0.5298,0.5322,169432000
2015-02-20,0.5317,0.5363,0.5279,0.536,157752000
2015-02-23,0.5358,0.5358,0.5291,0.5317,125008000
2015-02-24,0.5337,0.5374,0.5289,0.5374,149356000
2015-02-25,0.5352,0.5376,0.5308,0.5333,123820000
2015-02-26,0.5337,0.5378,0.5304,0.5347,152864000
2015-02-27,0.5333,0.5345,0.5294,0.5313,157492000
2015-03-02,0.5299,0.5472,0.5292,0.5443,301512000
2015-03-03,0.5402,0.5429,0.5325,0.5342,160344000
2015-03-04,0.5323,0.5414,0.5301,0.5402,226840000
2015-03-05,0.5402,0.5516,0.5388,0.5506,323056000
2015-03-06,0.5475,0.5501,0.5427,0.5431,257392000
2015-03-09,0.5434,0.5487,0.5422,0.5446,222388000
2015-03-10,0.547,0.5576,0.546,0.554,527212000
2015-03-11,0.554,0.5612,0.5496,0.5511,262120000
2015-03-12,0.5458,0.5499,0.5357,0.546,406972000
2015-03-13,0.5434,0.5482,0.5359,0.5467,359288000
2015-03-16,0.5511,0.5566,0.5475,0.5532,236956000
2015-03-17,0.552,0.5602,0.5482,0.56,299900000
2015-03-18,0.56,0.5629,0.5458,0.5508,413844000
2015-03-19,0.5528,0.5612,0.5487,0.5593,310756000
2015-03-20,0.5638,0.5687,0.5585,0.5653,462084000
2015-03-23,0.5484,0.5557,0.5467,0.547,426012000
2015-03-24,0.5453,0.5492,0.5371,0.5395,330480000
2015-03-25,0.5393,0.5393,0.5051,0.5068,542552000
2015-03-26,0.4964,0.5072,0.4928,0.5051,311920000
2015-03-27,0.508,0.5169,0.4998,0.515,318288000
2015-03-30,0.5174,0.5198,0.5106,0.5171,253252000
2015-03-31,0.5157,0.5162,0.5036,0.5041,357276000
2015-04-01,0.506,0.5077,0.4974,0.506,330768000
2015-04-02,0.5089,0.5104,0.5029,0.5072,192204000
2015-04-06,0.5051,0.5236,0.4998,0.5219,515864000
2015-04-07,0.5219,0.5323,0.519,0.5265,413964000
2015-04-08,0.527,0.5323,0.5219,0.5304,366432000
2015-04-09,0.5263,0.5443,0.526,0.5427,379432000
2015-04-10,0.5431,0.5484,0.5412,0.5482,258728000
2015-04-13,0.547,0.5501,0.5407,0.5431,236724000
2015-04-14,0.541,0.5431,0.5333,0.5386,220276000
2015-04-15,0.54,0.5492,0.5374,0.5451,243560000
2015-04-16,0.5419,0.5465,0.5378,0.5417,155284000
2015-04-17,0.5304,0.54,0.5301,0.5347,293636000
2015-04-20,0.5371,0.5405,0.5311,0.5321,231624000
2015-04-21,0.5386,0.5386,0.5287,0.5313,230456000
2015-04-22,0.5345,0.5381,0.5263,0.5374,207420000
2015-04-23,0.5275,0.5402,0.5215,0.5352,259380000
2015-04-24,0.5349,0.5352,0.5246,0.5306,240960000
2015-04-27,0.5323,0.5441,0.5277,0.5347,248456000
2015-04-28,0.5337,0.5393,0.5287,0.5374,234484000
2015-04-29,0.5335,0.5388,0.5311,0.5333,195156000
2015-04-30,0.5306,0.5374,0.5294,0.5347,218844000
2015-05-01,0.539,0.5496,0.5366,0.5479,256968000
2015-05-04,0.5475,0.5511,0.5429,0.5446,200720000
2015-05-05,0.5427,0.5434,0.5282,0.5306,292928000
2015-05-06,0.5335,0.5386,0.5253,0.5323,316484000
2015-05-07,0.5301,0.5434,0.5284,0.5417,534564000
2015-05-08,0.506,0.526,0.4935,0.5017,1146552000
2015-05-11,0.4947,0.5019,0.4909,0.4969,544144000
2015-05-12,0.4933,0.5058,0.493,0.5017,388800000
2015-05-13,0.5053,0.5092,0.4998,0.5046,308524000
2015-05-14,0.506,0.5154,0.5048,0.5128,293052000
2015-05-15,0.515,0.5174,0.5099,0.513,215824000
2015-05-18,0.5118,0.5154,0.5094,0.5123,324972000
2015-05-19,0.513,0.5147,0.5081,0.5091,253808000
2015-05-20,0.5094,0.5154,0.5086,0.5091,196824000
2015-05-21,0.5094,0.5115,0.505,0.5055,239692000
2015-05-22,0.5067,0.5086,0.5035,0.5048,212592000
2015-05-26,0.5023,0.5057,0.4977,0.5016,259732000
2015-05-27,0.505,0.5309,0.5033,0.5285,432332000
2015-05-28,0.5285,0.5374,0.5275,0.5357,327656000
2015-05-29,0.5357,0.5391,0.5348,0.5355,335168000
2015-06-01,0.5389,0.5469,0.5355,0.5415,372660000
2015-06-02,0.5381,0.541,0.5304,0.5309,224304000
2015-06-03,0.5323,0.5365,0.5241,0.5251,250788000
2015-06-04,0.5219,0.5362,0.5219,0.5345,323712000
2015-06-05,0.5328,0.541,0.5273,0.5386,313320000
2015-06-08,0.5369,0.5406,0.5202,0.5263,342812000
2015-06-09,0.5268,0.5328,0.5258,0.529,256888000
2015-06-10,0.5227,0.526,0.5166,0.5195,529460000
2015-06-11,0.5195,0.5287,0.5195,0.5251,283052000
2015-06-12,0.5217,0.5248,0.5096,0.5108,323728000
2015-06-15,0.5081,0.5123,0.5043,0.5098,306548000
2015-06-16,0.5089,0.5169,0.5038,0.5161,256892000
2015-06-17,0.5159,0.5251,0.5147,0.5222,233544000
2015-06-18,0.5265,0.5343,0.5251,0.5309,299404000
2015-06-19,0.5309,0.5352,0.5244,0.5292,355656000
2015-06-22,0.5302,0.5331,0.519,0.527,514236000
2015-06-23,0.528,0.5321,0.5094,0.5135,414064000
2015-06-24,0.5127,0.5154,0.506,0.5084,253368000
2015-06-25,0.5084,0.5154,0.5084,0.5123,350460000
2015-06-26,0.5081,0.5086,0.4997,0.5018,421296000
2015-06-29,0.496,0.5011,0.4861,0.4868,391724000
2015-06-30,0.4898,0.4919,0.4832,0.4866,315916000
2015-07-01,0.4987,0.5057,0.4893,0.4936,302892000
2015-07-02,0.4934,0.4973,0.491,0.4941,145764000
2015-07-06,0.49,0.4968,0.4844,0.4881,214776000
2015-07-07,0.4852,0.4871,0.4636,0.4789,594252000
2015-07-08,0.4762,0.4791,0.4716,0.4755,332492000
2015-07-09,0.483,0.4852,0.4668,0.4697,357588000
2015-07-10,0.4757,0.4822,0.4745,0.4779,216708000
2015-07-13,0.4827,0.4837,0.4779,0.481,212472000
2015-07-14,0.4818,0.4822,0.475,0.4813,249216000
2015-07-15,0.4801,0.4832,0.4735,0.4779,265732000
2015-07-16,0.4808,0.4885,0.4791,0.4885,282848000
2015-07-17,0.4868,0.4873,0.4793,0.4856,220372000
2015-07-20,0.4856,0.4876,0.4755,0.4767,188412000
2015-07-21,0.4757,0.4856,0.4757,0.4789,149720000
2015-07-22,0.4755,0.4755,0.4639,0.4697,356472000
2015-07-23,0.4706,0.4825,0.4697,0.4755,169916000
2015-07-24,0.4789,0.4793,0.468,0.4699,188844000
2015-07-27,0.4658,0.4726,0.4619,0.4672,192420000
2015-07-28,0.4685,0.4806,0.4636,0.4774,198308000
2015-07-29,0.4764,0.4871,0.4745,0.4832,232680000
2015-07-30,0.482,0.4893,0.482,0.4844,190180000
2015-07-31,0.4864,0.4866,0.4798,0.4827,218340000
2015-08-03,0.4866,0.4914,0.4803,0.491,397132000
2015-08-04,0.4893,0.4943,0.4873,0.4929,260100000
2015-08-05,0.505,0.5055,0.497,0.498,234628000
2015-08-06,0.4968,0.5004,0.4866,0.4948,655676000
2015-08-07,0.5435,0.5655,0.5294,0.5561,1405248000
2015-08-10,0.5522,0.5795,0.5488,0.5754,662304000
2015-08-11,0.5669,0.5781,0.5669,0.5725,435008000
2015-08-12,0.5633,0.5781,0.5633,0.574,384048000
2015-08-13,0.5747,0.5759,0.5677,0.5691,276884000
2015-08-14,0.5686,0.573,0.5652,0.5696,214652000
2015-08-17,0.5686,0.5686,0.559,0.566,273880000
2015-08-18,0.5642,0.5681,0.5564,0.5608,287084000
2015-08-19,0.5601,0.5664,0.5526,0.5586,249248000
2015-08-20,0.5523,0.555,0.5358,0.5385,426932000
2015-08-21,0.5346,0.5436,0.5212,0.5217,382664000
2015-08-24,0.4925,0.5304,0.486,0.5032,682284000
2015-08-25,0.5253,0.5273,0.4928,0.4928,622684000
2015-08-26,0.5088,0.5304,0.5049,0.53,614976000
2015-08-27,0.5355,0.5501,0.5324,0.5499,463764000
2015-08-28,0.5499,0.5557,0.546,0.5523,320944000
2015-08-31,0.5496,0.5535,0.5441,0.5462,219352000
2015-09-01,0.5304,0.5394,0.52,0.5239,353408000
2015-09-02,0.5382,0.5399,0.5292,0.5397,344044000
2015-09-03,0.5477,0.5504,0.5402,0.5411,262556000
2015-09-04,0.5319,0.5404,0.5283,0.5285,287972000
2015-09-08,0.5414,0.5533,0.5392,0.5511,238448000
2015-09-09,0.5528,0.5574,0.539,0.5402,289392000
2015-09-10,0.537,0.5555,0.5346,0.5487,357076000
2015-09-11,0.5426,0.554,0.5404,0.5504,301584000
2015-09-14,0.553,0.5547,0.5484,0.5513,192460000
2015-09-15,0.5516,0.5603,0.5499,0.5574,327976000
2015-09-16,0.5564,0.5645,0.5523,0.5613,173508000
2015-09-17,0.571,0.5761,0.5652,0.5664,268712000
2015-09-18,0.5586,0.5708,0.5552,0.5659,326412000
2015-09-21,0.5667,0.573,0.5637,0.5718,281840000
2015-09-22,0.5594,0.5633,0.5533,0.5562,228356000
2015-09-23,0.5567,0.5623,0.5545,0.5589,161632000
2015-09-24,0.5555,0.5754,0.5467,0.5696,382440000
2015-09-25,0.5766,0.5849,0.5681,0.5737,369692000
2015-09-28,0.5737,0.5773,0.5625,0.5662,395584000
2015-09-29,0.5722,0.5771,0.5642,0.5761,380736000
2015-09-30,0.5815,0.5997,0.5781,0.599,556380000
2015-10-01,0.599,0.6007,0.5703,0.5873,489296000
2015-10-02,0.5841,0.6026,0.5781,0.6026,386144000
2015-10-05,0.6065,0.6252,0.6033,0.6177,482024000
2015-10-06,0.6111,0.6284,0.6087,0.6257,453216000
2015-10-07,0.6272,0.6386,0.617,0.6323,310152000
2015-10-08,0.6296,0.6376,0.6189,0.6359,460068000
2015-10-09,0.6325,0.6386,0.6216,0.6335,423248000
2015-10-12,0.6342,0.6439,0.6296,0.6403,227588000
2015-10-13,0.6352,0.6454,0.633,0.6415,298444000
2015-10-14,0.6422,0.6753,0.6415,0.6648,612148000
2015-10-15,0.666,0.6801,0.6592,0.6665,526048000
2015-10-16,0.6687,0.6833,0.667,0.677,448396000
2015-10-19,0.6792,0.6823,0.668,0.6758,294712000
2015-10-20,0.6728,0.6779,0.6677,0.6748,264824000
2015-10-21,0.6789,0.683,0.6648,0.666,386280000
2015-10-22,0.6738,0.6923,0.6728,0.6901,306884000
2015-10-23,0.6962,0.6993,0.6857,0.6947,381776000
2015-10-26,0.6952,0.6969,0.6852,0.6915,247436000
2015-10-27,0.6881,0.6954,0.6877,0.6911,208268000
2015-10-28,0.6954,0.6967,0.6852,0.6967,217036000
2015-10-29,0.6855,0.6925,0.6714,0.6726,327168000
2015-10-30,0.6799,0.6942,0.6748,0.6894,301160000
2015-11-02,0.6915,0.6981,0.6874,0.6974,190088000
2015-11-03,0.6933,0.6971,0.6847,0.6925,376768000
2015-11-04,0.6906,0.6957,0.6779,0.6811,442264000
2015-11-05,0.6845,0.6864,0.6714,0.6733,478800000
2015-11-06,0.7399,0.7761,0.7246,0.7666,1172272000
2015-11-09,0.7591,0.7654,0.7525,0.7632,492568000
2015-11-10,0.7533,0.7574,0.7326,0.7487,552260000
2015-11-11,0.7491,0.7545,0.7387,0.7414,619896000
2015-11-12,0.7397,0.7465,0.7355,0.7387,291080000
2015-11-13,0.7394,0.7426,0.7205,0.7241,292940000
2015-11-16,0.7336,0.7392,0.7278,0.7387,344280000
2015-11-17,0.7406,0.745,0.7355,0.7387,257048000
2015-11-18,0.7417,0.7578,0.7337,0.7569,350216000
2015-11-19,0.7595,0.7666,0.7534,0.7591,254072000
2015-11-20,0.7647,0.77,0.76,0.7656,239744000
2015-11-23,0.772,0.772,0.7515,0.7542,242552000
2015-11-24,0.7542,0.7669,0.7508,0.7603,195428000
2015-11-25,0.7588,0.7678,0.7566,0.7593,138300000
2015-11-27,0.7608,0.7681,0.7569,0.7656,86996000
2015-11-30,0.7664,0.7771,0.7656,0.7737,327244000
2015-12-01,0.7805,0.7995,0.7798,0.7988,409496000
2015-12-02,0.8,0.8083,0.791,0.7927,294240000
2015-12-03,0.7991,0.8074,0.7871,0.791,246656000
2015-12-04,0.791,0.8247,0.791,0.8232,458756000
2015-12-07,0.823,0.823,0.8052,0.8076,333588000
2015-12-08,0.7976,0.822,0.7925,0.8186,314488000
2015-12-09,0.8183,0.8232,0.7895,0.7978,372676000
2015-12-10,0.8003,0.8088,0.7976,0.8044,236596000
2015-12-11,0.7964,0.802,0.7908,0.7925,227320000
2015-12-14,0.7932,0.7988,0.7849,0.7944,275892000
2015-12-15,0.8034,0.8098,0.7991,0.8042,307296000
2015-12-16,0.8059,0.8117,0.7988,0.8091,236356000
2015-12-17,0.8103,0.8186,0.7964,0.7969,254160000
2015-12-18,0.7913,0.7993,0.783,0.7839,395896000
2015-12-21,0.7925,0.8032,0.7854,0.8025,284216000
2015-12-22,0.8049,0.8113,0.7983,0.8032,130012000
2015-12-23,0.8044,0.8095,0.803,0.8064,122524000
2015-12-24,0.8039,0.811,0.8027,0.8091,52448000
2015-12-28,0.8005,0.8083,0.7893,0.8083,142024000
2015-12-29,0.8088,0.8239,0.8066,0.8215,203660000
2015-12-30,0.8208,0.8278,0.8142,0.8144,180344000
2015-12-31,0.8132,0.8169,0.8039,0.8039,148528000
2016-01-04,0.7876,0.7947,0.7815,0.7895,358076000
2016-01-05,0.8044,0.8156,0.7927,0.8022,490272000
2016-01-06,0.7891,0.7927,0.76,0.7691,449344000
2016-01-07,0.7498,0.7549,0.7288,0.7386,645304000
2016-01-08,0.7481,0.7488,0.7212,0.7227,398472000
2016-01-11,0.7234,0.7291,0.711,0.7239,409372000
2016-01-12,0.7369,0.7469,0.731,0.7361,469356000
2016-01-13,0.7417,0.7466,0.713,0.7137,481672000
2016-01-14,0.6991,0.7073,0.6786,0.6993,600236000
2016-01-15,0.6712,0.6793,0.6498,0.6612,841452000
2016-01-19,0.6749,0.6939,0.6639,0.6666,457140000
2016-01-20,0.6539,0.6788,0.6451,0.6703,481180000
2016-01-21,0.6776,0.6886,0.6637,0.6781,481456000
2016-01-22,0.691,0.6986,0.6895,0.6939,257996000
2016-01-25,0.6937,0.7017,0.6917,0.6932,270728000
2016-01-26,0.6947,0.703,0.6876,0.7,227944000
2016-01-27,0.6991,0.7012,0.6786,0.6917,231700000
2016-01-28,0.6973,0.6998,0.6708,0.6842,276776000
2016-01-29,0.69,0.7159,0.6873,0.7144,310504000
2016-02-01,0.7137,0.7183,0.7076,0.7147,289884000
2016-02-02,0.7073,0.711,0.6795,0.6844,341908000
2016-02-03,0.6898,0.6939,0.672,0.6878,326772000
2016-02-04,0.6888,0.7037,0.6812,0.6881,348140000
2016-02-05,0.6834,0.691,0.6427,0.6447,600428000
2016-02-08,0.6349,0.6381,0.6061,0.6151,608852000
2016-02-09,0.6078,0.6476,0.6049,0.6217,425372000
2016-02-10,0.6256,0.6437,0.6169,0.6203,335800000
2016-02-11,0.6044,0.6234,0.6044,0.6171,340144000
2016-02-12,0.6269,0.6288,0.6037,0.6276,340816000
2016-02-16,0.6366,0.6593,0.6347,0.6583,485352000
2016-02-17,0.6666,0.681,0.6639,0.6747,771468000
2016-02-18,0.73,0.7556,0.7293,0.7327,1068660000
2016-02-19,0.7288,0.7491,0.7232,0.7425,525628000
2016-02-22,0.7532,0.7773,0.7517,0.7688,449668000
2016-02-23,0.7627,0.7781,0.7591,0.7708,369380000
2016-02-24,0.7676,0.7773,0.7464,0.7761,336852000
2016-02-25,0.7791,0.7817,0.7639,0.7778,349616000
2016-02-26,0.7815,0.7834,0.7649,0.7727,361964000
2016-02-29,0.7738,0.7839,0.7672,0.7677,323344000
2016-03-01,0.7697,0.8017,0.7684,0.8017,348700000
2016-03-02,0.7973,0.8093,0.7958,0.8064,233812000
2016-03-03,0.8054,0.8088,0.7885,0.7993,302004000
2016-03-04,0.8054,0.8061,0.7907,0.7968,175304000
2016-03-07,0.7924,0.7978,0.7814,0.7917,239968000
2016-03-08,0.7836,0.7883,0.7748,0.7772,274940000
2016-03-09,0.7841,0.7853,0.7667,0.7768,222788000
2016-03-10,0.7814,0.7858,0.7599,0.7755,286084000
2016-03-11,0.787,0.789,0.7777,0.7887,277400000
2016-03-14,0.7851,0.7939,0.7814,0.7907,190312000
2016-03-15,0.7865,0.7917,0.7728,0.7868,226216000
2016-03-16,0.7809,0.813,0.7772,0.8103,363644000
2016-03-17,0.8074,0.8113,0.7924,0.8034,353680000
2016-03-18,0.813,0.8384,0.8078,0.8277,545512000
2016-03-21,0.8203,0.8304,0.8115,0.8301,337780000
2016-03-22,0.8274,0.8345,0.8184,0.8287,242012000
2016-03-23,0.8323,0.849,0.8287,0.8429,429008000
2016-03-24,0.8353,0.8455,0.8326,0.8441,244956000
2016-03-28,0.8426,0.8563,0.8416,0.8526,265388000
2016-03-29,0.849,0.8683,0.847,0.8664,261812000
2016-03-30,0.8695,0.8874,0.869,0.8754,376700000
2016-03-31,0.8793,0.8813,0.8654,0.8722,379884000
2016-04-01,0.8668,0.8854,0.8602,0.885,348292000
2016-04-04,0.8923,0.897,0.873,0.8764,393940000
2016-04-05,0.8686,0.8832,0.8651,0.8752,339568000
2016-04-06,0.8641,0.8769,0.8477,0.8764,453376000
2016-04-07,0.8708,0.8786,0.8637,0.8673,378104000
2016-04-08,0.8744,0.8801,0.8644,0.873,255936000
2016-04-11,0.8781,0.8928,0.8754,0.8783,387524000
2016-04-12,0.8813,0.8825,0.8602,0.8774,292764000
2016-04-13,0.8813,0.8996,0.8813,0.8994,350716000
2016-04-14,0.897,0.9058,0.8933,0.9018,416564000
2016-04-15,0.9016,0.917,0.8987,0.9089,436972000
2016-04-18,0.9072,0.9072,0.8962,0.905,307320000
2016-04-19,0.9085,0.9102,0.8832,0.8889,309152000
2016-04-20,0.8874,0.8977,0.8864,0.8923,200172000
2016-04-21,0.8925,0.8967,0.8874,0.8913,178280000
2016-04-22,0.8943,0.9004,0.885,0.8879,223540000
2016-04-25,0.8881,0.8972,0.8857,0.8923,191972000
2016-04-26,0.8977,0.908,0.8891,0.893,214536000
2016-04-27,0.8908,0.9138,0.8891,0.9134,352396000
2016-04-28,0.9077,0.9131,0.884,0.8862,381224000
2016-04-29,0.8825,0.8845,0.8602,0.8698,321904000
2016-05-02,0.8781,0.8867,0.8739,0.8813,256076000
2016-05-03,0.8712,0.8749,0.8632,0.8708,224024000
2016-05-04,0.8602,0.861,0.8421,0.8509,525764000
2016-05-05,0.858,0.8661,0.8497,0.8561,246884000
2016-05-06,0.8546,0.8671,0.8529,0.8649,183240000
2016-05-09,0.8671,0.8708,0.8566,0.8637,333336000
2016-05-10,0.869,0.8818,0.8607,0.8803,269676000
2016-05-11,0.883,0.8925,0.8781,0.8828,328176000
2016-05-12,0.8891,0.893,0.8551,0.8708,670540000
2016-05-13,0.9594,1.0037,0.9547,1.0032,2110256000
2016-05-16,0.9956,1.0477,0.9924,1.0328,973032000
2016-05-17,1.0282,1.0424,1.0149,1.035,628392000
2016-05-18,1.0282,1.0735,1.0282,1.0615,541072000
2016-05-19,1.0573,1.0737,1.0558,1.0661,398880000
2016-05-20,1.0727,1.0896,1.071,1.0852,391084000
2016-05-23,1.0899,1.094,1.0803,1.0869,413636000
2016-05-24,1.0902,1.1167,1.0873,1.1133,415788000
2016-05-25,1.1167,1.1214,1.0998,1.1086,458076000
2016-05-26,1.1106,1.1285,1.1074,1.1204,309964000
2016-05-27,1.1216,1.1283,1.118,1.1266,277416000
2016-05-31,1.1315,1.1491,1.1307,1.1467,412524000
2016-06-01,1.1413,1.1599,1.1378,1.1489,387132000
2016-06-02,1.155,1.1668,1.1437,1.157,329208000
2016-06-03,1.1457,1.1472,1.1207,1.1408,461076000
2016-06-06,1.1437,1.1526,1.129,1.1349,322512000
2016-06-07,1.1418,1.1482,1.1366,1.1371,193400000
2016-06-08,1.1374,1.1415,1.1241,1.1334,234616000
2016-06-09,1.1295,1.1646,1.127,1.1629,472168000
2016-06-10,1.1491,1.1594,1.1324,1.1339,400024000
2016-06-13,1.1351,1.1707,1.1351,1.1484,475588000
2016-06-14,1.1457,1.156,1.1329,1.1506,298344000
2016-06-15,1.1602,1.1725,1.1474,1.1624,301036000
2016-06-16,1.1538,1.169,1.1425,1.1671,246456000
2016-06-17,1.1685,1.1688,1.142,1.1467,471000000
2016-06-20,1.1651,1.1823,1.1644,1.1673,293768000
2016-06-21,1.1722,1.1754,1.1585,1.1602,212508000
2016-06-22,1.1626,1.1702,1.1572,1.1592,202620000
2016-06-23,1.1702,1.1914,1.1695,1.1901,297880000
2016-06-24,1.1413,1.1624,1.1118,1.1224,1017684000
2016-06-27,1.1131,1.1216,1.0939,1.1104,449088000
2016-06-28,1.1315,1.1327,1.1111,1.1266,381920000
2016-06-29,1.1364,1.1538,1.1334,1.145,318932000
2016-06-30,1.1469,1.1609,1.1376,1.1538,430940000
2016-07-01,1.1474,1.1624,1.1413,1.1452,218488000
2016-07-05,1.1388,1.1641,1.1297,1.1621,371084000
2016-07-06,1.154,1.1764,1.1482,1.1695,273104000
2016-07-07,1.1774,1.2041,1.172,1.1999,395400000
2016-07-08,1.2127,1.2539,1.208,1.248,481932000
2016-07-11,1.266,1.2861,1.2645,1.2768,448776000
2016-07-12,1.291,1.3077,1.2748,1.2959,436760000
2016-07-13,1.2984,1.3057,1.2935,1.2954,324604000
2016-07-14,1.3023,1.3205,1.2915,1.3087,316892000
2016-07-15,1.292,1.2993,1.2723,1.2935,428616000
2016-07-18,1.3094,1.3114,1.2952,1.3001,252992000
2016-07-19,1.2993,1.3187,1.2969,1.3136,382652000
2016-07-20,1.318,1.3379,1.3126,1.3308,296460000
2016-07-21,1.3278,1.332,1.3018,1.3062,361308000
2016-07-22,1.3109,1.3418,1.3013,1.3418,315768000
2016-07-25,1.3499,1.3698,1.344,1.3666,312528000
2016-07-26,1.3786,1.397,1.3767,1.3899,514508000
2016-07-27,1.4019,1.4044,1.3676,1.3759,446676000
2016-07-28,1.3791,1.3892,1.3747,1.3789,221916000
2016-07-29,1.384,1.4051,1.3592,1.4014,409588000
2016-08-01,1.4073,1.4125,1.3833,1.3924,301120000
2016-08-02,1.399,1.3997,1.3622,1.3754,282748000
2016-08-03,1.3737,1.3818,1.3661,1.3791,299828000
2016-08-04,1.3857,1.411,1.383,1.4046,272712000
2016-08-05,1.4208,1.4292,1.414,1.4284,371588000
2016-08-08,1.4481,1.4515,1.4265,1.4417,305064000
2016-08-09,1.4488,1.4594,1.4417,1.4454,372344000
2016-08-10,1.4581,1.4603,1.4314,1.4361,375740000
2016-08-11,1.4437,1.4714,1.4407,1.4653,681064000
2016-08-12,1.5193,1.5556,1.4881,1.5472,1425744000
2016-08-15,1.549,1.5585,1.5249,1.5458,573304000
2016-08-16,1.5436,1.546,1.5318,1.5364,287652000
2016-08-17,1.5364,1.5399,1.4888,1.5008,595212000
2016-08-18,1.4986,1.5266,1.4927,1.5242,331684000
2016-08-19,1.5234,1.5396,1.5168,1.5281,291560000
2016-08-22,1.5328,1.5367,1.5146,1.5345,244748000
2016-08-23,1.5501,1.557,1.5425,1.5469,339764000
2016-08-24,1.5523,1.553,1.5159,1.523,298448000
2016-08-25,1.5235,1.5243,1.494,1.513,406032000
2016-08-26,1.5169,1.5339,1.5048,1.5253,300024000
2016-08-29,1.5314,1.5375,1.5218,1.5243,274652000
2016-08-30,1.5223,1.5304,1.5112,1.5154,285544000
2016-08-31,1.5184,1.5225,1.5039,1.5083,388544000
2016-09-01,1.5095,1.5584,1.5083,1.5528,428492000
2016-09-02,1.556,1.5577,1.5201,1.5375,323148000
2016-09-06,1.543,1.5521,1.5351,1.5521,306812000
2016-09-07,1.5471,1.5548,1.5203,1.5292,397988000
2016-09-08,1.5277,1.5427,1.5103,1.5403,315808000
2016-09-09,1.5233,1.5319,1.4507,1.4635,697760000
2016-09-12,1.4441,1.4967,1.4094,1.4938,598260000
2016-09-13,1.4901,1.5073,1.4638,1.4721,471768000
2016-09-14,1.4756,1.4901,1.4633,1.4852,319048000
2016-09-15,1.4876,1.5432,1.4842,1.5415,515212000
2016-09-16,1.5469,1.5552,1.5275,1.5452,902444000
2016-09-19,1.5614,1.6047,1.5543,1.5656,417128000
2016-09-20,1.5835,1.5835,1.5427,1.5513,331112000
2016-09-21,1.556,1.5978,1.5557,1.5948,336212000
2016-09-22,1.6042,1.6091,1.5897,1.5988,308732000
2016-09-23,1.6007,1.6054,1.5899,1.597,276132000
2016-09-26,1.5789,1.5884,1.5621,1.5821,230040000
2016-09-27,1.5759,1.6386,1.5752,1.6361,402752000
2016-09-28,1.6386,1.6433,1.6211,1.642,319788000
2016-09-29,1.6393,1.6625,1.6241,1.6573,336684000
2016-09-30,1.6664,1.7013,1.6566,1.6848,429932000
2016-10-03,1.6848,1.7092,1.6802,1.6831,242596000
2016-10-04,1.6856,1.7138,1.6669,1.6794,281624000
2016-10-05,1.6937,1.7109,1.6725,1.6777,305440000
2016-10-06,1.6575,1.6679,1.6293,1.6558,360212000
2016-10-07,1.6669,1.6713,1.6391,1.6438,286260000
2016-10-10,1.6524,1.6612,1.6344,1.6499,287876000
2016-10-11,1.6445,1.647,1.6135,1.6261,388540000
2016-10-12,1.6194,1.642,1.6059,1.6334,419920000
2016-10-13,1.6143,1.618,1.5663,1.6069,390116000
2016-10-14,1.6266,1.6376,1.613,1.6226,330636000
2016-10-17,1.6224,1.6376,1.6111,1.6133,195328000
2016-10-18,1.6357,1.6472,1.629,1.6379,269372000
2016-10-19,1.6268,1.642,1.6184,1.6344,199060000
2016-10-20,1.6536,1.6708,1.6302,1.6654,312084000
2016-10-21,1.6595,1.6637,1.645,1.6607,279508000
2016-10-24,1.672,1.7406,1.6718,1.7387,339836000
2016-10-25,1.7357,1.7778,1.7274,1.7672,397460000
2016-10-26,1.7525,1.7938,1.7507,1.7743,333792000
2016-10-27,1.7879,1.7913,1.7308,1.7379,388664000
2016-10-28,1.7463,1.7729,1.7318,1.735,290856000
2016-10-31,1.7406,1.7613,1.7397,1.7497,252388000
2016-11-01,1.7561,1.7657,1.6792,1.6979,473224000
2016-11-02,1.7109,1.734,1.6878,1.6907,295848000
2016-11-03,1.6986,1.7001,1.6386,1.6711,309664000
2016-11-04,1.66,1.69,1.6371,1.6615,328780000
2016-11-07,1.7102,1.7635,1.7089,1.7525,487580000
2016-11-08,1.7591,1.7647,1.7335,1.7497,429884000
2016-11-09,1.7023,1.7434,1.6898,1.7202,456532000
2016-11-10,1.7579,1.7581,1.6416,1.6664,869280000
2016-11-11,1.9551,2.1828,1.9302,2.1631,2175344000
2016-11-14,2.166,2.1685,2.0561,2.0566,1348796000
2016-11-15,2.0726,2.1503,2.0637,2.1193,626092000
2016-11-16,2.1476,2.276,2.1233,2.2531,987984000
2016-11-17,2.2698,2.3308,2.229,2.2718,832988000
2016-11-18,2.2718,2.3195,2.2573,2.2956,576060000
2016-11-21,2.3136,2.32,2.272,2.2863,436436000
2016-11-22,2.2941,2.305,2.2715,2.3028,330368000
2016-11-23,2.3079,2.3456,2.2845,2.3141,443236000
2016-11-25,2.3252,2.3419,2.3003,2.3188,195564000
2016-11-28,2.3116,2.333,2.305,2.3175,278736000
2016-11-29,2.3148,2.3257,2.2786,2.2963,444568000
2016-11-30,2.305,2.3188,2.268,2.2705,440500000
2016-12-01,2.268,2.2698,2.0875,2.1582,1035524000
2016-12-02,2.124,2.1868,2.0961,2.1781,478292000
2016-12-05,2.2161,2.2806,2.1917,2.2626,602284000
2016-12-06,2.2707,2.3082,2.255,2.2998,498796000
2016-12-07,2.2863,2.3468,2.268,2.3412,480804000
2016-12-08,2.3441,2.3793,2.2914,2.302,381544000
2016-12-09,2.3197,2.3215,2.2338,2.2611,382312000
2016-12-12,2.2126,2.2151,2.1557,2.2062,601332000
2016-12-13,2.2185,2.2727,2.2175,2.2451,387796000
2016-12-14,2.2789,2.3914,2.255,2.3752,983980000
2016-12-15,2.3862,2.4611,2.3788,2.4308,746548000
2016-12-16,2.4584,2.4798,2.4067,2.4727,1089528000
2016-12-19,2.4552,2.5229,2.4379,2.5027,744656000
2016-12-20,2.5754,2.6135,2.564,2.5899,848056000
2016-12-21,2.6015,2.6091,2.5539,2.6061,576136000
2016-12-22,2.6305,2.681,2.6234,2.6377,718612000
2016-12-23,2.6197,2.7049,2.617,2.7034,647692000
2016-12-27,2.7596,2.8901,2.7389,2.8891,1194272000
2016-12-28,2.9452,2.9534,2.6766,2.6904,2295764000
2016-12-29,2.5832,2.7455,2.5315,2.744,2175368000
2016-12-30,2.7421,2.7561,2.6177,2.6286,1212932000
2017-01-03,2.5709,2.6194,2.4473,2.5121,1501996000
2017-01-04,2.5463,2.598,2.5003,2.5707,1199220000
2017-01-05,2.5741,2.6059,2.4884,2.5054,984296000
2017-01-06,2.5328,2.5672,2.4921,2.5389,822856000
2017-01-09,2.5488,2.6596,2.5488,2.6418,916248000
2017-01-10,2.6549,2.6889,2.6012,2.6219,880920000
2017-01-11,2.6103,2.6153,2.5648,2.5896,525664000
2017-01-12,2.5667,2.5783,2.5025,2.5473,625616000
2017-01-13,2.5512,2.5857,2.5379,2.547,457820000
2017-01-17,2.5365,2.5414,2.4766,2.4899,580612000
2017-01-18,2.4685,2.5421,2.4407,2.5352,654424000
2017-01-19,2.5382,2.6217,2.536,2.5896,644872000
2017-01-20,2.6123,2.63,2.5394,2.5613,492024000
2017-01-23,2.5562,2.6079,2.5537,2.5879,369904000
2017-01-24,2.598,2.6492,2.5832,2.6431,428052000
2017-01-25,2.6854,2.6916,2.6185,2.6544,522760000
2017-01-26,2.6571,2.7076,2.6276,2.7002,458800000
2017-01-27,2.7071,2.7554,2.6805,2.7524,471996000
2017-01-30,2.7315,2.7337,2.6574,2.7093,496004000
2017-01-31,2.683,2.7101,2.6645,2.6886,362756000
2017-02-01,2.7231,2.8103,2.7054,2.8061,590004000
2017-02-02,2.7901,2.8502,2.7596,2.8416,483240000
2017-02-03,2.843,2.8541,2.8049,2.8167,372744000
2017-02-06,2.8073,2.8893,2.8073,2.8888,506768000
2017-02-07,2.9231,2.9777,2.9034,2.9337,746224000
2017-02-08,2.9157,2.9381,2.8659,2.9209,449580000
2017-02-09,2.927,2.9319,2.8467,2.8659,842568000
2017-02-10,2.9534,2.9723,2.7729,2.798,1651092000
2017-02-13,2.7923,2.8068,2.6645,2.6689,1180724000
2017-02-14,2.6593,2.7125,2.6175,2.6788,850632000
2017-02-15,2.6817,2.7039,2.6537,2.6842,373020000
2017-02-16,2.6938,2.695,2.602,2.6411,647176000
2017-02-17,2.6276,2.645,2.5805,2.6406,563740000
2017-02-21,2.6652,2.7391,2.665,2.7352,551952000
2017-02-22,2.7473,2.7566,2.712,2.731,433772000
2017-02-23,2.6013,2.6232,2.4578,2.4778,1592888000
2017-02-24,2.3934,2.515,2.3597,2.5017,1029904000
2017-02-27,2.5199,2.5895,2.5041,2.5744,715400000
2017-02-28,2.584,2.5939,2.4849,2.5022,625360000
2017-03-01,2.5591,2.5734,2.4931,2.5345,504804000
2017-03-02,2.5217,2.5357,2.4383,2.441,754332000
2017-03-03,2.4304,2.4354,2.3725,2.427,864692000
2017-03-06,2.3907,2.4188,2.3466,2.4082,883568000
2017-03-07,2.4082,2.4541,2.3954,2.4346,603400000
2017-03-08,2.4829,2.4977,2.428,2.4302,638712000
2017-03-09,2.4141,2.4521,2.4016,2.4297,478060000
2017-03-10,2.4561,2.4679,2.4257,2.444,499740000
2017-03-13,2.4543,2.5212,2.4536,2.5113,774136000
2017-03-14,2.5241,2.5335,2.4773,2.5096,522016000
2017-03-15,2.5212,2.5394,2.4736,2.5286,615036000
2017-03-16,2.5392,2.5601,2.5251,2.5596,523100000
2017-03-17,2.5771,2.6166,2.5596,2.6153,1119688000
2017-03-20,2.6329,2.7026,2.6168,2.6987,748568000
2017-03-21,2.6814,2.7113,2.6035,2.6114,913484000
2017-03-22,2.6003,2.6693,2.5964,2.6647,616764000
2017-03-23,2.6568,2.6767,2.6309,2.6405,533940000
2017-03-24,2.6869,2.6947,2.624,2.6499,439500000
2017-03-27,2.6033,2.673,2.554,2.6691,506644000
2017-03-28,2.6703,2.6849,2.6449,2.6553,432444000
2017-03-29,2.6627,2.675,2.6444,2.6467,349992000
2017-03-30,2.6538,2.7122,2.6481,2.6975,525532000
2017-03-31,2.6878,2.7095,2.6728,2.6859,440808000
2017-04-03,2.6864,2.7036,2.6486,2.6723,445232000
2017-04-04,2.5495,2.5747,2.4741,2.4849,1271280000
2017-04-05,2.4662,2.5241,2.4534,2.4664,747048000
2017-04-06,2.4716,2.4965,2.4265,2.4844,635120000
2017-04-07,2.4908,2.5083,2.4588,2.4738,429068000
2017-04-10,2.4746,2.4812,2.4065,2.4107,756332000
2017-04-11,2.3806,2.4386,2.3757,2.4193,618148000
2017-04-12,2.4193,2.4336,2.3942,2.3994,414092000
2017-04-13,2.3752,2.3969,2.3545,2.3545,506892000
2017-04-17,2.3673,2.4469,2.3621,2.4467,497292000
2017-04-18,2.4324,2.4543,2.4065,2.4482,370116000
2017-04-19,2.4657,2.4898,2.4511,2.4578,380828000
2017-04-20,2.4723,2.5014,2.4511,2.4967,404016000
2017-04-21,2.4864,2.5098,2.4746,2.5071,341896000
2017-04-24,2.5387,2.5515,2.5177,2.5384,371820000
2017-04-25,2.553,2.5971,2.5315,2.5826,388440000
2017-04-26,2.5961,2.5986,2.5628,2.5648,327004000
2017-04-27,2.5722,2.6131,2.5542,2.6047,319700000
2017-04-28,2.5978,2.6047,2.566,2.5717,348248000
2017-05-01,2.5826,2.6346,2.5754,2.6294,307732000
2017-05-02,2.6025,2.6038,2.5288,2.5515,629972000
2017-05-03,2.5446,2.5801,2.5298,2.5705,336904000
2017-05-04,2.5766,2.5877,2.5527,2.5606,209788000
2017-05-05,2.549,2.568,2.5335,2.5609,228428000
2017-05-08,2.5727,2.5742,2.5226,2.534,365240000
2017-05-09,2.5397,2.5872,2.5313,2.5382,847672000
2017-05-10,2.818,3.0037,2.8114,2.9906,2129096000
2017-05-11,2.9601,3.216,2.9566,3.1191,1939792000
2017-05-12,3.1223,3.1955,3.1013,3.1534,962620000
2017-05-15,3.1945,3.3141,3.1901,3.3117,1087540000
2017-05-16,3.3627,3.3888,3.2882,3.3733,1120700000
2017-05-17,3.3065,3.3252,3.145,3.1492,1271368000
2017-05-18,3.1931,3.29,3.1326,3.2811,1156032000
2017-05-19,3.3823,3.4117,3.3376,3.3569,1018372000
2017-05-22,3.4005,3.4428,3.3897,3.4284,836608000
2017-05-23,3.4482,3.4504,3.3497,3.3823,681248000
2017-05-24,3.4793,3.482,3.4082,3.4203,815996000
2017-05-25,3.4556,3.4563,3.3677,3.4126,608228000
2017-05-26,3.4045,3.5859,3.3843,3.501,779140000
2017-05-30,3.5469,3.6108,3.5309,3.5758,989652000
2017-05-31,3.6207,3.6284,3.5062,3.563,887316000
2017-06-01,3.5788,3.5797,3.5178,3.5632,503340000
2017-06-02,3.5602,3.5864,3.5395,3.5454,487456000
2017-06-05,3.5291,3.6661,3.5175,3.6533,817376000
2017-06-06,3.6486,3.6948,3.6234,3.6368,758728000
2017-06-07,3.6612,3.6995,3.6456,3.6807,612612000
2017-06-08,3.7878,3.9492,3.7466,3.9478,1161744000
2017-06-09,4.0662,4.159,3.5235,3.6925,3692928000
2017-06-12,3.6007,3.7444,3.5077,3.7017,1697532000
2017-06-13,3.811,3.8202,3.595,3.737,1672504000
2017-06-14,3.7399,3.8026,3.6654,3.7449,1184640000
2017-06-15,3.6274,3.7913,3.616,3.7609,963824000
2017-06-16,3.7705,3.8184,3.7083,3.7424,924960000
2017-06-19,3.7866,3.8883,3.7829,3.8831,778176000
2017-06-20,3.9253,3.9922,3.8732,3.8774,1095444000
2017-06-21,3.9051,3.9399,3.8431,3.9362,682652000
2017-06-22,3.9443,3.9576,3.8851,3.909,469132000
2017-06-23,3.9167,3.9325,3.7819,3.797,1088588000
2017-06-26,3.8298,3.8653,3.6612,3.7555,1063960000
2017-06-27,3.738,3.7466,3.6123,3.618,999492000
2017-06-28,3.6856,3.7503,3.5975,3.7456,994948000
2017-06-29,3.7172,3.7202,3.5563,3.6205,1064424000
2017-06-30,3.6377,3.6513,3.542,3.5681,731060000
2017-07-03,3.5802,3.595,3.4205,3.4391,709072000
2017-07-05,3.5025,3.5598,3.4835,3.5309,820188000
2017-07-06,3.5017,3.5884,3.4497,3.5415,746284000
2017-07-07,3.5983,3.6407,3.5753,3.6224,654972000
2017-07-10,3.696,3.8011,3.6698,3.7937,958492000
2017-07-11,3.7974,3.8552,3.7555,3.8476,757956000
2017-07-12,3.9073,4.0233,3.8643,4.0112,1145208000
2017-07-13,4.0233,4.1047,3.9184,3.9648,1369132000
2017-07-14,3.9811,4.0729,3.9742,4.0714,941948000
2017-07-17,4.1055,4.1344,3.9924,4.0541,930792000
2017-07-18,3.9932,4.1109,3.9813,4.0964,776640000
2017-07-19,4.1055,4.1319,4.063,4.0751,687044000
2017-07-20,4.0956,4.1346,4.0458,4.1344,699596000
2017-07-21,4.1139,4.1788,4.0996,4.1492,648332000
2017-07-24,4.1563,4.166,4.0904,4.101,652524000
2017-07-25,4.0781,4.0956,4.0376,4.0813,496556000
2017-07-26,4.1388,4.1943,4.0936,4.1284,640404000
2017-07-27,4.1534,4.165,3.889,3.9922,782856000
2017-07-28,3.9564,4.082,3.9315,4.0576,513348000
2017-07-31,4.0712,4.1072,3.9645,4.0112,559672000
2017-08-01,4.0018,4.0618,3.9739,4.0601,431384000
2017-08-02,4.0912,4.0951,3.9806,4.0576,478444000
2017-08-03,4.0571,4.1129,4.0401,4.1092,442420000
2017-08-04,4.1319,4.1978,4.1092,4.1272,589096000
2017-08-07,4.1563,4.2546,4.1467,4.2541,717412000
2017-08-08,4.2921,4.3086,4.1642,4.2035,755336000
2017-08-09,4.1573,4.2506,4.1386,4.2482,530784000
2017-08-10,4.2494,4.2617,4.0561,4.0662,1328088000
2017-08-11,3.8787,3.9246,3.7742,3.8495,1497196000
2017-08-14,3.9411,4.1603,3.9295,4.1566,1279020000
2017-08-15,4.1618,4.1879,4.0872,4.1215,764532000
2017-08-16,4.1366,4.16,4.044,4.0764,596632000
2017-08-17,4.068,4.085,3.9833,3.9855,525444000
2017-08-18,4.0398,4.0569,3.9404,3.9863,601204000
2017-08-21,4.0107,4.0221,3.8843,3.9283,623672000
2017-08-22,3.9648,4.0216,3.9456,4.0157,450456000
2017-08-23,3.9824,4.1071,3.9737,4.096,579520000
2017-08-24,4.1281,4.1326,4.0545,4.0809,469700000
2017-08-25,4.1052,4.1153,4.0404,4.0468,357200000
2017-08-28,4.0659,4.0787,4.0103,4.0755,389496000
2017-08-29,4.0167,4.0906,4.0086,4.0688,324096000
2017-08-30,4.0886,4.1042,4.0582,4.093,384400000
2017-08-31,4.1133,4.1899,4.1059,4.1859,612684000
2017-09-01,4.1985,4.2467,4.1899,4.2111,445432000
2017-09-05,4.1597,4.1647,4.0407,4.0987,695364000
2017-09-06,4.1316,4.1454,4.0614,4.0963,397672000
2017-09-07,4.1131,4.1476,4.075,4.1153,352868000
2017-09-08,4.1037,4.1185,4.0197,4.0439,498856000
2017-09-11,4.0896,4.1857,4.0842,4.1751,567444000
2017-09-12,4.1998,4.1998,4.1249,4.1901,411488000
2017-09-13,4.1649,4.2378,4.1326,4.2089,580960000
2017-09-14,4.1699,4.263,4.1454,4.1849,513712000
2017-09-15,4.2704,4.4495,4.2652,4.4495,1364792000
2017-09-18,4.5738,4.7235,4.5669,4.6333,1684460000
2017-09-19,4.5829,4.6902,4.5609,4.6284,874280000
2017-09-20,4.6321,4.6795,4.5508,4.5911,724920000
2017-09-21,4.4873,4.5135,4.3878,4.4656,1075600000
2017-09-22,4.4542,4.5039,4.4122,4.4221,491232000
2017-09-25,4.3912,4.3925,4.2037,4.2245,874580000
2017-09-26,4.3591,4.4142,4.2084,4.2482,1125620000
2017-09-27,4.3386,4.3547,4.2677,4.3413,713720000
2017-09-28,4.3485,4.3524,4.2927,4.3401,435244000
2017-09-29,4.4241,4.4401,4.3789,4.4164,619092000
2017-10-02,4.4666,4.4957,4.3727,4.4221,503480000
2017-10-03,4.4283,4.4611,4.387,4.4312,390332000
2017-10-04,4.4374,4.4905,4.4009,4.4683,427848000
2017-10-05,4.4928,4.4962,4.4359,4.4658,437364000
2017-10-06,4.4382,4.4923,4.4221,4.4789,318800000
2017-10-09,4.5157,4.6131,4.497,4.58,563492000
2017-10-10,4.7292,4.7667,4.6262,4.6674,974876000
2017-10-11,4.684,4.7186,4.638,4.7171,529508000
2017-10-12,4.7205,4.7702,4.6921,4.7193,528292000
2017-10-13,4.7816,4.8174,4.7346,4.8073,628728000
2017-10-16,4.8371,4.8927,4.7739,4.8898,576640000
2017-10-17,4.869,4.9137,4.8507,4.8853,478596000
2017-10-18,4.8942,4.895,4.7759,4.8811,567316000
2017-10-19,4.8035,4.8915,4.7544,4.8866,570772000
2017-10-20,4.9036,4.9308,4.8554,4.8643,451620000
2017-10-23,4.8861,4.9125,4.8371,4.8574,428696000
2017-10-24,4.8665,4.91,4.8406,4.9083,407244000
2017-10-25,4.8688,4.9216,4.7228,4.7843,828160000
2017-10-26,4.8119,4.846,4.788,4.8344,322744000
2017-10-27,4.8866,4.9871,4.8606,4.9869,572192000
2017-10-30,4.9869,5.0914,4.971,5.0358,504056000
2017-10-31,5.0676,5.1358,5.062,5.1091,411908000
2017-11-01,5.1719,5.1872,5.0545,5.1188,502576000
2017-11-02,5.0891,5.1338,5.0311,5.0876,342308000
2017-11-03,5.1188,5.1556,5.0728,5.1556,353640000
2017-11-06,5.1188,5.1875,5.1064,5.1788,389944000
2017-11-07,5.2015,5.2596,5.1894,5.2381,427700000
2017-11-08,5.2337,5.2374,5.1198,5.1672,522988000
2017-11-09,5.0711,5.0973,4.95,5.0723,978564000
2017-11-10,5.264,5.4021,5.2282,5.3396,1253256000
2017-11-13,5.3396,5.3651,5.2376,5.2529,582376000
2017-11-14,5.2621,5.3065,5.2183,5.2912,529292000
2017-11-15,5.2361,5.2374,5.1336,5.1875,501948000
2017-11-16,5.2616,5.2917,5.2188,5.2277,441768000
2017-11-17,5.2848,5.3201,5.2065,5.2215,515664000
2017-11-20,5.2371,5.3008,5.2003,5.2887,396100000
2017-11-21,5.3285,5.349,5.2966,5.3374,399176000
2017-11-22,5.3646,5.3646,5.2808,5.3134,356640000
2017-11-24,5.3297,5.3646,5.3053,5.3636,180752000
2017-11-27,5.3723,5.3735,5.2907,5.2939,422896000
2017-11-28,5.2991,5.3085,5.148,5.2091,512752000
2017-11-29,5.1918,5.1945,4.7275,4.8558,1396788000
2017-11-30,4.9246,5.0106,4.8615,4.9619,823768000
2017-12-01,4.9273,4.9475,4.7582,4.887,811548000
2017-12-04,4.9456,4.9518,4.5611,4.6145,1240844000
2017-12-05,4.5092,4.7639,4.4642,4.6412,981488000
2017-12-06,4.5908,4.7006,4.5696,4.6788,467032000
2017-12-07,4.7456,4.7861,4.7001,4.7463,542600000
2017-12-08,4.7963,4.8153,4.7255,4.734,466876000
2017-12-11,4.748,4.8153,4.7322,4.8123,372748000
2017-12-12,4.7688,4.792,4.6944,4.7179,455016000
2017-12-13,4.7589,4.7602,4.5953,4.6027,554280000
2017-12-14,4.5963,4.6808,4.5636,4.6099,438164000
2017-12-15,4.6539,4.756,4.5888,4.7357,670036000
2017-12-18,4.7762,4.8954,4.7466,4.8924,477704000
2017-12-19,4.883,4.8882,4.8197,4.8482,373100000
2017-12-20,4.8875,4.8966,4.8096,4.8652,288820000
2017-12-21,4.8687,4.8937,4.8343,4.8427,300904000
2017-12-22,4.8059,4.8368,4.728,4.8274,466276000
2017-12-26,4.772,4.8887,4.7421,4.881,355080000
2017-12-27,4.8677,4.9436,4.8531,4.8744,329488000
2017-12-28,4.8981,4.929,4.8739,4.8801,240248000
2017-12-29,4.9063,4.9063,4.7836,4.7836,279964000
2018-01-02,4.84,4.932,4.8084,4.9283,355616000
2018-01-03,5.0457,5.283,5.037,5.2526,914704000
2018-01-04,5.3339,5.3906,5.2581,5.2803,583268000
2018-01-05,5.2951,5.3624,5.2183,5.325,580124000
2018-01-08,5.4487,5.5624,5.4037,5.4882,881216000
2018-01-09,5.4937,5.5332,5.4051,5.4867,497000000
2018-01-10,5.3943,5.5332,5.3399,5.5297,582664000
2018-01-11,5.5624,5.5938,5.5181,5.5396,406032000
2018-01-12,5.5278,5.5621,5.4719,5.5124,359916000
2018-01-16,5.5389,5.6244,5.3569,5.4415,702348000
2018-01-17,5.4561,5.5653,5.3621,5.5555,538408000
2018-01-18,5.5362,5.6029,5.505,5.5485,408632000
2018-01-19,5.6388,5.7129,5.6118,5.6887,609380000
2018-01-22,5.6966,5.7789,5.639,5.7772,550944000
2018-01-23,5.8306,5.929,5.8121,5.9063,475228000
2018-01-24,5.9095,5.9453,5.7737,5.8294,579972000
2018-01-25,5.8838,5.927,5.8281,5.843,409884000
2018-01-26,5.8867,6.0158,5.8739,6.0155,516356000
2018-01-29,6.0009,6.1337,5.9483,6.1025,455116000
2018-01-30,5.9606,6.0919,5.8939,6.0004,570832000
2018-01-31,6.0758,6.1624,6.0432,6.0766,478576000
2018-02-01,5.8966,6.1038,5.8852,5.9456,519224000
2018-02-02,5.859,5.883,5.7149,5.773,718464000
2018-02-05,5.6118,5.7658,5.0679,5.283,1165204000
2018-02-06,5.0531,5.5797,5.0432,5.5767,1114800000
2018-02-07,5.6756,5.8089,5.6044,5.6563,802932000
2018-02-08,5.7819,5.815,5.3772,5.3775,1144000000
2018-02-09,5.8899,5.9058,5.3775,5.7374,1674604000
2018-02-12,5.8185,5.8215,5.5631,5.6373,1093172000
2018-02-13,5.6009,5.7972,5.5686,5.751,625524000
2018-02-14,5.7107,5.9972,5.6996,5.9683,744988000
2018-02-15,6.0516,6.1401,5.9708,6.0939,698900000
2018-02-16,6.0667,6.1804,6.019,6.0281,637656000
2018-02-20,6.0506,6.2266,6.0469,6.1577,686240000
2018-02-21,6.2222,6.2291,5.9668,5.9705,892292000
2018-02-22,6.0044,6.0762,5.9245,5.9901,534364000
2018-02-23,6.0499,6.0836,5.9992,6.0836,415300000
2018-02-26,6.1298,6.1343,6.0373,6.0997,469312000
2018-02-27,6.0729,6.1573,6.0638,6.0868,455436000
2018-02-28,6.0977,6.1373,5.9747,5.9864,523116000
2018-03-01,5.9841,6.0381,5.643,5.7442,1040120000
2018-03-02,5.6366,5.8577,5.4879,5.8513,913428000
2018-03-05,5.8011,5.8689,5.6776,5.8293,620776000
2018-03-06,5.9146,6.0096,5.8716,5.9903,636808000
2018-03-07,5.8874,6.0346,5.8862,5.9824,581208000
2018-03-08,6.0099,6.0099,5.9218,5.9661,411912000
2018-03-09,6.0136,6.0816,5.9975,6.0687,505524000
2018-03-12,6.11,6.2585,6.1019,6.1783,605060000
2018-03-13,6.2211,6.2956,6.0863,6.1276,619772000
2018-03-14,6.1707,6.1979,6.0908,6.1531,505496000
2018-03-15,6.1667,6.2491,6.1259,6.1679,401952000
2018-03-16,6.1843,6.2152,6.1467,6.1961,399456000
2018-03-19,6.1392,6.1682,5.8627,5.9616,713772000
2018-03-20,5.9646,6.2127,5.9646,6.1739,554696000
2018-03-21,6.1674,6.2337,6.1182,6.1486,438688000
2018-03-22,6.0853,6.1318,5.9453,5.9827,551196000
2018-03-23,5.9963,5.9987,5.7519,5.763,735620000
2018-03-26,5.8874,6.0489,5.8355,6.0477,611424000
2018-03-27,6.1286,6.1843,5.4384,5.5787,1409000000
2018-03-28,5.5443,5.6744,5.3679,5.4755,945904000
2018-03-29,5.5438,5.8256,5.4595,5.7289,916628000
2018-04-02,5.6584,5.8045,5.3803,5.4681,922092000
2018-04-03,5.6351,5.6982,5.4755,5.5745,667432000
2018-04-04,5.3187,5.6069,5.2937,5.5965,789168000
2018-04-05,5.6549,5.668,5.4048,5.4763,701240000
2018-04-06,5.3736,5.4817,5.2707,5.2999,662988000
2018-04-09,5.363,5.4909,5.3086,5.3286,499524000
2018-04-10,5.5589,5.6648,5.5018,5.6378,761676000
2018-04-11,5.623,5.6643,5.5639,5.5965,460244000
2018-04-12,5.6895,5.8211,5.6452,5.8033,593920000
2018-04-13,5.8669,5.8753,5.6784,5.7266,503036000
2018-04-16,5.7333,5.7598,5.6321,5.7264,350792000
2018-04-17,5.7786,5.8973,5.7229,5.876,447224000
2018-04-18,5.8256,5.9183,5.758,5.8471,391364000
2018-04-19,5.7328,5.7662,5.6104,5.6658,471996000
2018-04-20,5.6571,5.7415,5.6264,5.6576,386200000
2018-04-23,5.6754,5.7266,5.5122,5.5381,427508000
2018-04-24,5.5639,5.6598,5.4065,5.4718,414596000
2018-04-25,5.4422,5.4812,5.2022,5.3595,588492000
2018-04-26,5.5213,5.5794,5.4553,5.5713,375824000
2018-04-27,5.6772,5.6969,5.5564,5.5987,400848000
2018-04-30,5.6151,5.6648,5.5441,5.5634,327844000
2018-05-01,5.5552,5.6215,5.4966,5.6188,253788000
2018-05-02,5.6153,5.6598,5.572,5.5982,268248000
2018-05-03,5.6302,5.7897,5.5849,5.7635,443144000
2018-05-04,5.7348,5.9169,5.7175,5.9136,400660000
2018-05-07,6.0183,6.2087,6.0084,6.1516,687616000
2018-05-08,6.1519,6.1969,6.1029,6.1942,506616000
2018-05-09,6.2142,6.3295,6.187,6.3272,596760000
2018-05-10,6.3802,6.444,6.3624,6.4348,994080000
2018-05-11,6.253,6.4264,6.1976,6.2963,1214456000
2018-05-14,6.3344,6.3943,6.2931,6.3168,523140000
2018-05-15,6.2533,6.256,5.974,6.0744,963528000
2018-05-16,6.0358,6.1476,5.999,6.0856,553828000
2018-05-17,6.0873,6.2214,6.0712,6.1276,519784000
2018-05-18,6.1796,6.2429,6.0789,6.0838,483716000
2018-05-21,6.1813,6.185,5.949,6.0418,640624000
2018-05-22,6.0551,6.0804,5.9431,6.0037,518264000
2018-05-23,5.9475,6.1284,5.9467,6.1272,442956000
2018-05-24,6.1235,6.1732,6.0703,6.1309,437372000
2018-05-25,6.1435,6.1866,6.1079,6.1703,292112000
2018-05-29,6.1522,6.2213,6.1064,6.1532,352684000
2018-05-30,6.1868,6.2708,6.1621,6.2621,390996000
2018-05-31,6.2302,6.3168,6.2195,6.2423,493868000
2018-06-01,6.2871,6.3829,6.2784,6.3767,421968000
2018-06-04,6.4109,6.5777,6.3787,6.5557,642024000
2018-06-05,6.5589,6.5987,6.5141,6.5611,391712000
2018-06-06,6.471,6.5663,6.4547,6.5631,371356000
2018-06-07,6.5594,6.5712,6.417,6.5074,369448000
2018-06-08,6.4346,6.5346,6.4158,6.492,360456000
2018-06-11,6.4794,6.521,6.4381,6.451,265372000
2018-06-12,6.4774,6.5116,6.4272,6.4995,319160000
2018-06-13,6.501,6.576,6.4859,6.495,338208000
2018-06-14,6.5401,6.6633,6.5252,6.6066,430016000
2018-06-15,6.5495,6.6208,6.5185,6.5658,432260000
2018-06-18,6.5217,6.5792,6.4945,6.5616,356268000
2018-06-19,6.4584,6.5257,6.3123,6.4398,594932000
2018-06-20,6.4809,6.5458,6.4425,6.4928,369780000
2018-06-21,6.5247,6.543,6.3564,6.3641,359516000
2018-06-22,6.3849,6.3982,6.1963,6.2116,434160000
2018-06-25,6.1052,6.1089,5.8302,5.9188,665816000
2018-06-26,6.0321,6.0804,5.9383,5.9898,478884000
2018-06-27,6.0334,6.0997,5.8292,5.8346,453892000
2018-06-28,5.8247,5.9737,5.817,5.9618,338012000
2018-06-29,6.0269,6.0396,5.8626,5.8638,392300000
2018-07-02,5.7943,5.9997,5.7737,5.996,357572000
2018-07-03,6.0307,6.0366,5.8539,5.8623,222732000
2018-07-05,5.9175,6.0131,5.8787,6.0081,306216000
2018-07-06,5.9836,6.1304,5.9623,6.122,296352000
2018-07-09,6.1963,6.2059,6.0908,6.1695,303880000
2018-07-10,6.1819,6.2906,6.1416,6.2685,360016000
2018-07-11,6.1757,6.2104,6.1163,6.1269,367508000
2018-07-12,6.1722,6.2665,6.1623,6.2185,345508000
2018-07-13,6.2371,6.2371,6.1292,6.1713,246988000
2018-07-16,6.1435,6.1965,6.1312,6.1435,197036000
2018-07-17,6.0943,6.2945,6.0688,6.2794,362136000
2018-07-18,6.272,6.2859,6.1792,6.2302,277640000
2018-07-19,6.2114,6.272,6.1963,6.2383,235752000
2018-07-20,6.2359,6.2747,6.1992,6.2101,222352000
2018-07-23,6.1836,6.1854,6.0217,6.1735,301584000
2018-07-24,6.2215,6.3081,6.1386,6.1562,354620000
2018-07-25,6.1656,6.247,6.1076,6.2344,319112000
2018-07-26,6.2143,6.3448,6.1975,6.3079,325124000
2018-07-27,6.3445,6.3514,6.1841,6.2381,295420000
2018-07-30,6.2522,6.2581,6.0079,6.0428,340340000
2018-07-31,6.0324,6.1356,5.9935,6.0609,283988000
2018-08-01,6.0923,6.1475,6.0368,6.1007,283556000
2018-08-02,6.0294,6.2074,5.9705,6.2034,269668000
2018-08-03,6.2279,6.2638,6.2111,6.2401,214288000
2018-08-06,6.2274,6.2913,6.1809,6.2878,207508000
2018-08-07,6.3366,6.3787,6.3099,6.3601,258132000
2018-08-08,6.3614,6.4415,6.3264,6.3965,262100000
2018-08-09,6.4143,6.417,6.3403,6.348,204280000
2018-08-10,6.2661,6.3391,6.2549,6.3066,256396000
2018-08-13,6.3153,6.4604,6.3136,6.3396,375208000
2018-08-14,6.445,6.4851,6.3618,6.471,466220000
2018-08-15,6.4918,6.5257,6.3341,6.4128,591136000
2018-08-16,6.4826,6.4851,6.3121,6.3722,801260000
2018-08-17,6.2609,6.2616,6.0329,6.0599,1143188000
2018-08-20,6.0193,6.2673,5.9089,6.1346,854388000
2018-08-21,6.151,6.2747,6.1312,6.2703,673988000
2018-08-22,6.2376,6.5104,6.2341,6.5054,749856000
2018-08-23,6.4668,6.6703,6.4529,6.6049,720684000
2018-08-24,6.6133,6.7527,6.6089,6.7381,531512000
2018-08-27,6.7678,6.9034,6.7363,6.8292,505776000
2018-08-28,6.8232,6.846,6.6715,6.7915,475384000
2018-08-29,6.7839,6.9221,6.7631,6.897,420108000
2018-08-30,6.8658,6.977,6.8433,6.8802,346608000
2018-08-31,6.8601,6.9642,6.8502,6.9513,306592000
2018-09-04,6.9382,7.0637,6.9097,7.0261,391720000
2018-09-05,7.0085,7.0439,6.8143,6.8953,393156000
2018-09-06,6.879,6.8814,6.7212,6.7542,322796000
2018-09-07,6.662,6.8584,6.6172,6.7329,295420000
2018-09-10,6.7554,6.8336,6.7116,6.8039,220140000
2018-09-11,6.7576,6.8453,6.7368,6.7561,243112000
2018-09-12,6.7163,6.7358,6.4867,6.6422,419092000
2018-09-13,6.7081,6.8106,6.6907,6.72,305536000
2018-09-14,6.8104,6.9122,6.7735,6.846,386936000
2018-09-17,6.8205,6.8696,6.7648,6.7841,205528000
2018-09-18,6.7881,6.8909,6.7054,6.712,299520000
2018-09-19,6.6935,6.7537,6.6434,6.7358,224860000
2018-09-20,6.6137,6.6561,6.5407,6.5947,430584000
2018-09-21,6.6065,6.6521,6.4914,6.5246,435128000
2018-09-24,6.4936,6.5838,6.4064,6.5803,293912000
2018-09-25,6.6464,6.6724,6.5607,6.6474,280388000
2018-09-26,6.6524,6.6927,6.5947,6.6105,268548000
2018-09-27,6.6457,6.667,6.5909,6.6224,214428000
2018-09-28,6.7544,6.982,6.7264,6.9597,709396000
2018-10-01,7.0375,7.2331,6.9988,7.1663,622060000
2018-10-02,7.1388,7.2505,7.0726,7.0949,383964000
2018-10-03,7.1653,7.1727,6.9971,7.1011,320552000
2018-10-04,7.065,7.0892,6.8398,6.9169,391220000
2018-10-05,6.8921,6.9543,6.6259,6.6833,426636000
2018-10-08,6.6001,6.7155,6.4411,6.582,408612000
2018-10-09,6.5615,6.6561,6.5085,6.5763,273500000
2018-10-10,6.4703,6.5162,6.0825,6.0847,684940000
2018-10-11,5.9976,6.131,5.8017,5.8232,725436000
2018-10-12,6.0803,6.1801,5.9351,6.1058,608236000
2018-10-15,6.0924,6.0924,5.8284,5.8294,449760000
2018-10-16,5.9421,6.0993,5.8928,6.0882,408712000
2018-10-17,6.1504,6.1885,5.9706,6.0196,329668000
2018-10-18,6.0889,6.1273,5.8717,5.9322,524020000
2018-10-19,5.9874,6.007,5.6392,5.6756,613608000
2018-10-22,5.7279,5.8279,5.6236,5.7264,368844000
2018-10-23,5.4591,5.5523,5.367,5.4747,626436000
2018-10-24,5.4364,5.4829,4.9247,4.9386,884288000
2018-10-25,4.841,5.1946,4.7967,5.1473,951720000
2018-10-26,4.9113,5.073,4.7828,4.9108,664784000
2018-10-29,5.052,5.0555,4.359,4.597,758016000
2018-10-30,4.6201,5.0374,4.597,5.0275,807192000
2018-10-31,5.1922,5.265,5.0525,5.2214,745772000
2018-11-01,5.2578,5.4111,5.1312,5.4017,566528000
2018-11-02,5.3923,5.498,5.206,5.3227,452960000
2018-11-05,5.3096,5.3328,5.0839,5.2447,379332000
2018-11-06,5.2367,5.3209,5.1899,5.2271,299012000
2018-11-07,5.2937,5.3843,5.2301,5.2947,483812000
2018-11-08,5.2355,5.2362,5.048,5.1015,511352000
2018-11-09,5.0126,5.184,4.9789,5.0936,413240000
2018-11-12,5.0022,5.0243,4.6723,4.6941,617116000
2018-11-13,4.792,5.0574,4.7858,4.9361,644712000
2018-11-14,5.1092,5.1236,4.7756,4.8836,526580000
2018-11-15,4.8776,5.0844,4.8417,5.0124,840708000
2018-11-16,4.0448,4.2265,4.0024,4.0723,1963520000
2018-11-19,4.0069,4.0076,3.5819,3.5836,1697820000
2018-11-20,3.3201,3.8204,3.3015,3.6921,1692032000
2018-11-21,3.8293,3.8461,3.5566,3.5839,1025496000
2018-11-23,3.5492,3.7047,3.5363,3.5911,411968000
2018-11-26,3.7122,3.8008,3.6297,3.7904,814832000
2018-11-27,3.7644,3.8885,3.7285,3.8073,738060000
2018-11-28,3.9249,3.9695,3.7924,3.9643,804524000
2018-11-29,3.9665,4.0037,3.8708,3.9011,549172000
2018-11-30,3.9107,4.0622,3.8604,4.0515,729564000
2018-12-03,4.2789,4.3304,4.1485,4.2154,890804000
2018-12-04,4.1708,4.1757,3.8797,3.8949,812112000
2018-12-06,3.7543,3.9291,3.7387,3.9241,692308000
2018-12-07,3.9283,3.9385,3.61,3.6593,681676000
2018-12-10,3.6145,3.7895,3.6108,3.7647,629472000
2018-12-11,3.8564,3.8646,3.5946,3.6737,671912000
2018-12-12,3.6794,3.7875,3.5902,3.6913,654136000
2018-12-13,3.7382,3.8024,3.6551,3.6911,471384000
2018-12-14,3.6494,3.7332,3.607,3.6306,471820000
2018-12-17,3.6006,3.6727,3.5014,3.5594,662868000
2018-12-18,3.6033,3.7268,3.5761,3.6427,564372000
2018-12-19,3.609,3.6626,3.3822,3.4338,745364000
2018-12-20,3.4253,3.5153,3.2895,3.3492,749588000
2018-12-21,3.3757,3.4087,3.1846,3.2121,863740000
2018-12-24,3.1358,3.2223,3.0864,3.1504,463840000
2018-12-26,3.1965,3.3006,3.0854,3.2996,695100000
2018-12-27,3.2473,3.2818,3.1033,3.2518,637044000
2018-12-28,3.2724,3.406,3.2305,3.3133,628728000
2018-12-31,3.3567,3.3891,3.2788,3.3096,465140000
2019-01-02,3.2387,3.433,3.224,3.377,508752000
2019-01-03,3.3167,3.3507,3.1655,3.173,705552000
2019-01-04,3.2461,3.4144,3.2153,3.3762,585620000
2019-01-07,3.4335,3.5919,3.3822,3.555,709160000
2019-01-08,3.6365,3.6388,3.3938,3.4665,786016000
2019-01-09,3.5178,3.582,3.4672,3.5347,617260000
2019-01-10,3.5153,3.609,3.4548,3.6003,523156000
2019-01-11,3.578,3.7124,3.5503,3.6896,874764000
2019-01-14,3.6373,3.7548,3.6137,3.7295,730168000
2019-01-15,3.7622,3.8016,3.697,3.7154,617012000
2019-01-16,3.7426,3.7756,3.6844,3.6898,470104000
2019-01-17,3.6569,3.8012,3.6296,3.7612,493436000
2019-01-18,3.8111,3.9164,3.7595,3.8904,651336000
2019-01-22,3.8602,3.8718,3.6579,3.6881,661552000
2019-01-23,3.7434,3.8321,3.6698,3.701,591020000
2019-01-24,3.7855,3.9306,3.7808,3.913,708972000
2019-01-25,3.8535,3.9883,3.7508,3.9702,1154572000
2019-01-28,3.3852,3.5113,3.2476,3.4214,2511528000
2019-01-29,3.3752,3.4236,3.2478,3.2625,1153932000
2019-01-30,3.3386,3.4204,3.259,3.406,974228000
2019-01-31,3.4028,3.5994,3.3809,3.5637,842852000
2019-02-01,3.5823,3.639,3.5347,3.588,625048000
2019-02-04,3.6038,3.7355,3.5818,3.6983,528592000
2019-02-05,3.7102,3.754,3.6765,3.7174,542424000
2019-02-06,3.7506,3.8574,3.7451,3.793,702464000
2019-02-07,3.7466,3.7488,3.6118,3.6546,637120000
2019-02-08,3.5875,3.6839,3.5731,3.6732,461604000
2019-02-11,3.6291,3.6834,3.5823,3.6306,495180000
2019-02-12,3.669,3.7632,3.6546,3.7476,591060000
2019-02-13,3.7771,3.8631,3.7635,3.79,605372000
2019-02-14,3.789,3.8592,3.7459,3.8309,827264000
2019-02-15,4.0396,4.0624,3.8778,3.9006,1516748000
2019-02-19,3.8899,3.9638,3.8708,3.8832,551892000
2019-02-20,3.9125,3.9977,3.9013,3.9306,540988000
2019-02-21,3.9432,3.9677,3.847,3.8616,448548000
2019-02-22,3.9135,3.9653,3.8998,3.9464,401740000
2019-02-25,4.03,4.0974,3.9254,3.934,656020000
2019-02-26,3.9293,3.9853,3.8611,3.8946,488464000
2019-02-27,3.8802,3.9068,3.7957,3.8527,500256000
2019-02-28,3.8465,3.8688,3.8058,3.8281,324944000
2019-03-01,3.878,3.9247,3.8197,3.8825,357188000
2019-03-04,3.921,3.9438,3.8341,3.8907,409992000
2019-03-05,3.8751,3.9224,3.8207,3.8842,362924000
2019-03-06,3.8753,3.8837,3.7706,3.7733,403524000
2019-03-07,3.7497,3.7594,3.6579,3.7041,450104000
2019-03-08,3.6147,3.749,3.5934,3.7383,422416000
2019-03-11,3.7619,4.0217,3.7147,3.9989,859728000
2019-03-12,4.0267,4.0795,3.9505,4.0331,579576000
2019-03-13,4.0706,4.2138,4.0632,4.1845,768900000
2019-03-14,4.1937,4.2056,4.1009,4.1086,519384000
2019-03-15,4.1518,4.2567,4.1483,4.214,661484000
2019-03-18,4.2456,4.2994,4.1656,4.1927,486992000
2019-03-19,4.2872,4.4049,4.2704,4.3605,854972000
2019-03-20,4.3895,4.4428,4.2932,4.3279,719148000
2019-03-21,4.351,4.591,4.3461,4.5647,824312000
2019-03-22,4.5374,4.586,4.391,4.4049,747644000
2019-03-25,4.3642,4.4285,4.2463,4.3126,525212000
2019-03-26,4.4543,4.5103,4.3329,4.3892,703508000
2019-03-27,4.4148,4.4612,4.3106,4.3801,474372000
2019-03-28,4.4061,4.4644,4.3456,4.3987,480264000
2019-03-29,4.4654,4.4803,4.4151,4.456,456896000
2019-04-01,4.5478,4.5538,4.4761,4.5235,483824000
2019-04-02,4.5476,4.5858,4.5046,4.5414,440920000
2019-04-03,4.591,4.7399,4.586,4.6808,783504000
2019-04-04,4.6654,4.7143,4.6091,4.6719,457376000
2019-04-05,4.7151,4.756,4.6786,4.7387,481744000
2019-04-08,4.7081,4.7846,4.6841,4.7595,424192000
2019-04-09,4.726,4.7372,4.6545,4.6967,439972000
2019-04-10,4.696,4.793,4.6915,4.7672,444772000
2019-04-11,4.7697,4.8012,4.7039,4.7533,374600000
2019-04-12,4.792,4.796,4.7066,4.7153,471708000
2019-04-15,4.7076,4.7126,4.5438,4.5836,440092000
2019-04-16,4.6228,4.6895,4.59,4.6707,394964000
2019-04-17,4.7056,4.7265,4.6255,4.6478,351004000
2019-04-18,4.6545,4.6885,4.5955,4.6233,380988000
2019-04-22,4.5997,4.6927,4.5682,4.6771,279936000
2019-04-23,4.6903,4.763,4.6806,4.7317,346856000
2019-04-24,4.7421,4.7848,4.6813,4.7441,318204000
2019-04-25,4.7039,4.7262,4.5587,4.6384,499296000
2019-04-26,4.4845,4.489,4.3006,4.4195,868988000
2019-04-29,4.4275,4.4781,4.3552,4.4503,391920000
2019-04-30,4.418,4.5173,4.3989,4.4917,362920000
2019-05-01,4.5441,4.5863,4.4783,4.4786,354280000
2019-05-02,4.4883,4.5878,4.4451,4.5461,394684000
2019-05-03,4.5545,4.5644,4.4801,4.5416,336824000
2019-05-06,4.3552,4.4754,4.318,4.4632,422176000
2019-05-07,4.4148,4.4148,4.2478,4.2959,555220000
2019-05-08,4.2684,4.3962,4.2565,4.316,419168000
2019-05-09,4.247,4.2567,4.1046,4.2235,660248000
2019-05-10,4.1927,4.2582,4.0699,4.1895,569500000
2019-05-13,4.0574,4.0805,3.9162,3.9321,656912000
2019-05-14,3.9718,4.0565,3.9331,4.0212,524880000
2019-05-15,3.9656,3.9966,3.9063,3.9602,502320000
2019-05-16,3.9547,4.018,3.9123,3.9753,781088000
2019-05-17,3.9334,4.0627,3.845,3.8845,1022068000
2019-05-20,3.7857,3.8408,3.741,3.7659,572064000
2019-05-21,3.8267,3.8639,3.7879,3.848,361848000
2019-05-22,3.8093,3.8353,3.7661,3.777,325868000
2019-05-23,3.7147,3.7147,3.5961,3.6559,591844000
2019-05-24,3.6748,3.71,3.5954,3.6021,357584000
2019-05-28,3.6197,3.6524,3.5549,3.5569,428356000
2019-05-29,3.5093,3.5443,3.448,3.4827,559800000
2019-05-30,3.4859,3.5217,3.4179,3.4561,394300000
2019-05-31,3.4072,3.4745,3.3637,3.3654,389720000
2019-06-03,3.3766,3.4154,3.2944,3.3237,478644000
2019-06-04,3.3878,3.558,3.3657,3.5528,641836000
2019-06-05,3.6266,3.632,3.4738,3.51,511616000
2019-06-06,3.5143,3.5967,3.5118,3.5721,408140000
2019-06-07,3.5781,3.6492,3.559,3.6149,348856000
2019-06-10,3.671,3.7562,3.671,3.6877,402780000
2019-06-11,3.7475,3.7853,3.7058,3.7453,383872000
2019-06-12,3.7018,3.708,3.6171,3.6323,358892000
2019-06-13,3.6544,3.7018,3.6367,3.6835,308080000
2019-06-14,3.5903,3.6146,3.5488,3.5935,394428000
2019-06-17,3.5918,3.6402,3.5689,3.6032,276040000
2019-06-18,3.6646,3.8536,3.6536,3.7982,581920000
2019-06-19,3.8335,3.8449,3.7781,3.8042,331644000
2019-06-20,3.8949,3.9088,3.8141,3.8285,350168000
2019-06-21,3.8136,3.8628,3.7639,3.7704,434428000
2019-06-24,3.7918,3.8223,3.7446,3.7928,282948000
2019-06-25,3.7977,3.8728,3.7607,3.7635,311868000
2019-06-26,3.8909,4.0179,3.878,3.9567,584072000
2019-06-27,4.0425,4.0745,4.0064,4.0554,445440000
2019-06-28,4.0993,4.1085,4.0335,4.0802,397668000
2019-07-01,4.2874,4.3217,4.0909,4.1284,709756000
2019-07-02,4.1118,4.1329,4.0174,4.0305,400228000
2019-07-03,4.0539,4.0596,3.9836,4.0434,246636000
2019-07-05,3.9851,3.9895,3.9175,3.9808,396552000
2019-07-08,3.9212,3.9401,3.8757,3.9058,329788000
2019-07-09,3.8636,3.9364,3.8509,3.9083,342860000
2019-07-10,3.9518,4.034,3.9379,3.9766,452076000
2019-07-11,4.0497,4.1719,4.0124,4.1311,682560000
2019-07-12,4.159,4.2352,4.159,4.1642,506392000
2019-07-15,4.1853,4.2015,4.1274,4.1557,289840000
2019-07-16,4.1408,4.1781,4.0954,4.151,341444000
2019-07-17,4.1528,4.2233,4.1234,4.2164,348204000
2019-07-18,4.2268,4.2909,4.1702,4.228,442192000
2019-07-19,4.2663,4.2728,4.1789,4.1848,344896000
2019-07-22,4.2062,4.2693,4.1987,4.2564,315940000
2019-07-23,4.2956,4.3662,4.28,4.3642,428176000
2019-07-24,4.4074,4.4444,4.3314,4.4387,366236000
2019-07-25,4.3972,4.4099,4.2842,4.3075,392700000
2019-07-26,4.3346,4.3962,4.3346,4.3495,274160000
2019-07-29,4.3423,4.3595,4.2551,4.3433,248160000
2019-07-30,4.2969,4.3711,4.2825,4.359,197772000
2019-07-31,4.3274,4.3284,4.1495,4.1918,359416000
2019-08-01,4.2022,4.2926,4.0452,4.0974,421212000
2019-08-02,4.0047,4.074,3.9572,4.0047,428348000
2019-08-05,3.8211,3.8223,3.6994,3.7463,589156000
2019-08-06,3.8211,3.8666,3.7374,3.7851,361272000
2019-08-07,3.7242,3.8353,3.7068,3.8233,372560000
2019-08-08,3.881,3.9331,3.8236,3.9319,309300000
2019-08-09,3.8909,3.8944,3.7801,3.8305,341816000
2019-08-12,3.7784,3.8305,3.7408,3.7627,279200000
2019-08-13,3.7612,3.923,3.7222,3.877,351956000
2019-08-14,3.7888,3.8,3.6847,3.7284,419880000
2019-08-15,3.7473,3.7672,3.6618,3.6961,477200000
2019-08-16,3.959,4.0134,3.8976,3.9642,1007960000
2019-08-19,4.0775,4.2589,4.0613,4.243,815112000
2019-08-20,4.2375,4.238,4.1495,4.1707,463188000
2019-08-21,4.2367,4.3093,4.2151,4.2541,427244000
2019-08-22,4.2638,4.3063,4.2211,4.2603,303488000
2019-08-23,4.1838,4.2382,4.0159,4.0357,568056000
2019-08-26,4.1145,4.1386,4.0723,4.1105,318208000
2019-08-27,4.1488,4.1515,3.9905,4.0198,290968000
2019-08-28,3.9935,4.0621,3.9542,4.0094,255612000
2019-08-29,4.1009,4.1855,4.0974,4.1531,357976000
2019-08-30,4.1994,4.2491,4.1477,4.1658,290616000
2019-09-03,4.093,4.126,4.0599,4.0828,296140000
2019-09-04,4.1434,4.2044,4.1434,4.1969,227728000
2019-09-05,4.2991,4.4762,4.2974,4.47,695676000
2019-09-06,4.4466,4.5036,4.4048,4.4429,376976000
2019-09-09,4.474,4.5754,4.4725,4.4889,417524000
2019-09-10,4.4561,4.5821,4.4464,4.5555,352812000
2019-09-11,4.5702,4.6324,4.5411,4.5841,361512000
2019-09-12,4.6306,4.6853,4.5747,4.5826,327840000
2019-09-13,4.516,4.553,4.4809,4.5247,324592000
2019-09-16,4.4496,4.5162,4.4391,4.4817,231832000
2019-09-17,4.4884,4.5073,4.4419,4.5031,223048000
2019-09-18,4.4961,4.5118,4.3894,4.4759,258152000
2019-09-19,4.4819,4.5003,4.3896,4.4003,245476000
2019-09-20,4.3993,4.423,4.2845,4.2947,350244000
2019-09-23,4.2949,4.3936,4.2912,4.3481,249712000
2019-09-24,4.3795,4.409,4.2551,4.2907,317268000
2019-09-25,4.2902,4.4521,4.2454,4.4324,308432000
2019-09-26,4.4227,4.4314,4.3593,4.4103,234564000
2019-09-27,4.3685,4.4192,4.2108,4.2715,362056000
2019-09-30,4.2974,4.3392,4.266,4.329,186184000
2019-10-01,4.3521,4.5013,4.3225,4.3272,366008000
2019-10-02,4.3053,4.3173,4.231,4.3034,293372000
2019-10-03,4.3078,4.5152,4.2775,4.509,450588000
2019-10-04,4.5113,4.5548,4.4461,4.5254,265524000
2019-10-07,4.5903,4.6839,4.5816,4.5841,480984000
2019-10-08,4.4924,4.4924,4.3894,4.4076,444436000
2019-10-09,4.4844,4.5436,4.4556,4.4941,292412000
2019-10-10,4.4919,4.6028,4.4866,4.5518,309124000
2019-10-11,4.6359,4.7087,4.617,4.6254,446404000
2019-10-14,4.6167,4.6597,4.5856,4.6388,200040000
2019-10-15,4.7291,4.9562,4.7152,4.8836,664124000
2019-10-16,4.8495,4.9544,4.8184,4.8298,428944000
2019-10-17,4.8743,4.9194,4.7774,4.8318,263436000
2019-10-18,4.8323,4.8649,4.663,4.7373,307440000
2019-10-21,4.7987,4.888,4.7798,4.8746,261868000
2019-10-22,4.9315,5.0367,4.8569,4.8647,328720000
2019-10-23,4.7826,4.8659,4.7507,4.8517,279916000
2019-10-24,4.893,4.9293,4.8589,4.8957,232020000
2019-10-25,4.9763,5.1076,4.9686,5.0867,423092000
2019-10-28,5.1305,5.1952,5.1012,5.1427,330792000
2019-10-29,5.1288,5.1352,5.027,5.0464,211236000
2019-10-30,5.0733,5.079,4.9803,5.0484,205960000
2019-10-31,5.0275,5.0484,4.9194,4.9992,209732000
2019-11-01,4.9639,5.0706,4.9388,5.0382,283640000
2019-11-04,5.1193,5.2474,5.0962,5.235,376716000
2019-11-05,5.2347,5.2608,5.1648,5.2128,300868000
2019-11-06,5.1887,5.2143,5.076,5.1636,269012000
2019-11-07,5.2501,5.2648,5.1365,5.1812,280340000
2019-11-08,5.1643,5.1989,5.1268,5.1673,189100000
2019-11-11,5.1666,5.2004,5.0803,5.1773,243436000
2019-11-12,5.2156,5.2688,5.1805,5.2128,283504000
2019-11-13,5.1815,5.2091,5.1206,5.187,300188000
2019-11-14,5.1959,5.2195,5.136,5.2173,518080000
2019-11-15,5.2151,5.2668,4.9897,5.078,1053628000
2019-11-18,5.0706,5.3058,5.0676,5.2792,574588000
2019-11-19,5.2481,5.2718,5.1143,5.1725,414564000
2019-11-20,5.1497,5.3357,5.137,5.2519,472588000
2019-11-21,5.2474,5.3031,5.2054,5.227,288388000
2019-11-22,5.2496,5.2961,5.221,5.2447,224100000
2019-11-25,5.3727,5.5063,5.3598,5.5013,506476000
2019-11-26,5.4836,5.4884,5.3901,5.3966,385244000
2019-11-27,5.4421,5.4765,5.4051,5.4314,215784000
2019-11-29,5.4006,5.429,5.3702,5.3941,141556000
2019-12-02,5.3871,5.4006,5.1925,5.2077,372036000
2019-12-03,5.024,5.1721,4.9867,5.1681,465232000
2019-12-04,5.2518,5.2742,5.1833,5.2119,273424000
2019-12-05,5.2338,5.2495,5.1644,5.195,184884000
2019-12-06,5.2642,5.3132,5.2542,5.2804,232236000
2019-12-09,5.2575,5.3351,5.2488,5.2804,211880000
2019-12-10,5.3105,5.3772,5.2577,5.3254,256388000
2019-12-11,5.3359,5.4145,5.3334,5.409,233796000
2019-12-12,5.3802,5.5947,5.3712,5.5765,404348000
2019-12-13,5.5795,5.6987,5.5205,5.5745,454704000
2019-12-16,5.6221,5.6758,5.594,5.6034,320976000
2019-12-17,5.6221,5.7042,5.6126,5.6816,321196000
2019-12-18,5.7164,5.7724,5.7079,5.7119,343548000
2019-12-19,5.7465,5.8734,5.7415,5.86,445360000
2019-12-20,5.9265,5.9827,5.9073,5.9573,603044000
2019-12-23,5.9859,6.018,5.9329,5.9436,355060000
2019-12-24,5.9282,5.9558,5.8939,5.9386,138864000
2019-12-26,5.9421,5.981,5.9232,5.9528,182852000
2019-12-27,5.968,5.9815,5.8687,5.8951,254644000
2019-12-30,5.8732,5.8784,5.7505,5.7819,258056000
2019-12-31,5.7465,5.8655,5.7274,5.856,231004000
2020-01-02,5.9419,5.9708,5.8914,5.9708,237536000
2020-01-03,5.851,5.919,5.8262,5.8752,205384000
2020-01-06,5.7819,5.9051,5.7557,5.8998,262636000
2020-01-07,5.9282,6.017,5.8831,5.9713,314856000
2020-01-08,5.967,6.0238,5.927,5.9825,277108000
2020-01-09,6.0688,6.1206,5.9944,6.0482,255112000
2020-01-10,6.1554,6.1858,6.0663,6.0805,316296000
2020-01-13,6.1636,6.2963,6.141,6.2711,319840000
2020-01-14,6.2283,6.2537,6.141,6.1542,359088000
2020-01-15,6.1669,6.1893,6.0857,6.1116,263104000
2020-01-16,6.1651,6.2012,6.1417,6.1952,284192000
2020-01-17,6.2144,6.2219,6.1564,6.204,253792000
2020-01-21,6.1674,6.2042,6.1365,6.1706,217916000
2020-01-22,6.2159,6.3112,6.197,6.2246,239240000
2020-01-23,6.2647,6.3015,6.1758,6.293,244516000
2020-01-24,6.4085,6.4583,6.1796,6.2338,373512000
2020-01-27,5.9292,6.029,5.7796,5.978,470536000
2020-01-28,6.0439,6.2037,5.9907,6.1713,310976000
2020-01-29,6.1569,6.193,6.0711,6.1109,258848000
2020-01-30,6.0131,6.131,5.9581,6.1176,290504000
2020-01-31,6.0718,6.0837,5.8423,5.8841,370420000
2020-02-03,5.866,6.0006,5.8598,5.9812,255564000
2020-02-04,6.1231,6.1696,6.073,6.1504,271544000
2020-02-05,6.2714,6.2816,6.1574,6.2408,208220000
2020-02-06,6.2751,6.3276,6.194,6.3276,218284000
2020-02-07,6.2876,6.3097,6.2361,6.2614,189752000
2020-02-10,6.2841,6.5454,6.2791,6.5447,529608000
2020-02-11,6.6529,6.7818,6.591,6.6671,638556000
2020-02-12,6.7199,6.7893,6.681,6.7828,374644000
2020-02-13,6.7248,6.8062,6.6975,6.739,528016000
2020-02-14,7.1492,7.3411,7.1178,7.2121,1041924000
2020-02-18,7.1089,7.3993,7.0894,7.3809,620164000
2020-02-19,7.5033,7.8498,7.5033,7.8321,694332000
2020-02-20,7.7841,7.8724,7.3754,7.6828,810052000
2020-02-21,7.5705,7.5957,7.2338,7.3187,768180000
2020-02-24,6.7243,7.015,6.6698,6.8013,856916000
2020-02-25,6.8764,6.9384,6.42,6.5218,1055496000
2020-02-26,6.522,6.8553,6.5205,6.6611,747732000
2020-02-27,6.3476,6.6489,6.1979,6.2903,906416000
2020-02-28,6.0378,6.7849,6.0211,6.7254,1133252000
2020-03-02,6.8955,6.9126,6.4995,6.8838,890744000
2020-03-03,6.9395,6.9993,6.5359,6.6213,652792000
2020-03-04,6.7286,7.0944,6.6539,7.085,597408000
2020-03-05,6.8855,7.0523,6.761,6.8056,540328000
2020-03-06,6.626,6.6835,6.4248,6.625,515412000
2020-03-09,5.9741,6.4597,5.9312,6.112,614160000
2020-03-10,6.3885,6.5015,6.1257,6.5015,580648000
2020-03-11,6.3616,6.3899,6.0406,6.1377,499964000
2020-03-12,5.6145,5.8799,5.3739,5.3866,816540000
2020-03-13,5.74,6.002,5.4688,5.9975,634836000
2020-03-16,5.2895,5.6304,4.8311,4.8908,726972000
2020-03-17,5.0031,5.4999,4.7564,5.4105,833632000
2020-03-18,4.983,5.228,4.4994,5.0507,874268000
2020-03-19,5.0293,5.3971,4.8159,5.3035,765512000
2020-03-20,5.4536,5.7355,5.1082,5.1237,804636000
2020-03-23,5.1227,5.3909,4.9436,5.2965,643876000
2020-03-24,5.7026,6.2918,5.679,6.2052,1101644000
2020-03-25,6.3202,6.5199,6.0677,6.1165,793432000
2020-03-26,6.3237,6.5299,6.2256,6.4059,696108000
2020-03-27,6.2256,6.5523,6.1927,6.2936,638828000
2020-03-30,6.3591,6.623,6.315,6.6138,602252000
2020-03-31,6.6539,6.8581,6.4186,6.5643,949960000
2020-04-01,6.3663,6.5127,6.0084,6.053,656912000
2020-04-02,6.0822,6.375,6.0341,6.3618,675764000
2020-04-03,6.3242,6.3658,5.9365,6.0739,663212000
2020-04-06,6.3561,6.7207,6.2986,6.6838,727884000
2020-04-07,6.9054,6.9291,6.4074,6.4505,784520000
2020-04-08,6.5595,6.6726,6.4896,6.6477,542444000
2020-04-09,6.7734,6.7964,6.4851,6.5481,525564000
2020-04-13,6.4883,6.7286,6.3999,6.7199,398408000
2020-04-14,6.8481,7.1051,6.8205,7.071,530948000
2020-04-15,6.9029,7.0765,6.8576,6.9936,366148000
2020-04-16,7.149,7.4458,7.1358,7.3387,745620000
2020-04-17,7.4209,7.4423,7.1455,7.2795,539120000
2020-04-20,7.153,7.3088,7.1039,7.1482,449388000
2020-04-21,7.0302,7.0914,6.6517,6.7114,735160000
2020-04-22,6.9037,7.1686,6.8581,7.1258,483356000
2020-04-23,7.1679,7.2999,7.0474,7.0725,424160000
2020-04-24,7.0623,7.2135,6.9876,7.2115,352328000
2020-04-27,7.3459,7.5579,7.3213,7.398,479388000
2020-04-28,7.5454,7.5753,7.2501,7.2556,442904000
2020-04-29,7.3903,7.4852,7.3151,7.4324,379160000
2020-04-30,7.3783,7.4324,7.2645,7.2785,375916000
2020-05-01,7.081,7.1943,6.9936,7.0419,342096000
2020-05-04,6.9946,7.2675,6.9946,7.2538,317556000
2020-05-05,7.3579,7.4774,7.2538,7.3148,368896000
2020-05-06,7.3943,7.5205,7.3564,7.4157,323464000
2020-05-07,7.5549,7.6552,7.5036,7.592,373732000
2020-05-08,7.6637,7.7882,7.6298,7.782,339216000
2020-05-11,7.777,8.0808,7.7484,8.034,469060000
2020-05-12,8.0918,8.1406,7.7623,7.772,493060000
2020-05-13,7.8866,8.0469,7.5651,7.7496,625852000
2020-05-14,7.8111,8.0046,7.6575,7.9991,602312000
2020-05-15,7.8589,8.4673,7.8432,8.4576,987660000
2020-05-18,8.7263,8.8817,8.6466,8.7161,774460000
2020-05-19,8.7559,9.052,8.7285,8.7711,717320000
2020-05-20,8.9559,9.0077,8.854,8.935,587536000
2020-05-21,9.0162,9.0171,8.7034,8.741,761068000
2020-05-22,8.7908,9.0575,8.6792,8.991,1038764000
2020-05-26,9.121,9.1459,8.6381,8.6837,770780000
2020-05-27,8.5913,8.599,7.9655,8.492,1175892000
2020-05-28,8.3794,8.7263,8.3465,8.4539,734896000
2020-05-29,8.5211,8.8408,8.4519,8.8408,745256000
2020-06-01,8.7988,8.8062,8.6556,8.7719,389876000
2020-06-02,8.7619,8.8027,8.6242,8.7908,391320000
2020-06-03,8.7878,8.8316,8.666,8.7353,365440000
2020-06-04,8.6979,8.9124,8.6476,8.7362,424280000
2020-06-05,8.7641,8.966,8.6779,8.8892,481748000
2020-06-08,8.8466,8.8591,8.6558,8.7746,387736000
2020-06-09,8.7696,9.0783,8.7211,9.0148,468488000
2020-06-10,9.1361,9.4672,9.1219,9.3344,632180000
2020-06-11,9.1184,9.2293,8.7557,8.7659,583652000
2020-06-12,9.1309,9.1555,8.6732,8.9017,570908000
2020-06-15,8.7848,9.1506,8.7136,9.1421,400004000
2020-06-16,9.1932,9.2348,8.8082,9.0372,535716000
2020-06-17,9.0823,9.2669,9.0389,9.2041,408304000
2020-06-18,9.1952,9.2505,9.083,9.1862,254408000
2020-06-19,9.2106,9.4124,9.1954,9.2293,524160000
2020-06-22,9.2679,9.4984,9.2412,9.4939,398468000
2020-06-23,9.518,9.6092,9.375,9.4174,375108000
2020-06-24,9.4435,9.5235,9.1129,9.2036,449372000
2020-06-25,9.3235,9.4722,9.1506,9.4573,376072000
2020-06-26,9.4672,9.4672,9.0935,9.1234,592084000
2020-06-29,9.1381,9.1727,8.8693,9.1683,342248000
2020-06-30,9.2819,9.4934,9.2345,9.465,367892000
2020-07-01,9.4879,9.5427,9.3805,9.4971,326648000
2020-07-02,9.6057,9.7039,9.5452,9.5791,364056000
2020-07-06,9.7081,9.8746,9.679,9.8053,315892000
2020-07-07,9.9119,10.0352,9.8168,9.8377,357800000
2020-07-08,9.9593,10.1897,9.9311,10.1807,365480000
2020-07-09,10.3444,10.5335,10.1982,10.4727,494548000
2020-07-10,10.5522,10.6185,10.3429,10.4431,497676000
2020-07-13,10.5584,10.755,9.9904,10.0176,457076000
2020-07-14,10.0402,10.3669,9.7517,10.3412,542676000
2020-07-15,10.3783,10.397,10.021,10.192,403984000
2020-07-16,9.9804,10.1715,9.8614,10.0998,344964000
2020-07-17,10.1902,10.2131,10.0529,10.1663,266284000
2020-07-20,10.2388,10.4949,10.1217,10.4745,284852000
2020-07-21,10.4767,10.5236,10.2513,10.2929,277036000
2020-07-22,10.3317,10.5659,10.256,10.4027,367292000
2020-07-23,10.4139,10.5106,9.9966,10.0948,411660000
2020-07-24,9.8409,10.329,9.7433,10.1593,473292000
2020-07-27,10.1969,10.4057,10.1825,10.3855,292132000
2020-07-28,10.3385,10.3462,10.174,10.1802,271636000
2020-07-29,10.3549,10.48,10.3113,10.4294,284508000
2020-07-30,10.3392,10.5863,10.2597,10.5774,308880000
2020-07-31,10.5268,10.7293,10.397,10.5781,386080000
2020-08-03,10.6955,11.0604,10.6783,10.9723,412720000
2020-08-04,11.0119,11.189,10.8684,11.189,310336000
2020-08-05,11.2052,11.3325,11.1277,11.2478,249924000
2020-08-06,11.3106,11.3188,11.1402,11.2964,244316000
2020-08-07,11.2735,11.465,10.9994,11.1609,342516000
2020-08-10,11.2951,11.3689,10.819,11.1265,427796000
2020-08-11,11.0355,11.0983,10.7585,10.8126,354512000
2020-08-12,10.9528,11.4274,10.9204,11.4008,464412000
2020-08-13,11.5062,11.6813,11.3166,11.4035,374460000
2020-08-14,11.4902,11.6644,11.401,11.5241,366436000
2020-08-17,11.8104,12.3669,11.7765,12.2944,621300000
2020-08-18,12.407,12.4529,12.0445,12.2184,503448000
2020-08-19,12.2541,12.2725,12.0562,12.0966,622624000
2020-08-20,11.9337,12.3323,11.8378,12.0991,921388000
2020-08-21,12.1596,12.7645,12.1532,12.6397,999868000
2020-08-24,12.8393,12.8679,12.4643,12.6764,490564000
2020-08-25,12.5872,12.7172,12.5304,12.706,289076000
2020-08-26,12.7551,12.8241,12.634,12.7289,321244000
2020-08-27,12.7374,12.8057,12.5231,12.5847,317604000
2020-08-28,12.6313,13.1026,12.5989,13.1024,537160000
2020-08-31,13.1373,13.5282,12.9928,13.3283,500840000
2020-09-01,13.4375,13.9496,13.3941,13.7774,511316000
2020-09-02,14.6574,14.6803,13.8562,14.3013,874012000
2020-09-03,13.7852,13.8407,12.8381,12.9745,945128000
2020-09-04,12.7434,13.1335,11.6678,12.5827,1463684000
2020-09-08,11.6975,12.5104,11.6674,11.8754,795728000
2020-09-09,12.3609,12.7689,12.1932,12.6749,736200000
2020-09-10,12.9483,13.0241,12.1286,12.2729,698684000
2020-09-11,12.4461,12.6126,11.8582,12.1261,636928000
2020-09-14,13.0398,13.273,12.5914,12.8317,1201744000
2020-09-15,13.2381,13.2568,12.7873,12.95,727556000
2020-09-16,12.9164,13.0515,12.4743,12.475,556384000
2020-09-17,12.094,12.5501,11.9968,12.4242,792512000
2020-09-18,12.554,12.5927,11.951,12.1508,698460000
2020-09-21,11.8874,12.483,11.867,12.4778,721044000
2020-09-22,12.5354,12.6081,12.1172,12.5979,646452000
2020-09-23,12.5359,12.6869,12.0412,12.0855,647012000
2020-09-24,12.0342,12.5299,11.9761,12.3091,731240000
2020-09-25,12.4083,12.8429,12.2071,12.8332,588016000
2020-09-28,12.9991,13.0106,12.7098,12.9939,573808000
2020-09-29,12.8967,13.4004,12.8925,13.1841,621460000
2020-09-30,13.116,13.5796,13.1088,13.4878,689184000
2020-10-01,13.7146,13.7194,13.4183,13.5716,525004000
2020-10-02,13.1833,13.4769,13.0099,13.0211,552496000
2020-10-05,13.1943,13.6012,13.1811,13.5995,479820000
2020-10-06,13.7864,14.0974,13.6219,13.6932,784420000
2020-10-07,13.9556,14.0747,13.8198,13.92,418084000
2020-10-08,14.0306,14.0401,13.7146,13.7951,378900000
2020-10-09,13.7236,13.7807,13.6177,13.7194,346892000
2020-10-12,13.9454,14.3018,13.8686,14.1811,434744000
2020-10-13,14.2514,14.3033,13.9746,14.2033,344604000
2020-10-14,14.2454,14.2975,13.916,14.0508,276100000
2020-10-15,13.7672,13.9616,13.7243,13.926,267224000
2020-10-16,13.9925,14.077,13.749,13.768,242392000
2020-10-19,13.8592,13.9394,13.3645,13.4552,298068000
2020-10-20,13.5407,13.7562,13.4644,13.6025,229212000
2020-10-21,13.582,13.748,13.435,13.4821,219596000
2020-10-22,13.4799,13.5688,13.19,13.3189,290480000
2020-10-23,13.4076,13.5504,13.2493,13.5474,233484000
2020-10-26,13.3847,13.6496,12.9974,13.0998,336896000
2020-10-27,13.2641,13.3996,13.1499,13.3545,250520000
2020-10-28,13.1564,13.2182,12.5692,12.5872,376520000
2020-10-29,12.798,13.1512,12.7098,12.9829,320080000
2020-10-30,12.8095,12.8957,12.2612,12.4945,416820000
2020-11-02,12.6178,12.7963,12.3559,12.5411,299652000
2020-11-03,12.6684,13.0637,12.563,12.9785,272900000
2020-11-04,13.347,13.7839,13.295,13.7508,410228000
2020-11-05,14.1179,14.2938,13.9469,14.1154,319028000
2020-11-06,14.0653,14.5428,13.8512,14.5161,383348000
2020-11-09,14.5066,14.6452,13.5678,13.5878,582976000
2020-11-10,13.5636,13.5636,12.5884,12.7297,644068000
2020-11-11,13.0126,13.3926,12.9074,13.3757,404744000
2020-11-12,13.4365,13.7226,13.274,13.4143,365812000
2020-11-13,13.5843,13.6257,13.0181,13.2551,346312000
2020-11-16,13.131,13.6065,13.1145,13.4726,413776000
2020-11-17,13.5098,13.5534,13.2618,13.3799,312028000
2020-11-18,13.4228,13.5629,13.1434,13.3864,510924000
2020-11-19,13.1711,13.445,13.0587,13.3979,565936000
2020-11-20,13.4116,13.452,13.0238,13.0465,341088000
2020-11-23,13.1297,13.3403,12.9745,13.0986,361356000
2020-11-24,13.1011,13.1205,12.8444,12.9169,346500000
2020-11-25,12.9914,13.2277,12.9789,13.193,259916000
2020-11-27,13.3328,13.3652,13.129,13.2194,167276000
2020-11-30,13.2232,13.3702,12.9314,13.3592,286952000
2020-12-01,13.4497,13.4861,13.1865,13.3478,296948000
2020-12-02,13.3084,13.6304,13.1925,13.5018,283360000
2020-12-03,13.5487,13.621,13.2909,13.3577,199520000
2020-12-04,13.4101,13.5212,13.3505,13.5195,202244000
2020-12-07,13.5624,13.692,13.4614,13.5679,223244000
2020-12-08,13.5462,13.5599,13.2435,13.3118,271920000
2020-12-09,13.2625,13.3757,12.8315,12.8938,401300000
2020-12-10,12.8322,13.0314,12.8128,12.9352,207764000
2020-12-11,12.9302,12.9828,12.7863,12.9761,209264000
2020-12-14,13.0506,13.3505,13.0401,13.2707,270156000
2020-12-15,13.4013,13.4255,13.1491,13.3223,193016000
2020-12-16,13.3841,13.3988,13.1747,13.2046,223116000
2020-12-17,13.3285,13.3413,13.1408,13.3031,231384000
2020-12-18,13.3408,13.3667,13.0331,13.2341,342064000
2020-12-21,13.0374,13.3318,12.9304,13.2941,302332000
2020-12-22,13.2812,13.2991,13.0167,13.2403,185580000
2020-12-23,13.2181,13.2371,12.9678,12.9721,179144000
2020-12-24,13.0,13.095,12.9018,12.9566,97884000
2020-12-28,13.0252,13.0252,12.7268,12.8631,212564000
2020-12-29,12.8881,13.0351,12.8055,12.9063,170372000
2020-12-30,12.9531,13.176,12.8599,13.1082,225396000
2020-12-31,13.099,13.1134,12.8781,13.0177,192424000
2021-01-04,13.0668,13.6135,12.9254,13.076,560640000
2021-01-05,13.0623,13.4051,13.0496,13.3664,322760000
2021-01-06,13.1847,13.2071,12.55,12.5784,580424000
2021-01-07,12.9304,13.3395,12.8497,13.3059,461480000
2021-01-08,13.3243,13.3826,13.0047,13.2388,292528000
2021-01-11,13.3804,13.9211,13.3243,13.5826,518344000
2021-01-12,13.7132,13.7152,13.3069,13.4462,291476000
2021-01-13,13.4514,13.5861,13.3467,13.4931,210028000
2021-01-14,13.5362,13.5609,13.1428,13.1625,283120000
2021-01-15,13.1902,13.2872,12.8118,12.8227,277780000
2021-01-19,12.979,13.0566,12.8073,12.988,226188000
2021-01-20,13.0743,13.3921,13.0194,13.3275,258572000
2021-01-21,13.3801,13.9592,13.2151,13.8279,337780000
2021-01-22,13.7007,13.8022,13.5883,13.6733,246820000
2021-01-25,13.7424,13.789,13.1987,13.6142,251112000
2021-01-26,13.5417,13.6057,13.3492,13.3968,163980000
2021-01-27,13.1922,13.1949,12.7572,12.8808,371272000
2021-01-28,12.9591,13.3016,12.9235,13.0137,228316000
2021-01-29,13.0376,13.2966,12.8746,12.9526,271552000
2021-02-01,13.0159,13.2328,12.8659,13.1992,217204000
2021-02-02,13.3605,13.5332,13.2475,13.518,220440000
2021-02-03,13.597,13.8919,13.4779,13.4918,245408000
2021-02-04,13.4923,13.6344,13.2996,13.6252,201340000
2021-02-05,13.6858,13.698,13.507,13.5522,169152000
2021-02-08,13.688,14.4324,13.688,14.3975,434624000
2021-02-09,14.2998,14.5416,14.1818,14.2225,287560000
2021-02-10,14.4219,14.8624,14.3005,14.722,485352000
2021-02-11,14.9374,15.2286,14.8823,15.2072,450828000
2021-02-12,15.007,15.2475,14.7328,14.9185,374756000
2021-02-16,15.0212,15.3286,14.9073,15.2864,321960000
2021-02-17,15.1276,15.18,14.7378,14.8634,274756000
2021-02-18,14.6869,14.8307,14.5333,14.7866,233868000
2021-02-19,14.9816,15.1336,14.8043,14.8838,271724000
2021-02-22,14.7325,15.09,14.2841,14.3147,325884000
2021-02-23,14.035,14.1981,13.3512,14.1016,391780000
2021-02-24,14.0824,14.4653,13.7167,14.4576,448320000
2021-02-25,14.0054,14.3337,13.1785,13.2695,824436000
2021-02-26,13.7132,13.8149,13.3228,13.6753,500932000
2021-03-01,13.8353,13.8852,13.5145,13.8022,353184000
2021-03-02,13.8603,13.8807,13.3577,13.3679,264116000
2021-03-03,13.3879,13.4131,12.7622,12.7682,377592000
2021-03-04,12.7642,12.9379,12.0492,12.3349,573344000
2021-03-05,12.5141,12.5141,11.6459,12.4259,542840000
2021-03-08,12.4144,12.4356,11.5334,11.5601,543112000
2021-03-09,12.0998,12.585,12.0289,12.4888,521824000
2021-03-10,12.8082,12.9474,12.4262,12.4369,384376000
2021-03-11,12.9174,13.0134,12.7025,12.9608,299916000
2021-03-12,12.6165,12.8563,12.5583,12.8237,243964000
2021-03-15,12.8324,13.1735,12.7352,13.1581,221988000
2021-03-16,13.3229,13.4785,13.0838,13.2578,272128000
2021-03-17,13.007,13.4194,12.9568,13.3077,243864000
2021-03-18,13.1035,13.1509,12.685,12.6905,293896000
2021-03-19,12.7179,12.889,12.5808,12.8135,299208000
2021-03-22,12.8803,13.3608,12.8743,13.1531,297804000
2021-03-23,13.2209,13.311,12.9885,13.0379,222048000
2021-03-24,13.1182,13.1262,12.605,12.6112,245840000
2021-03-25,12.4681,12.6828,12.2411,12.5037,295144000
2021-03-26,12.5229,12.8239,12.3424,12.807,363968000
2021-03-29,12.788,13.0297,12.6681,12.9157,273520000
2021-03-30,12.8097,12.9426,12.6731,12.8394,200204000
2021-03-31,12.9828,13.4366,12.9499,13.3147,314776000
2021-04-01,13.5381,13.8351,13.4773,13.777,308276000
2021-04-05,13.8326,13.9788,13.6985,13.9523,255672000
2021-04-06,13.9646,14.0189,13.7389,13.8267,191744000
2021-04-07,13.8459,14.2077,13.677,14.1079,251284000
2021-04-08,14.2169,14.4351,14.2132,14.281,244416000
2021-04-09,14.1783,14.3718,14.1394,14.3638,195172000
2021-04-12,14.2538,15.3139,14.1037,15.1708,869324000
2021-04-13,15.1932,15.6605,15.0877,15.6401,676212000
2021-04-14,15.5857,15.681,15.1892,15.2386,385500000
2021-04-15,15.6231,16.1735,15.5922,16.0967,598480000
2021-04-16,16.0126,16.1251,15.8254,15.8725,335208000
2021-04-19,15.4974,15.7678,15.1947,15.3231,404420000
2021-04-20,15.2847,15.458,14.9254,15.1331,334132000
2021-04-21,15.0807,15.3239,15.0643,15.3219,216776000
2021-04-22,15.3363,15.3997,14.7463,14.8129,277788000
2021-04-23,14.8967,15.2964,14.8628,15.2269,227500000
2021-04-26,15.1468,15.4401,15.087,15.4391,197796000
2021-04-27,15.5393,15.6311,15.3159,15.3431,164572000
2021-04-28,15.3259,15.4932,15.1772,15.2383,209416000
2021-04-29,15.3613,15.3977,15.0336,15.2862,173196000
2021-04-30,15.1363,15.3264,14.9593,14.9718,201912000
2021-05-03,15.087,15.2084,14.7503,14.7994,203912000
2021-05-04,14.6005,14.6007,13.975,14.3152,405324000
2021-05-05,14.672,14.7763,14.3513,14.4222,292024000
2021-05-06,14.4588,14.5346,14.1823,14.4865,193380000
2021-05-07,14.771,14.9331,14.6349,14.775,229328000
2021-05-10,14.7501,14.7688,14.2142,14.2299,268904000
2021-05-11,13.7902,14.3187,13.7154,14.2703,285584000
2021-05-12,13.9743,14.2244,13.6748,13.7239,303408000
2021-05-13,13.9985,14.0454,13.4252,13.6309,285404000
2021-05-14,13.8551,14.292,13.7139,14.2072,258616000
2021-05-17,14.1214,14.1336,13.8187,14.1299,216980000
2021-05-18,14.2311,14.368,13.9688,13.9805,186256000
2021-05-19,13.5324,14.0441,13.5092,14.0304,344000000
2021-05-20,14.2665,14.6468,14.2346,14.5758,321592000
2021-05-21,15.1256,15.1837,14.8321,14.9541,672992000
2021-05-24,15.1743,15.7054,15.1378,15.5728,554816000
2021-05-25,15.7264,15.7787,15.4436,15.6084,435408000
2021-05-26,15.6947,15.754,15.5471,15.6605,370440000
2021-05-27,15.6603,15.7104,15.4211,15.4491,581476000
2021-05-28,15.462,16.2366,15.462,16.2037,644536000
2021-06-01,16.2291,16.347,15.8633,16.2236,472804000
2021-06-02,16.2114,16.8762,16.1947,16.7361,594168000
2021-06-03,16.6588,17.2156,16.5413,16.9271,580008000
2021-06-04,17.0695,17.6166,17.0525,17.5341,617120000
2021-06-07,17.5271,17.7677,17.1495,17.5747,575756000
2021-06-08,17.4832,17.5772,17.2076,17.4131,323848000
2021-06-09,17.4757,17.5348,17.2163,17.3186,381656000
2021-06-10,17.3103,17.452,17.1367,17.3852,287772000
2021-06-11,17.4396,17.8983,17.4039,17.7845,416308000
2021-06-14,17.8651,17.9983,17.6224,17.9776,321376000
2021-06-15,17.8741,17.9751,17.6875,17.7478,243032000
2021-06-16,17.7501,17.9137,17.5443,17.7695,307124000
2021-06-17,17.7339,18.792,17.7157,18.6146,809656000
2021-06-18,18.7411,19.3307,18.5415,18.5962,968856000
2021-06-21,18.3931,18.4941,17.782,18.3851,672384000
2021-06-22,18.4293,18.9204,18.344,18.8436,580144000
2021-06-23,18.9643,19.109,18.8645,19.0137,332356000
2021-06-24,19.1838,19.3756,19.0446,19.1616,320924000
2021-06-25,19.2364,19.3013,18.8513,18.9875,278364000
2021-06-28,19.317,20.0329,19.2748,19.9393,495436000
2021-06-29,19.8371,20.0528,19.6121,19.981,367632000
2021-06-30,19.9535,20.1164,19.8183,19.9568,326568000
2021-07-01,20.079,20.4092,19.9732,20.1658,480136000
2021-07-02,20.3935,20.4584,20.2414,20.4402,342764000
2021-07-06,20.6901,20.7944,20.3037,20.6512,446708000
2021-07-07,20.8058,20.8273,20.2855,20.3252,418428000
2021-07-08,19.8111,20.087,19.6557,19.8573,503300000
2021-07-09,19.9169,20.0344,19.7091,20.0044,296624000
2021-07-12,20.1937,20.4858,20.1416,20.4656,321984000
2021-07-13,20.3539,20.4145,20.068,20.2037,290708000
2021-07-14,20.3112,20.3711,19.7076,19.7961,380100000
2021-07-15,19.7665,19.8016,18.8154,18.9229,550564000
2021-07-16,18.987,19.1132,18.0317,18.1195,688224000
2021-07-19,17.8743,18.9985,17.8247,18.7368,749060000
2021-07-20,18.6872,18.7949,18.1225,18.5695,434687000
2021-07-21,18.8388,19.4824,18.6992,19.3656,371017000
2021-07-22,19.5971,19.8415,19.2319,19.5492,323826000
2021-07-23,19.6111,19.655,19.206,19.5133,195672000
2021-07-26,19.2669,19.3976,18.8708,19.2499,203943000
2021-07-27,19.221,19.5772,18.6982,19.1641,248863000
2021-07-28,19.2748,19.6011,18.9516,19.4584,202191000
2021-07-29,19.4744,19.8076,19.2838,19.6171,190781000
2021-07-30,19.3736,19.5851,19.219,19.4544,183497000
2021-08-02,19.655,19.9154,19.3167,19.7049,217444000
2021-08-03,19.6949,20.1758,19.1761,19.7697,301811000
2021-08-04,19.9443,20.2716,19.7827,20.2277,231309000
2021-08-05,20.4531,20.6856,20.2955,20.5898,211435000
2021-08-06,20.4771,20.523,20.1638,20.3195,178497000
2021-08-09,20.3993,20.4611,20.097,20.2486,146443000
2021-08-10,20.2756,20.3833,19.7897,19.8904,179238000
2021-08-11,19.9972,20.0032,19.3856,19.654,185925000
2021-08-12,19.8246,19.9832,19.5752,19.8595,151652000
2021-08-13,19.8595,20.1678,19.8056,20.1419,183063000
2021-08-16,20.089,20.2406,19.4085,19.9044,210876000
2021-08-17,19.64,19.7248,19.223,19.4135,204585000
2021-08-18,19.4554,19.5891,18.9566,18.9965,285913000
2021-08-19,19.4494,20.4482,18.7191,19.7527,766555000
2021-08-20,19.9453,20.8173,19.8874,20.7684,675741000
2021-08-23,20.9231,21.9467,20.9021,21.9078,575807000
2021-08-24,21.7033,21.9088,21.4858,21.7432,297299000
2021-08-25,21.6873,22.4186,21.6724,22.1622,347701000
2021-08-26,22.1493,22.2889,21.7402,22.0176,237940000
2021-08-27,22.1333,22.6701,22.1163,22.5843,304722000
2021-08-30,22.7778,22.9903,22.4995,22.6361,262580000
2021-08-31,22.6471,22.6471,22.0733,22.3378,259850000
2021-09-01,22.4376,22.6491,22.3098,22.3937,201767000
2021-09-02,22.4705,22.5453,22.248,22.3488,187834000
2021-09-03,22.2779,22.9375,22.1532,22.7948,280532000
2021-09-07,22.7848,22.8507,22.4745,22.6142,198107000
2021-09-08,22.4655,22.5623,21.9306,22.2919,254434000
2021-09-09,22.2649,22.4905,22.0843,22.1302,196856000
2021-09-10,22.3009,22.5783,22.223,22.4306,248376000
2021-09-13,22.6361,22.9156,21.8119,22.1053,297500000
2021-09-14,22.228,22.3627,22.0394,22.1951,199755000
2021-09-15,22.2619,22.3198,21.9197,22.2939,166538000
2021-09-16,22.1362,22.23,21.8807,22.1951,156033000
2021-09-17,22.253,22.2739,21.7839,21.8538,294503000
2021-09-20,21.1014,21.3878,20.6184,21.0685,349440000
2021-09-21,21.3718,21.3798,20.9058,21.2012,204688000
2021-09-22,21.3209,21.9137,21.1513,21.8947,268726000
2021-09-23,22.0933,22.4875,21.8438,22.4346,248555000
2021-09-24,22.0234,22.1023,21.8149,22.0344,217655000
2021-09-27,21.6642,21.753,21.28,21.6143,245215000
2021-09-28,21.1692,21.3738,20.6074,20.6553,343069000
2021-09-29,20.8958,20.9727,20.4238,20.4737,218394000
2021-09-30,20.7242,21.0216,20.6444,20.6723,221009000
2021-10-01,20.7062,20.815,20.1604,20.6982,240978000
2021-10-04,20.4607,20.4987,19.5137,19.6904,345635000
2021-10-05,19.9079,20.6044,19.8121,20.4079,279282000
2021-10-06,20.0776,20.6763,20.0376,20.6563,297202000
2021-10-07,21.0475,21.277,20.9278,21.0305,256919000
2021-10-08,21.0565,21.1613,20.7312,20.7871,151258000
2021-10-11,20.5316,21.0186,20.4677,20.6513,163388000
2021-10-12,20.7841,21.0126,20.4847,20.6274,162134000
2021-10-13,20.8739,20.9457,20.6693,20.8948,180652000
2021-10-14,21.2431,21.7091,21.0774,21.7001,243589000
2021-10-15,21.764,21.8847,21.6163,21.8159,226994000
2021-10-18,21.7031,22.244,21.5983,22.1751,189494000
2021-10-19,22.229,22.3318,21.9905,22.243,161473000
2021-10-20,22.2579,22.3857,21.9356,22.0564,146276000
2021-10-21,22.0504,22.6631,22.0364,22.6441,187590000
2021-10-22,22.7749,23.0812,22.5134,22.6781,249384000
2021-10-25,22.9245,23.3057,22.722,23.1171,230235000
2021-10-26,23.9384,25.2057,23.8735,24.6649,485898000
2021-10-27,24.4224,25.0371,24.2308,24.3994,245990000
2021-10-28,24.8255,24.8974,24.4713,24.8884,234204000
2021-10-29,24.9483,25.6548,24.9473,25.5131,292503000
2021-11-01,25.5949,25.8394,25.1738,25.7725,265740000
2021-11-02,25.7675,26.6217,25.7456,26.3453,294112000
2021-11-03,26.6137,26.7275,26.1797,26.5419,239910000
2021-11-04,27.1716,31.2988,27.0608,29.7381,1153631000
2021-11-05,30.1233,31.3338,29.348,29.6892,851260000
2021-11-08,30.0854,31.0344,29.8439,30.739,503101000
2021-11-09,32.2139,32.2418,29.9008,30.5923,646746000
2021-11-10,29.2941,30.7849,28.7173,29.3969,636206000
2021-11-11,30.4037,30.5255,29.7142,30.3259,332172000
2021-11-12,29.9467,30.6153,29.5675,30.3259,413054000
2021-11-15,30.4876,30.5794,29.1853,29.9617,384909000
2021-11-16,29.6962,30.3259,29.6433,30.1393,264484000
2021-11-17,30.3538,30.4446,28.7392,29.1993,428508000
2021-11-18,32.2987,32.6909,31.2549,31.6082,781711000
2021-11-19,32.175,33.0182,31.8377,32.9154,533867000
2021-11-22,33.4463,34.5739,31.8327,31.8886,754335000
2021-11-23,31.4685,32.2917,30.8149,31.679,532163000
2021-11-24,31.3946,32.7857,30.8628,32.6051,435162000
2021-11-26,32.5312,32.641,31.2839,31.4365,283069000
2021-11-29,32.2977,33.3415,31.9684,33.3056,454964000
2021-11-30,33.099,33.2826,31.7968,32.6071,622066000
2021-12-01,33.153,33.2228,31.3176,31.3725,484368000
2021-12-02,31.152,32.4135,30.9634,32.0622,472890000
2021-12-03,31.9364,32.0652,30.0701,30.632,544325000
2021-12-06,29.8206,30.1809,27.9823,29.9773,658938000
2021-12-07,30.8955,32.3845,30.5901,32.3626,593053000
2021-12-08,31.9354,32.2258,31.3586,31.7628,475551000
2021-12-09,31.6709,32.141,30.3675,30.4294,488507000
2021-12-10,31.0881,31.2428,29.8017,30.138,488825000
2021-12-13,30.1889,30.2338,28.0601,28.105,598344000
2021-12-14,27.644,28.621,27.1958,28.2807,667035000
2021-12-15,28.3436,30.4394,27.7827,30.3985,698297000
2021-12-16,31.0901,31.0981,28.0372,28.3306,707366000
2021-12-17,27.9294,28.8645,27.7048,27.7457,713758000
2021-12-20,27.2507,28.0881,27.0911,27.6639,461847000
2021-12-21,28.3176,29.0621,27.3465,29.0172,524385000
2021-12-22,28.8336,29.4963,28.3925,29.3416,395184000
2021-12-23,29.6959,29.9993,29.3725,29.5811,343022000
2021-12-27,29.6011,31.0252,29.5811,30.8835,403686000
2021-12-28,31.2498,31.2677,29.9524,30.2617,420591000
2021-12-29,30.2128,30.4873,29.3076,29.9414,343139000
2021-12-30,29.7677,30.3965,29.4813,29.5272,308864000
2021-12-31,29.615,29.9703,29.2727,29.3525,266530000
2022-01-03,29.7558,30.65,29.7258,30.0611,391547000
2022-01-04,30.2168,30.4074,28.2927,29.2318,527154000
2022-01-05,28.8915,29.3575,27.4783,27.5491,498064000
2022-01-06,27.5851,28.3815,27.0112,28.122,454186000
2022-01-07,28.0851,28.3655,27.0032,27.1928,409939000
2022-01-10,26.5282,27.4144,25.593,27.3455,594681000
2022-01-11,27.2687,28.0092,26.7857,27.7617,404089000
2022-01-12,28.0112,28.5382,27.5531,27.9434,383413000
2022-01-13,28.3226,28.4234,26.4453,26.5222,540171000
2022-01-14,26.2477,27.143,26.1579,26.8885,395832000
2022-01-18,26.2078,26.5851,25.7188,25.8515,424270000
2022-01-19,26.0272,26.4903,25.0022,25.0172,488315000
2022-01-20,25.2537,25.5282,24.0301,24.102,435181000
2022-01-21,23.4603,24.7737,23.2168,23.3275,718958000
2022-01-24,22.2856,23.3335,20.8465,23.3256,913982000
2022-01-25,22.5012,22.8974,21.9563,22.2796,664616000
2022-01-26,23.1938,24.0092,22.2557,22.7267,755959000
2022-01-27,23.5212,23.9473,21.6319,21.9004,573353000
2022-01-28,21.9682,22.8126,21.2537,22.7946,543774000
2022-01-31,23.1359,24.4603,23.0062,24.4373,564680000
2022-02-01,25.0541,25.095,23.8425,24.589,518925000
2022-02-02,25.7427,25.7657,24.5042,25.1918,543419000
2022-02-03,24.4094,25.0272,23.7327,23.9004,410178000
2022-02-04,23.9244,24.586,23.585,24.2707,354829000
2022-02-07,24.3236,25.132,24.1539,24.6789,376868000
2022-02-08,24.3106,25.1799,23.9323,25.0581,410359000
2022-02-09,25.5711,26.6719,25.3026,26.6519,524282000
2022-02-10,25.9433,26.8715,25.5491,25.7727,513200000
2022-02-11,25.8645,26.1,23.7258,23.9014,605472000
2022-02-14,23.8864,24.8256,23.7078,24.2188,440424000
2022-02-15,24.8994,26.4922,24.7347,26.4423,699869000
2022-02-16,26.2068,26.5292,25.5012,26.4583,732676000
2022-02-17,25.5791,25.7338,24.117,24.4583,810595000
2022-02-18,24.619,24.9363,23.0541,23.595,761255000
2022-02-22,22.9892,24.0162,22.9543,23.3435,633422000
2022-02-23,23.7547,24.107,22.2567,22.3425,566511000
2022-02-24,20.9732,23.7527,20.8485,23.7008,735801000
2022-02-25,23.6739,24.1689,23.3345,24.109,528866000
2022-02-28,23.9443,24.616,23.6599,24.3365,477319000
2022-03-01,24.2427,24.3286,23.086,23.4303,412056000
2022-03-02,23.7128,24.3646,23.3724,24.176,389642000
2022-03-03,24.2179,24.2818,23.4263,23.6709,365095000
2022-03-04,23.3415,23.637,22.4411,22.8943,431415000
2022-03-07,22.7755,22.9911,21.2912,21.3132,450821000
2022-03-08,21.2703,22.3323,20.6125,21.4749,557467000
2022-03-09,22.3463,23.1778,22.2066,22.9722,492742000
2022-03-10,22.4901,22.7466,21.8422,22.6168,428066000
2022-03-11,22.9802,23.1029,22.0059,22.0598,367209000
2022-03-14,21.8293,22.2215,21.1205,21.2912,385354000
2022-03-15,21.4789,22.9961,21.2833,22.9313,491996000
2022-03-16,23.4573,24.5523,23.1299,24.4515,671422000
2022-03-17,24.0762,24.7969,23.8626,24.721,471941000
2022-03-18,24.7539,26.5207,24.5793,26.4049,730719000
2022-03-21,26.4588,27.1027,25.9198,26.6854,591727000
2022-03-22,26.6784,27.1885,26.0246,26.4758,547007000
2022-03-23,26.0785,26.5636,25.5285,25.5874,502120000
2022-03-24,26.1184,28.2685,25.8599,28.0988,877379000
2022-03-25,27.8353,28.3065,27.2214,27.6417,579016000
2022-03-28,27.7056,28.1987,27.1566,28.1677,425494000
2022-03-29,28.6428,28.8934,27.9291,28.6039,488984000
2022-03-30,28.2526,28.4442,27.453,27.6397,463487000
2022-03-31,27.7315,28.1967,27.2204,27.2364,523440000
2022-04-01,27.3253,27.446,26.2193,26.6635,517235000
2022-04-04,26.6794,27.5079,26.5646,27.3103,397120000
2022-04-05,27.2045,27.2693,25.7731,25.8839,436615000
2022-04-06,24.8887,25.254,23.9594,24.3626,703833000
2022-04-07,24.3966,24.6771,23.4353,24.164,557992000
2022-04-08,23.8735,23.8795,23.0201,23.077,524781000
2022-04-11,22.1736,22.2794,21.6206,21.8772,575207000
2022-04-12,22.496,22.6837,21.2433,21.4649,662258000
2022-04-13,21.6885,22.4591,21.416,22.1626,516943000
2022-04-14,22.4641,22.7356,21.1245,21.2194,569097000
2022-04-18,21.1615,22.0479,21.0407,21.7434,525701000
2022-04-19,21.6805,22.3323,21.2753,22.1577,512781000
2022-04-20,22.4761,22.6288,21.1615,21.443,468974000
2022-04-21,21.6695,22.3513,19.9637,20.1463,656209000
2022-04-22,20.2661,20.4488,19.4646,19.4795,624713000
2022-04-25,19.1671,19.9088,19.0613,19.8658,641566000
2022-04-26,19.6822,19.752,18.6361,18.7539,653143000
2022-04-27,18.5642,19.1322,18.2568,18.3815,499460000
2022-04-28,18.9325,20.0006,18.4564,19.746,570327000
2022-04-29,19.3667,20.0914,18.4833,18.5133,500435000
2022-05-02,18.5073,19.5384,18.3576,19.4975,572049000
2022-05-03,19.3647,19.789,19.0982,19.5664,475751000
2022-05-04,19.8868,20.3629,18.7169,20.297,648855000
2022-05-05,19.8309,19.8888,18.4664,18.8098,626331000
2022-05-06,18.702,19.4765,17.9573,18.6411,633297000
2022-05-09,18.0012,18.2218,16.7964,16.9192,644455000
2022-05-10,17.6569,18.1649,16.9941,17.563,761474000
2022-05-11,17.3155,17.7207,16.5379,16.5998,670167000
2022-05-12,16.1895,16.7575,15.5387,16.1456,708728000
2022-05-13,16.7575,17.8954,16.5628,17.6738,670437000
2022-05-16,17.4772,17.7557,17.0749,17.2326,521446000
2022-05-17,18.0412,18.3376,17.602,18.144,585830000
2022-05-18,17.6728,18.0851,16.8334,16.9072,545161000
2022-05-19,16.9062,17.6549,16.7036,17.0929,621310000
2022-05-20,17.3005,17.3784,15.7264,16.6637,739105000
2022-05-23,16.2444,16.8843,16.1496,16.8673,639889000
2022-05-24,16.48,16.5668,15.7513,16.1246,588550000
2022-05-25,15.9909,17.0799,15.9709,16.9442,781132000
2022-05-26,16.0069,18.0591,15.9929,17.8186,996575000
2022-05-27,18.153,18.8467,18.0671,18.7768,738379000
2022-05-31,18.9455,19.1651,18.3167,18.6381,664100000
2022-06-01,18.69,19.0184,18.0891,18.2867,544514000
2022-06-02,18.2588,19.5833,18.1649,19.5564,648656000
2022-06-03,19.0473,19.2969,18.4883,18.686,598779000
2022-06-06,19.1042,19.3019,18.5303,18.7519,422406000
2022-06-07,18.4384,18.9655,18.1549,18.8916,388914000
2022-06-08,18.7688,19.1492,18.5052,18.618,363252000
2022-06-09,18.4513,18.9026,18.012,18.019,395574000
2022-06-10,17.5717,17.6686,16.8419,16.9467,465248000
2022-06-13,15.9743,16.2858,15.5809,15.6219,604153000
2022-06-14,15.7057,16.0402,15.3872,15.8106,469680000
2022-06-15,16.0691,16.8409,15.9004,16.5005,563936000
2022-06-16,15.8345,15.9164,15.3763,15.5759,545749000
2022-06-17,15.6229,15.9693,15.3034,15.8545,630334000
2022-06-21,16.4485,16.9807,16.3806,16.5394,483089000
2022-06-22,16.1999,16.6352,16.154,16.3337,437135000
2022-06-23,16.4925,16.5584,15.8275,16.1989,463680000
2022-06-24,16.4735,17.1125,16.2838,17.0985,472153000
2022-06-27,17.2842,17.3022,16.5993,16.8419,427968000
2022-06-28,16.8729,17.1744,15.9194,15.9563,461149000
2022-06-29,15.7886,15.7946,15.1456,15.517,482352000
2022-06-30,15.3363,15.542,14.8381,15.1347,686070000
2022-07-01,14.8751,15.0388,14.3689,14.4997,577610000
2022-07-05,14.1522,14.947,14.0324,14.94,651397000
2022-07-06,14.9859,15.2944,14.7652,15.1057,529066000
2022-07-07,15.4312,15.9194,15.3643,15.8325,492903000
2022-07-08,15.4052,16.0112,15.3643,15.8126,467972000
2022-07-11,15.5011,15.5021,15.0138,15.1277,437321000
2022-07-12,15.2435,15.4062,14.8531,15.0578,458483000
2022-07-13,14.5666,15.3503,14.4418,15.1396,521918000
2022-07-14,15.0837,15.4481,14.7043,15.3473,456235000
2022-07-15,15.6338,15.7566,15.4202,15.7367,385935000
2022-07-18,16.2758,16.8699,15.9763,16.0751,670517000
2022-07-19,16.4595,17.0825,16.146,16.9647,702366000
2022-07-20,16.9198,17.9042,16.774,17.7784,760538000
2022-07-21,17.8563,18.1149,17.5168,18.021,557049000
2022-07-22,17.8643,17.9381,17.1095,17.2912,536671000
2022-07-25,16.9917,17.0965,16.6223,16.9967,480748000
2022-07-26,16.8619,16.8918,16.4515,16.5064,397865000
2022-07-27,17.0046,17.9072,16.8858,17.7614,569776000
2022-07-28,17.9461,18.1109,17.412,17.9551,474646000
2022-07-29,17.7844,18.2147,17.6636,18.1338,435460000
2022-08-01,18.1528,18.8157,17.9611,18.4114,476469000
2022-08-02,18.0929,18.9076,18.0629,18.4962,489527000
2022-08-03,18.1548,18.9375,18.1079,18.8627,418146000
2022-08-04,18.8187,19.243,18.7299,19.1841,409652000
2022-08-05,18.7798,19.1981,18.636,18.9585,386068000
2022-08-08,17.4739,18.2097,17.2143,17.7644,981859000
2022-08-09,17.2243,17.419,16.6971,17.0586,668263000
2022-08-10,17.6696,18.0889,17.2892,18.0679,597422000
2022-08-11,18.1019,18.6769,17.8473,17.9132,509327000
2022-08-12,18.1308,18.6879,17.9242,18.6789,478094000
2022-08-15,18.671,19.1332,18.5831,19.0014,457666000
2022-08-16,18.8896,19.1113,18.4713,18.8487,451240000
2022-08-17,18.4932,18.658,18.1159,18.3055,446799000
2022-08-18,18.2716,18.8347,18.1538,18.7428,415447000
2022-08-19,18.3764,18.4903,17.7415,17.8203,441588000
2022-08-22,17.4619,17.5298,16.9387,17.0066,409593000
2022-08-23,16.9617,17.4369,16.9427,17.1534,369986000
2022-08-24,16.9847,17.378,16.8679,17.1943,522661000
2022-08-25,16.8169,17.9182,16.806,17.8842,770691000
2022-08-26,17.8283,17.8952,16.2109,16.2339,769127000
2022-08-29,15.9943,16.3118,15.7417,15.7756,496132000
2022-08-30,15.9344,16.0132,15.1576,15.4432,530181000
2022-08-31,15.3593,15.515,14.935,15.0698,573710000
2022-09-01,14.1862,14.3569,13.2487,13.9146,1178865000
2022-09-02,14.0773,14.1482,13.5692,13.6251,743157000
2022-09-06,13.7089,13.7569,13.3296,13.4434,535751000
2022-09-07,13.5452,13.8199,13.3285,13.696,512657000
2022-09-08,13.4414,13.9897,13.3515,13.9717,624873000
2022-09-09,14.1385,14.455,14.1075,14.3682,486612000
2022-09-12,14.3502,14.5279,14.1794,14.486,484159000
2022-09-13,13.7839,13.9038,13.0818,13.1138,714956000
2022-09-14,13.2366,13.2726,12.8961,13.1108,588507000
2022-09-15,12.998,13.2157,12.7732,12.9121,523625000
2022-09-16,12.7253,13.1947,12.6005,13.1807,670751000
2022-09-19,12.995,13.4454,12.993,13.3645,569685000
2022-09-20,13.1977,13.4653,13.0399,13.1587,524818000
2022-09-21,13.1957,14.0126,13.0928,13.2436,807679000
2022-09-22,13.0529,13.1318,12.4117,12.5445,759162000
2022-09-23,12.4037,12.5945,12.2409,12.4996,663309000
2022-09-26,12.4746,12.6424,12.198,12.212,547343000
2022-09-27,12.4906,12.7193,12.2419,12.3967,553854000
2022-09-28,12.3937,12.8062,12.3378,12.7193,542414000
2022-09-29,12.4317,12.4836,11.9304,12.204,532763000
2022-09-30,12.0712,12.6165,12.0592,12.1231,565638000
2022-10-03,12.3308,12.6614,12.0891,12.4956,547478000
2022-10-04,12.8621,13.2027,12.8621,13.1498,584182000
2022-10-05,12.8941,13.3036,12.6045,13.1917,507131000
2022-10-06,13.2027,13.6381,13.0858,13.1128,644157000
2022-10-07,12.4886,12.6534,12.0063,12.0602,672478000
2022-10-10,12.0212,12.1081,11.3931,11.6547,698699000
2022-10-11,11.5459,11.8305,11.2682,11.5708,667482000
2022-10-12,11.5638,11.7196,11.3301,11.4849,492590000
2022-10-13,10.9566,12.0622,10.7988,11.9443,850103000
2022-10-14,12.0412,12.0951,11.1893,11.2123,713432000
2022-10-17,11.5029,11.9324,11.5019,11.8724,580774000
2022-10-18,12.3278,12.4756,11.6028,11.9513,659362000
2022-10-19,11.8634,12.3338,11.8185,12.0352,523131000
2022-10-20,12.0971,12.7523,12.0891,12.178,652398000
2022-10-21,12.0822,12.4816,11.8714,12.4497,609494000
2022-10-24,12.4916,12.6934,12.0482,12.5825,517457000
2022-10-25,12.6774,13.2826,12.6474,13.2436,505482000
2022-10-26,12.8521,13.3705,12.6914,12.8791,532953000
2022-10-27,13.6121,13.8199,13.1048,13.1587,583113000
2022-10-28,13.0868,13.8319,13.0439,13.8159,521040000
2022-10-31,13.76,13.8199,13.2796,13.4793,486341000
2022-11-01,13.7929,13.9068,13.5013,13.5253,432817000
2022-11-02,13.8319,14.1914,13.1937,13.2017,672628000
2022-11-03,13.0259,13.763,12.939,13.4034,500065000
2022-11-04,13.9677,14.2104,13.6791,14.1375,612576000
2022-11-07,14.2094,14.3931,13.9357,14.2823,410061000
2022-11-08,14.7816,14.8715,14.1974,14.5829,595292000
2022-11-09,14.1435,14.1924,13.741,13.758,454414000
2022-11-10,14.7806,15.7523,14.5279,15.7294,700819000
2022-11-11,15.7863,16.3675,15.4617,16.3056,655487000
2022-11-14,16.1968,16.5183,15.9011,16.2737,527852000
2022-11-15,16.7001,16.9757,16.3605,16.6442,545876000
2022-11-16,16.1408,16.3406,15.8522,15.8892,649547000
2022-11-17,15.6944,16.2447,15.5147,15.6565,710894000
2022-11-18,15.9451,15.981,15.1002,15.3888,492072000
2022-11-21,15.1272,15.4567,15.0602,15.2969,404739000
2022-11-22,15.3079,16.037,15.1022,16.017,472866000
2022-11-23,16.0769,16.5054,16.027,16.4974,427241000
2022-11-25,16.2966,16.4654,16.1508,16.2487,167934000
2022-11-28,16.005,16.3356,15.7044,15.8063,303741000
2022-11-29,15.8063,15.9111,15.4997,15.6185,298384000
2022-11-30,15.6805,16.9122,15.5806,16.9052,565298000
2022-12-01,16.9811,17.2468,16.6175,17.1169,470977000
2022-12-02,16.6414,16.9152,16.4277,16.8582,371389000
2022-12-05,16.6614,16.9771,16.4546,16.5925,352255000
2022-12-06,16.5126,16.5555,15.8023,15.9701,352694000
2022-12-07,15.7554,16.1689,15.6505,16.103,372388000
2022-12-08,16.2558,17.1609,15.9422,17.1509,515456000
2022-12-09,17.1419,17.5645,16.9571,16.9831,465338000
2022-12-12,17.019,17.5195,16.7793,17.5165,457328000
2022-12-13,18.5115,18.7702,17.6923,18.0529,656589000
2022-12-14,17.968,18.2328,17.4016,17.6554,496888000
2022-12-15,17.1279,17.3017,16.6824,16.9341,478542000
2022-12-16,16.8462,17.023,16.3927,16.5535,478232000
2022-12-19,16.5545,16.5915,16.128,16.2369,354039000
2022-12-20,16.0471,16.2928,15.8353,16.068,403260000
2022-12-21,16.097,16.6095,16.085,16.4836,325025000
2022-12-22,16.077,16.121,14.8663,15.3228,565045000
2022-12-23,15.18,15.3228,14.8673,15.19,349326000
2022-12-27,15.0581,15.0841,14.0412,14.1061,464902000
2022-12-28,13.9123,14.247,13.8694,14.0212,351066000
2022-12-29,14.3868,14.6675,14.212,14.5876,354923000
2022-12-30,14.3189,14.6136,14.218,14.5986,310490000
2023-01-03,14.8353,14.9802,14.0811,14.2999,401277000
2023-01-04,14.5516,14.8373,14.226,14.7335,431324000
2023-01-05,14.4757,14.5486,14.1331,14.25,389168000
2023-01-06,14.4587,14.9942,14.0192,14.8433,405044000
2023-01-09,15.2679,16.0391,15.125,15.6115,504231000
2023-01-10,15.4907,15.9452,15.4557,15.8922,384101000
2023-01-11,15.8233,16.0111,15.5466,15.9841,353285000
2023-01-12,16.083,16.6195,15.4757,16.4936,551409000
2023-01-13,16.2608,16.9042,16.148,16.8812,447287000
2023-01-17,16.8812,17.7093,16.8812,17.6833,511102000
2023-01-18,17.6484,17.8542,17.2638,17.3587,439624000
2023-01-19,17.018,17.1789,16.7134,16.7473,452932000
2023-01-20,16.9931,17.8372,16.8073,17.8202,564967000
2023-01-23,18.045,19.2247,17.7992,19.1728,655163000
2023-01-24,18.8072,19.4745,18.8002,19.2447,496204000
2023-01-25,18.8931,19.3496,18.5604,19.3026,449537000
2023-01-26,19.6802,20.1447,19.2577,19.7811,489535000
2023-01-27,19.4415,20.6063,19.3845,20.3435,542142000
2023-01-30,19.929,20.1188,19.1298,19.1418,488611000
2023-01-31,19.1498,19.6662,18.93,19.5164,498017000
2023-02-01,19.6702,21.1697,19.5903,20.9209,660477000
2023-02-02,20.9779,21.9259,20.6782,21.6861,564276000
2023-02-03,20.9779,21.7221,20.7671,21.0778,429366000
2023-02-06,20.7841,21.5473,20.7641,21.0668,452197000
2023-02-07,21.3595,22.2355,21.1277,22.1496,664150000
2023-02-08,22.3634,22.8539,21.9848,22.1816,559651000
2023-02-09,22.5822,22.9957,22.0967,22.3134,523876000
2023-02-10,21.6671,22.0547,20.7891,21.2426,550737000
2023-02-13,21.5153,22.0248,20.9399,21.765,474919000
2023-02-14,21.5553,23.0247,21.3435,22.9468,675474000
2023-02-15,22.5252,22.8309,22.0827,22.74,420575000
2023-02-16,22.1097,22.5262,21.9039,21.9788,412026000
2023-02-17,21.6082,21.7171,20.9529,21.3655,465888000
2023-02-21,20.9779,21.4713,20.5963,20.6332,410015000
2023-02-22,20.6852,21.0818,20.3995,20.7321,513184000
2023-02-23,23.4153,23.8628,23.0007,23.6391,1117995000
2023-02-24,23.2005,23.4493,22.9228,23.2615,589716000
2023-02-27,23.645,23.8548,23.4293,23.4762,452994000
2023-02-28,23.3474,23.7999,23.1815,23.1915,455963000
2023-03-01,23.1676,23.2315,22.4843,22.6741,460026000
2023-03-02,22.4643,23.3554,22.4084,23.2894,389415000
2023-03-03,23.2954,23.8748,23.1056,23.8648,412393000
2023-03-06,23.8658,24.2224,23.4622,23.5292,437429000
2023-03-07,23.5791,24.1037,23.2204,23.2674,515154000
2023-03-08,23.4662,24.1786,23.4033,24.1596,513573000
2023-03-09,24.1536,24.4324,23.3623,23.4153,501257000
2023-03-10,23.3883,23.6061,22.7059,22.9447,474866000
2023-03-13,22.7319,23.2774,22.2773,22.9457,421890000
2023-03-14,23.4752,24.1976,23.4392,24.0417,474910000
2023-03-15,23.74,24.2645,23.3393,24.2066,524486000
2023-03-16,24.0057,25.5654,23.8729,25.5184,583253000
2023-03-17,25.959,26.3757,25.6453,25.7022,848547000
2023-03-20,25.5924,26.001,25.1078,25.8771,432747000
2023-03-21,26.1568,26.3687,25.3586,26.1758,547408000
2023-03-22,26.4016,27.5646,26.2138,26.4446,797295000
2023-03-23,27.091,27.4747,26.6664,27.167,564889000
2023-03-24,27.0071,27.143,26.3317,26.7553,454920000
2023-03-27,26.8133,26.9761,26.3417,26.5075,361026000
2023-03-28,26.4236,26.4896,25.8271,26.3866,356104000
2023-03-29,26.8013,27.054,26.5735,26.9601,393694000
2023-03-30,27.2049,27.4747,27.078,27.3588,364516000
2023-03-31,27.116,27.8094,27.081,27.7524,433933000
2023-04-03,27.4847,27.9752,27.3118,27.9403,398716000
2023-04-04,27.9413,27.9752,27.2828,27.4287,368592000
2023-04-05,26.8053,26.9741,26.3717,26.8572,515015000
2023-04-06,26.5605,27.056,26.4036,27.0131,397654000
2023-04-10,26.7993,27.5966,26.6454,27.5546,395279000
2023-04-11,27.6995,27.7654,27.102,27.145,314378000
2023-04-12,27.3458,27.4437,26.4246,26.4716,446259000
2023-04-13,26.7104,26.8632,26.3057,26.4396,353615000
2023-04-14,26.4806,26.8592,26.1968,26.7343,395660000
2023-04-17,26.5415,26.9821,26.4096,26.9781,321471000
2023-04-18,27.5086,28.0851,27.3328,27.6425,604812000
2023-04-19,27.3368,27.9752,27.2079,27.9063,358660000
2023-04-20,27.6465,28.0052,26.9761,27.08,427713000
2023-04-21,26.9282,27.159,26.6984,27.095,345103000
2023-04-24,26.9891,27.3418,26.6474,27.0181,339282000
2023-04-25,27.054,27.2229,26.2018,26.2178,378527000
2023-04-26,26.9781,27.3058,26.6814,26.9322,406337000
2023-04-27,27.3388,27.4707,26.6015,27.2019,377161000
2023-04-28,27.2009,27.7334,27.0471,27.7245,292216000
2023-05-01,27.8154,29.0323,27.7554,28.8844,570329000
2023-05-02,28.6546,28.8105,28.0582,28.185,402730000
2023-05-03,27.8154,28.3419,27.4477,27.7774,383387000
2023-05-04,27.6265,27.8344,27.2159,27.5376,321850000
2023-05-05,27.8014,28.7296,27.7065,28.6546,361494000
2023-05-08,28.4968,29.1942,28.3249,29.1252,344979000
2023-05-09,28.8734,28.9474,28.4248,28.5457,314869000
2023-05-10,28.9793,29.0873,28.4358,28.8595,369350000
2023-05-11,28.8704,28.9244,28.221,28.5527,322149000
2023-05-12,28.5038,28.7545,28.0212,28.3149,274222000
2023-05-15,28.4828,28.9434,28.1271,28.9274,293926000
2023-05-16,28.8155,29.8436,28.8065,29.1872,449405000
2023-05-17,29.5578,30.1723,29.404,30.1513,432535000
2023-05-18,30.3831,31.7998,30.2932,31.65,748725000
2023-05-19,31.5081,31.5521,30.8887,31.2363,473908000
2023-05-22,30.8737,31.4921,30.6529,31.1484,372000000
2023-05-23,30.9726,31.2603,30.6039,30.6609,356253000
2023-05-24,30.1833,30.5799,29.7796,30.511,721419000
2023-05-25,38.4889,39.4451,36.6026,37.9464,1543911000
2023-05-26,37.8565,39.1353,37.5168,38.9115,714397000
2023-05-30,40.5591,41.9009,39.9137,40.0755,923401000
2023-05-31,39.4531,40.2594,37.7885,37.8005,1002580000
2023-06-01,38.455,40.0146,38.3061,39.7348,635873000
2023-06-02,40.0615,40.4642,39.0235,39.2922,482731000
2023-06-05,38.8746,39.53,38.6728,39.1364,396094000
2023-06-06,38.7957,39.1254,38.1143,38.6198,388729000
2023-06-07,38.8846,39.4681,37.3268,37.4457,511998000
2023-06-08,37.6945,38.8336,37.4757,38.4799,417772000
2023-06-09,39.0065,39.68,38.5369,38.7397,427717000
2023-06-12,39.1694,39.4991,38.5878,39.4512,388701000
2023-06-13,40.1546,41.0689,39.709,40.99,613208000
2023-06-14,40.7921,42.9664,40.5203,42.9634,740465000
2023-06-15,42.5687,43.2552,42.1141,42.6197,568622000
2023-06-16,43.4161,43.6868,42.6277,42.6586,655709000
2023-06-20,42.9644,43.9556,42.6407,43.7738,451153000
2023-06-21,43.467,43.5809,42.0471,43.0114,551603000
2023-06-22,42.22,43.3921,42.201,42.9914,417737000
2023-06-23,42.4308,42.7756,41.9822,42.176,358140000
2023-06-26,42.4278,42.7306,40.0687,40.6003,594322000
2023-06-27,40.7671,41.9072,40.4164,41.8433,462175000
2023-06-28,40.6282,41.8123,40.4864,41.0849,582639000
2023-06-29,41.5255,41.5675,40.5683,40.7901,380514000
2023-06-30,41.6474,42.5168,41.4686,42.269,501148000
2023-07-03,42.4838,42.8645,42.169,42.3799,198209000
2023-07-05,42.1021,43.1433,42.0521,42.2839,323618000
2023-07-06,41.8113,42.1461,41.3137,42.0701,303582000
2023-07-07,42.2889,43.1802,42.1471,42.4698,355881000
2023-07-10,42.6237,42.7776,41.6165,42.1471,353908000
2023-07-11,42.4478,42.7246,42.0341,42.3719,298244000
2023-07-12,42.9994,43.9007,42.7436,43.8677,481277000
2023-07-13,44.4832,46.1189,44.4572,45.9411,478204000
2023-07-14,46.5466,48.0504,45.0248,45.4335,772075000
2023-07-17,46.2528,46.4597,45.2266,46.4247,510488000
2023-07-18,46.6645,47.8586,45.6983,47.4569,569164000
2023-07-19,47.4269,47.7807,46.7055,47.0402,427502000
2023-07-20,46.4707,47.0502,45.0268,45.4844,537865000
2023-07-21,45.7522,45.8302,44.0656,44.2744,963769000
2023-07-24,44.6961,45.0738,44.0056,44.5772,382516000
2023-07-25,44.9059,46.1469,44.8879,45.6433,348081000
2023-07-26,45.9851,46.017,44.5951,45.4165,364237000
2023-07-27,46.4827,47.358,45.7143,45.8642,455976000
2023-07-28,46.6315,46.9903,46.3448,46.7135,331194000
2023-07-31,46.7175,47.0932,46.4697,46.6925,251055000
2023-08-01,46.4237,46.8634,45.9911,46.4707,237858000
2023-08-02,45.7952,45.8042,43.3531,44.2344,530142000
2023-08-03,43.7658,45.0828,43.7658,44.4802,324176000
2023-08-04,44.9499,45.6063,44.3583,44.6451,362666000
2023-08-07,45.0758,45.5044,44.5282,45.3815,322154000
2023-08-08,44.818,45.2067,44.0216,44.6291,353843000
2023-08-09,44.2394,44.2774,42.1011,42.5208,586449000
2023-08-10,42.1271,43.54,41.8023,42.3549,492705000
2023-08-11,41.7184,41.9852,40.6073,40.8231,533085000
2023-08-14,40.4544,43.7658,40.2795,43.7188,690286000
2023-08-15,44.5252,45.2326,43.6759,43.9057,676512000
2023-08-16,44.4852,44.6401,43.3721,43.452,527451000
2023-08-17,43.9356,44.0276,42.9674,43.3101,452395000
2023-08-18,42.6017,43.544,41.6275,43.2652,583768000
2023-08-21,44.4592,47.0282,44.1875,46.9303,692573000
2023-08-22,48.0974,48.1494,45.2976,45.6323,755293000
2023-08-23,45.8302,47.1631,45.1727,47.0792,779046000
2023-08-24,50.1768,50.2267,47.1222,47.1262,1156044000
2023-08-25,46.9753,47.7677,44.9888,45.9821,925341000
2023-08-28,46.4457,46.9433,44.8529,46.7984,685192000
2023-08-29,46.6295,49.0427,46.3548,48.7459,701397000
2023-08-30,49.0057,49.888,48.3872,49.2255,735206000
2023-08-31,49.3414,49.7051,48.9198,49.3165,528570000
2023-09-01,49.7231,49.7611,48.1044,48.4711,463830000
2023-09-05,48.1853,48.8128,47.8226,48.5101,382653000
2023-09-06,48.4072,48.5151,46.5475,47.0281,468670000
2023-09-07,45.4932,46.3116,45.1205,46.2087,433330000
2023-09-08,45.9099,46.5734,45.2394,45.5402,473069000
2023-09-11,46.1158,46.1307,44.281,45.1464,473966000
2023-09-12,44.7067,45.6411,44.4999,44.8387,349256000
2023-09-13,44.5688,45.8979,44.4719,45.4532,398355000
2023-09-14,45.9179,45.9549,45.0995,45.5492,370097000
2023-09-15,45.3093,45.5671,43.7774,43.8693,506831000
2023-09-18,42.7181,44.2111,41.9707,43.9353,500271000
2023-09-19,43.8024,43.9353,42.9719,43.4896,373064000
2023-09-20,43.5695,43.8723,42.1935,42.2095,367108000
2023-09-21,41.5539,42.0706,40.9514,40.9883,450736000
2023-09-22,41.5429,42.0856,41.2022,41.5809,479236000
2023-09-25,41.5619,42.5063,41.1482,42.1925,419091000
2023-09-26,41.9717,42.7901,41.6259,41.8817,402282000
2023-09-27,42.3004,42.842,41.5999,42.4383,444935000
2023-09-28,42.4303,43.4156,42.0856,43.0589,424663000
2023-09-29,43.7964,44.1132,43.2767,43.4686,397830000
2023-10-02,43.9992,45.1434,43.8304,44.7507,433298000
2023-10-03,44.7767,45.0985,43.2158,43.4866,470850000
2023-10-04,43.7114,44.1122,43.2618,44.0102,361821000
2023-10-05,44.0192,44.8686,43.8573,44.6568,393483000
2023-10-06,44.1621,45.757,43.9952,45.73,434436000
2023-10-09,44.8107,45.5731,44.337,45.2414,409675000
2023-10-10,45.2783,46.2267,45.0565,45.766,368582000
2023-10-11,46.1637,46.8263,46.0178,46.7733,378137000
2023-10-12,46.7443,47.5757,46.2976,46.9122,481325000
2023-10-13,46.9272,47.0831,45.2484,45.4292,474115000
2023-10-16,45.0315,46.1927,44.8806,46.0628,375099000
2023-10-17,43.9693,44.7227,42.4503,43.9073,812333000
2023-10-18,42.5612,43.1888,41.7958,42.1665,627294000
2023-10-19,42.7811,43.2668,41.8527,42.0716,501233000
2023-10-20,41.8607,42.4403,41.0493,41.3581,477266000
2023-10-23,41.2002,43.2178,40.9164,42.945,478530000
2023-10-24,43.0469,43.6665,42.6612,43.6325,401463000
2023-10-25,43.3677,43.6195,41.526,41.7498,398379000
2023-10-26,41.8238,42.2265,39.8521,40.2978,541001000
2023-10-27,41.1013,41.1772,39.987,40.4717,416784000
2023-10-30,41.0583,41.7368,40.4527,41.1322,388028000
2023-10-31,40.4217,40.8504,39.2026,40.7515,517969000
2023-11-01,40.8554,42.3514,40.8404,42.2954,437593000
2023-11-02,43.2977,43.8533,42.864,43.4756,409172000
2023-11-03,43.9892,45.2773,43.6924,44.9736,424610000
2023-11-06,45.2534,45.9029,44.8676,45.719,400733000
2023-11-07,45.6871,46.1857,45.1264,45.9229,343165000
2023-11-08,46.0678,46.8343,45.9359,46.5415,346719000
2023-11-09,47.4338,48.1963,46.7173,46.9172,540496000
2023-11-10,47.4668,48.4381,47.25,48.3012,421245000
2023-11-13,48.2862,49.0817,48.0654,48.586,384136000
2023-11-14,49.6453,49.7992,49.0057,49.6213,416954000
2023-11-15,49.9001,49.9251,48.1663,48.8538,475497000
2023-11-16,48.645,49.4904,48.2962,49.4454,339756000
2023-11-17,49.4894,49.6823,48.9728,49.2636,325205000
2023-11-20,49.2775,50.5127,49.1466,50.3738,414120000
2023-11-21,50.091,50.4817,49.1876,49.9091,565747000
2023-11-22,49.8172,50.2998,47.6567,48.682,899420000
2023-11-24,48.4361,48.8868,47.7116,47.7426,294645000
2023-11-27,47.7666,48.4961,47.6187,48.2083,395662000
2023-11-28,48.2023,48.2892,47.4398,47.7876,401491000
2023-11-29,48.3452,48.7279,47.8266,48.1064,382005000
2023-11-30,47.9904,48.0764,46.3896,46.7373,526247000
2023-12-01,46.4925,47.167,46.1547,46.7323,369317000
2023-12-04,46.0448,46.0448,44.9785,45.4782,437543000
2023-12-05,45.4382,46.5715,45.2433,46.5376,371718000
2023-12-06,47.1862,47.3581,45.3843,45.4752,380590000
2023-12-07,45.6721,46.6005,45.5761,46.5675,350823000
2023-12-08,46.5665,47.7118,46.5216,47.477,359224000
2023-12-11,47.462,47.502,45.802,46.5985,509728000
2023-12-12,46.0179,47.6369,46.0179,47.6279,372387000
2023-12-13,47.5999,48.5643,47.5789,48.0586,447792000
2023-12-14,48.3604,48.6403,47.393,48.3205,391232000
2023-12-15,48.1646,49.3738,48.0906,48.8601,479948000
2023-12-18,49.3698,50.4022,49.12,50.0464,412587000
2023-12-19,49.3938,49.6696,48.8651,49.5737,464444000
2023-12-20,49.6247,49.9685,48.0686,48.0816,397894000
2023-12-21,48.7812,49.065,48.3894,48.9601,300425000
2023-12-22,49.1649,49.3528,48.4374,48.8002,252507000
2023-12-26,48.9381,49.5697,48.9301,49.2489,244200000
2023-12-27,49.4808,49.6497,49.055,49.3868,233648000
2023-12-28,49.6127,49.8535,49.3818,49.4917,246587000
2023-12-29,49.7826,49.9665,48.7212,49.4917,389293000
2024-01-02,49.2139,49.2649,47.5659,48.1386,411254000
2024-01-03,47.456,48.1546,47.2911,47.5399,320896000
2024-01-04,47.7378,48.4704,47.479,47.9687,306535000
2024-01-05,48.4324,49.5167,48.2765,49.067,415039000
2024-01-08,49.4818,52.2431,49.4488,52.2211,642510000
2024-01-09,52.369,54.2918,51.6584,53.1075,773100000
2024-01-10,53.5832,54.5666,53.4563,54.3168,533796000
2024-01-11,54.9654,55.3122,53.5273,54.7885,596759000
2024-01-12,54.5866,54.9364,54.2968,54.6766,352994000
2024-01-16,54.9844,56.8003,54.8665,56.3476,449580000
2024-01-17,56.3126,56.4365,54.7066,56.0188,474394000
2024-01-18,57.225,57.5648,56.0727,57.0721,491650000
2024-01-19,57.9536,59.4636,57.19,59.4547,543501000
2024-01-22,60.0123,60.2941,59.0339,59.6176,452955000
2024-01-23,59.5336,59.8734,58.5492,59.8364,294654000
2024-01-24,60.2672,62.8106,59.9014,61.3245,560271000
2024-01-25,62.3119,62.6807,60.8128,61.5794,482777000
2024-01-26,60.9228,61.7453,60.536,60.9937,390309000
2024-01-29,61.1946,62.4508,60.8698,62.4268,348733000
2024-01-30,62.8616,63.4542,62.222,62.7357,410735000
2024-01-31,61.4025,62.231,60.6629,61.4894,453795000
2024-02-01,62.0621,63.1524,61.6123,62.9885,369146000
2024-02-02,63.9349,66.5593,63.6511,66.1196,476578000
2024-02-05,68.1833,69.4545,67.1639,69.2896,680078000
2024-02-06,69.5875,69.7114,66.2595,68.1813,683111000
2024-02-07,68.2773,70.1771,67.5587,70.0562,495575000
2024-02-08,70.0312,70.7507,69.4126,69.5984,414422000
2024-02-09,70.4899,72.1409,70.1691,72.089,436637000
2024-02-12,72.5556,74.5654,71.2065,72.2039,613710000
2024-02-13,70.357,73.4051,69.5775,72.0839,602580000
2024-02-14,73.1573,74.1907,71.8941,73.8549,504917000
2024-02-15,73.8239,73.9298,72.3558,72.6136,420122000
2024-02-16,74.0547,74.3565,72.4567,72.5686,495327000
2024-02-20,71.903,71.912,67.6926,69.4096,704833000
2024-02-21,67.9645,68.8459,66.2075,67.4308,673755000
2024-02-22,74.9792,78.527,74.1747,78.49,865100000
2024-02-23,80.7406,82.3437,77.5226,78.7689,829388000
2024-02-26,79.6513,80.5967,78.457,79.0437,503973000
2024-02-27,79.3325,79.4315,77.1149,78.6529,391705000
2024-02-28,77.5726,78.8848,77.0779,77.6156,393110000
2024-02-29,79.0457,79.9411,78.3021,79.0637,507289000
2024-03-01,79.9511,82.2497,79.3865,82.2287,479135000
2024-03-04,84.0786,87.6414,83.6678,85.1849,615616000
2024-03-05,85.2219,86.0484,83.37,85.9155,520639000
2024-03-06,87.9724,89.6734,86.9809,88.65,582520000
2024-03-07,90.1071,92.7147,89.5515,92.6167,608119000
2024-03-08,95.0843,97.3451,86.4572,87.4786,1142269000
2024-03-11,86.3802,88.7469,84.1185,85.7256,678364000
2024-03-12,87.9993,91.9081,86.1014,91.8612,668075000
2024-03-13,91.0037,91.4524,88.3851,90.8367,635713000
2024-03-14,89.5265,90.5949,86.5512,87.8944,602318000
2024-03-15,86.881,89.4955,86.2083,87.7874,642086000
2024-03-18,90.337,92.3529,87.0359,88.4051,668976000
2024-03-19,86.6511,90.4929,84.9621,89.3476,672171000
2024-03-20,89.7463,90.359,88.1732,90.321,479063000
2024-03-21,92.2479,92.5958,90.354,91.3834,480372000
2024-03-22,91.0896,94.7245,90.7828,94.2358,586719000
2024-03-25,93.888,96.7114,93.4573,94.9484,552136000
2024-03-26,95.7969,96.3206,92.4498,92.5088,513648000
2024-03-27,93.0595,93.1874,89.0727,90.1991,586067000
2024-03-28,89.9492,91.2485,89.1427,90.305,435212000
2024-04-01,90.2481,92.173,89.1537,90.312,452441000
2024-04-02,88.3981,90.0432,87.5706,89.4016,433064000
2024-04-03,88.4341,90.323,88.3501,88.9138,370067000
2024-04-04,90.355,90.5829,85.8315,85.8565,434965000
2024-04-05,86.817,88.4311,85.8775,87.9584,399678000
2024-04-08,88.65,88.7799,86.6831,87.0839,283220000
2024-04-09,87.3927,87.5856,82.9752,85.3058,501700000
2024-04-10,83.8787,87.3507,83.6618,86.9899,431929000
2024-04-11,87.3707,90.6878,86.877,90.5649,431637000
2024-04-12,89.6484,90.1242,87.4806,88.1363,426805000
2024-04-15,89.0478,90.5619,85.8805,85.9525,443077000
2024-04-16,86.3842,88.0683,86.0155,87.3657,370453000
2024-04-17,88.2902,88.7249,83.9026,83.9876,495400000
2024-04-18,84.9221,86.1414,82.3555,84.6233,447260000
2024-04-19,83.1031,84.2764,75.5634,76.157,875198000
2024-04-22,78.0599,80.0278,76.3569,79.4732,596341000
2024-04-23,80.7235,82.7223,80.2187,82.3765,438559000
2024-04-24,83.9026,84.0346,79.1383,79.6321,512208000
2024-04-25,78.8235,83.276,78.1789,82.5854,424641000
2024-04-26,83.7707,88.2812,83.34,87.6855,551011000
2024-04-29,87.5456,87.9424,85.2179,87.7075,388971000
2024-04-30,87.1908,88.7689,86.2513,86.3533,363709000
2024-05-01,85.029,85.9515,81.2092,82.9942,559863000
2024-05-02,84.4014,86.1884,83.1531,85.7686,377898000
2024-05-03,87.7395,89.2306,86.9909,88.7389,398341000
2024-05-06,89.3396,92.168,89.0048,92.088,376203000
2024-05-07,91.0466,91.7292,88.9608,90.5029,437342000
2024-05-08,89.4325,91.1426,89.3696,90.361,325721000
2024-05-09,90.4779,91.0206,88.1812,88.697,378013000
2024-05-10,90.2541,91.3494,89.1767,89.8273,335325000
2024-05-13,90.427,90.9467,88.4791,90.348,289680000
2024-05-14,89.5485,91.5993,88.8838,91.3045,296507000
2024-05-15,92.4198,94.8085,91.5473,94.5766,417735000
2024-05-16,94.8565,95.765,94.0499,94.3058,323952000
2024-05-17,94.3158,94.6866,91.7542,92.4268,359691000
2024-05-20,93.6971,95.1463,93.3873,94.7265,318764000
2024-05-21,93.5462,95.3462,93.1274,95.3322,328946000
2024-05-22,95.4052,95.9659,93.1964,94.8965,548648000
2024-05-23,101.9705,106.26,101.4627,103.7405,835065000
2024-05-24,104.3901,106.4149,102.9419,106.409,429494000
2024-05-28,110.1818,114.8742,109.821,113.8368,652728000
2024-05-29,112.9862,115.4269,110.8385,114.7602,557442000
2024-05-30,114.5853,115.7537,109.6011,110.4377,484553000
2024-05-31,112.4565,112.6534,106.8797,109.5712,613263000
2024-06-03,113.5569,114.9351,111.9398,114.9351,438392000
2024-06-04,115.6508,116.5342,113.9807,116.3713,403324000
2024-06-05,118.3042,122.3799,117.4017,122.3709,528402000
2024-06-06,123.978,125.5162,118.2533,120.9297,664696000
2024-06-07,119.7024,121.6234,117.9554,120.8198,412386000
2024-06-10,120.3021,123.0306,116.944,121.7213,313434100
2024-06-11,121.7113,122.8108,118.6828,120.8517,222551200
2024-06-12,123.0007,126.8188,122.5109,125.1397,299595000
2024-06-13,129.3276,129.7374,127.0987,129.5475,260704500
2024-06-14,129.8974,132.776,128.2582,131.8165,309320400
2024-06-17,132.9259,133.6656,129.5176,130.9169,288504400
2024-06-18,131.0768,136.2643,130.627,135.5147,294335100
2024-06-20,139.7326,140.6922,129.4576,130.717,517768400
2024-06-21,127.0587,130.567,124.2401,126.509,649445800
2024-06-24,123.1806,124.4,117.9831,118.0531,476060900
2024-06-25,121.1416,126.439,119.2625,126.0292,414192600
2024-06-26,126.0692,128.0583,122.5409,126.3391,362975900
2024-06-27,124.0402,126.3491,122.8608,123.9303,252571700
2024-06-28,124.52,127.6484,122.6908,123.4805,315516700
2024-07-01,123.4105,124.7798,118.7727,124.2401,284885500
2024-07-02,121.0716,123.3505,120.9717,122.6109,218374000
2024-07-03,121.6014,128.2182,121.3015,128.2182,215749000
2024-07-05,127.3186,128.7879,125.6194,125.7694,214176700
2024-07-08,127.4285,130.707,126.9787,128.1382,237677300
2024-07-09,130.2872,133.7555,128.588,131.3167,285366600
2024-07-10,133.9654,135.0349,132.3562,134.845,248978600
2024-07-11,135.6846,136.0844,126.9888,127.3386,374782700
2024-07-12,128.1982,131.8564,127.1587,129.1777,252680500
2024-07-15,130.4971,131.3267,127.1187,128.3781,208326200
2024-07-16,128.3781,128.9778,124.52,126.2991,214769500
2024-07-17,121.2915,121.7913,116.6637,117.9331,390086200
2024-07-18,121.7913,122.341,116.5038,121.0316,320979500
2024-07-19,120.292,121.5414,117.3134,117.8732,217223800
2024-07-22,120.292,124.0102,119.8022,123.4805,258068900
2024-07-23,122.7208,124.6299,122.0412,122.5309,173911000
2024-07-24,119.1126,119.8922,113.3853,114.1949,327776900
2024-07-25,112.9855,116.5738,106.2488,112.2259,460067000
2024-07-26,116.134,116.144,111.5262,113.0055,293399100
2024-07-29,113.6352,116.224,111.2464,111.5362,248152100
2024-07-30,111.4662,111.936,102.4906,103.68,486833300
2024-07-31,112.8456,118.283,110.8266,116.9636,473174200
2024-08-01,117.4734,120.1021,106.7585,109.1574,523462300
2024-08-02,103.71,108.6676,101.3211,107.2183,482027500
2024-08-05,92.0156,103.3602,90.6463,100.4016,552842400
2024-08-06,103.79,107.6581,100.5015,104.1998,409012100
2024-08-07,107.758,108.7476,98.6424,98.8623,411440400
2024-08-08,101.9508,105.4492,97.473,104.9194,391910000
2024-08-09,105.5891,106.5486,103.3802,104.6995,290844200
2024-08-12,106.2688,111.0165,106.2088,108.9675,325559900
2024-08-13,112.3858,116.174,111.5262,116.084,312646700
2024-08-14,118.4729,118.5429,114.015,118.0231,339246400
2024-08-15,118.7028,123.1806,117.4134,122.8008,318086700
2024-08-16,121.8812,124.9398,121.1216,124.52,302589900
2024-08-19,124.2201,129.9374,123.3605,129.9374,318333600
2024-08-20,128.3381,129.8174,125.8293,127.1887,300087400
2024-08-21,127.2586,129.2877,126.599,128.4381,257883600
2024-08-22,129.9573,130.687,123.0407,123.6804,376189100
2024-08-23,125.7993,129.5375,125.1596,129.3076,323230300
2024-08-26,129.5076,131.1967,124.3101,126.3991,331964700
2024-08-27,124.9897,129.1377,123.8203,128.2382,303134600
2024-08-28,128.0583,128.2682,122.5809,125.5495,448101100
2024-08-29,121.3015,124.37,116.6538,117.5333,453023300
2024-08-30,119.4724,121.6913,117.1635,119.3125,333751600
2024-09-03,115.9541,116.154,107.2383,107.9479,477155100
2024-09-04,105.3592,113.2154,104.0698,106.1588,372470300
2024-09-05,104.9394,109.5972,104.7095,107.1583,306850700
2024-09-06,107.9879,108.0979,100.9013,102.7804,413638100
2024-09-09,104.8294,106.4986,103.64,106.4187,273912000
2024-09-10,107.758,109.3473,104.8994,108.0479,268283700
2024-09-11,109.3373,117.1335,107.3682,116.8537,441422400
2024-09-12,116.7937,120.7421,115.3343,119.0928,366052700
2024-09-13,119.0328,119.9124,117.5534,119.0528,238358300
2024-09-16,116.7437,118.1331,114.3147,116.7337,248772300
2024-09-17,118.1232,118.7529,114.7845,115.5442,231925900
2024-09-18,115.844,117.6533,113.1751,113.3251,310318900
2024-09-19,117.3035,119.6126,117.2035,117.8233,293506400
2024-09-20,117.0136,118.573,115.3443,115.954,382462400
2024-09-23,116.5038,116.9436,114.8145,116.2139,206228500
2024-09-24,116.4738,121.7517,115.3343,120.8221,354966800
2024-09-25,121.9716,124.8905,121.5618,123.461,284692900
2024-09-26,126.7497,127.6194,121.7517,123.9908,302582900
2024-09-27,123.9209,123.9808,119.2127,121.3519,271009200
2024-09-30,118.2631,121.4518,118.1032,121.3919,226553700
2024-10-01,121.7217,122.3915,115.7441,116.9536,302094500
2024-10-02,116.3938,119.3327,115.0944,118.8029,221845900
2024-10-03,120.8721,124.3107,120.2923,122.8013,277118000
2024-10-04,124.8905,124.9904,121.7817,124.8705,243678100
2024-10-07,124.9404,130.5882,124.9005,127.6694,346250200
2024-10-08,130.2083,133.4271,129.3687,132.8373,285722500
2024-10-09,134.0568,134.4667,131.3279,132.5974,246191600
2024-10-10,131.8577,134.9465,130.9481,134.7566,242311300
2024-10-11,133.9569,135.7262,133.607,134.7466,170209500
2024-10-14,136.4159,139.5447,136.246,138.0153,232347700
2024-10-15,137.8153,138.5151,128.689,131.5478,377831000
2024-10-16,133.9269,136.5658,131.5278,135.6662,264879700
2024-10-17,139.2848,140.8342,136.8157,136.8757,306435900
2024-10-18,138.615,138.8449,137.2256,137.9453,176090200
2024-10-21,138.0752,143.653,137.9453,143.653,264554500
2024-10-22,142.8534,144.3628,141.7238,143.5331,226311600
2024-10-23,141.9737,142.3735,137.4055,139.5047,285930000
2024-10-24,140.7642,141.294,138.4051,140.3543,172354900
2024-10-25,140.8741,144.0729,140.7442,141.4839,205122100
2024-10-28,142.9433,143.0833,139.9945,140.4643,173586700
2024-10-29,140.2344,142.2036,138.8449,141.194,157593600
2024-10-30,139.4847,140.2744,136.7558,139.2848,179418100
2024-10-31,137.5455,137.5555,132.0576,132.7074,270039600
2024-11-01,134.6466,137.2556,134.5167,135.3463,207127800
2024-11-04,137.1556,138.9049,135.5163,135.9961,187528200
2024-11-05,137.3955,140.3143,137.2756,139.8545,160537400
2024-11-06,142.9033,146.4319,141.9037,145.5523,242043900
2024-11-07,146.332,148.871,146.1121,148.821,207323300
2024-11-08,148.711,149.7106,146.202,147.5715,175665800
2024-11-11,148.6211,148.791,143.5131,145.2024,182325600
2024-11-12,146.7218,149.5906,145.9521,148.2312,198634700
2024-11-13,149.0109,149.2708,145.8421,146.212,191903300
2024-11-14,147.5815,148.9409,145.4923,146.7018,194463300
2024-11-15,144.8126,145.1824,140.0245,141.9237,250132900
2024-11-18,139.4447,141.4939,137.0956,140.0944,221205300
2024-11-19,141.264,147.0717,140.9341,146.9517,227834900
2024-11-20,147.3516,147.5015,142.6734,145.8322,309871700
2024-11-21,149.2908,152.8294,140.6442,146.6119,400946600
2024-11-22,145.8721,147.1017,141.0441,141.8937,236406200
2024-11-25,141.9337,141.9937,135.7662,135.9661,344941900
2024-11-26,137.6454,139.2448,135.6162,136.8657,190287700
2024-11-27,134.9565,137.1656,131.7477,135.2863,226370900
2024-11-29,136.7258,139.2948,135.9961,138.1952,141863200
2024-12-02,138.7749,140.3943,137.7654,138.575,171682800
2024-12-03,138.2052,140.4843,137.8953,140.2044,164414000
2024-12-04,141.9437,145.7322,140.2344,145.0825,231224300
2024-12-05,145.0625,146.492,143.9029,145.0125,172621200
2024-12-06,144.5526,145.6523,141.2637,142.3933,188505600
2024-12-09,138.9245,139.9042,137.0851,138.7645,189308600
2024-12-10,138.9645,141.7735,133.7462,135.0258,210020900
2024-12-11,137.315,140.1241,135.1657,139.2644,184905200
2024-12-12,137.0351,138.3947,135.7555,137.295,159211400
2024-12-13,138.8945,139.5543,132.4966,134.206,231514900
2024-12-16,134.136,134.356,130.3773,131.9568,237951100
2024-12-17,129.0477,131.5469,126.8184,130.3473,259410300
2024-12-18,133.8162,136.6552,128.238,128.8678,277444500
2024-12-19,131.7168,133.9861,129.5076,130.6372,209719200
2024-12-20,129.7675,135.2357,128.178,134.6559,306528600
2024-12-23,136.2354,139.7442,135.0757,139.6243,176053500
2024-12-24,139.9542,141.8535,138.6046,140.1741,105157000
2024-12-26,139.6543,140.8039,137.6849,139.8842,116205600
2024-12-27,138.5046,138.9745,134.6659,136.9651,170582600
2024-12-30,134.7858,140.224,133.9761,137.445,167734700
2024-12-31,137.9848,138.0248,133.7862,134.246,155659200
2025-01-02,135.9555,138.8345,134.5859,138.2647,198247200
2025-01-03,139.9641,144.8525,139.6842,144.4227,229322500
2025-01-06,148.5413,152.1102,147.7716,149.381,265377400
2025-01-07,152.9799,153.0798,139.9641,140.0941,351782200
2025-01-08,142.5333,143.9028,137.5149,140.0641,227349900
2025-01-10,137.405,139.8742,134.176,135.8655,207602500
2025-01-13,129.9474,133.4463,129.4676,133.1864,204808900
2025-01-14,136.0054,136.3353,130.0074,131.7168,195590500
2025-01-15,133.6062,136.4053,131.247,136.1954,185217300
2025-01-16,138.5946,138.7046,133.4463,133.5263,209235600
2025-01-17,136.6452,138.4546,135.4156,137.6649,201188800
2025-01-21,139.1144,141.7835,137.0451,140.7839,197749000
2025-01-22,144.6126,147.7416,143.623,147.0219,237651400
2025-01-23,145.0025,147.1818,143.6729,147.1718,155915500
2025-01-24,148.3214,148.9212,141.8335,142.5733,234657600
2025-01-27,124.7591,128.3579,116.6618,118.3812,818830900
2025-01-28,121.7701,128.9578,116.2119,128.9478,579666400
2025-01-29,126.4586,126.8484,120.0107,123.6595,467120600
2025-01-30,123.0597,124.9591,118.0613,124.6092,392925500
2025-01-31,123.7395,127.8081,119.151,120.0307,388161100
2025-02-03,114.7124,118.5312,112.973,116.6218,371235700
2025-02-04,116.9217,121.1603,116.6618,118.6111,256550000
2025-02-05,121.7201,124.9591,120.7204,124.7891,262230800
2025-02-06,127.3783,128.7278,125.169,128.6378,251483600
2025-02-07,129.1777,130.3273,124.959,129.7975,228186300
2025-02-10,130.0474,134.9558,129.9174,133.5263,216989100
2025-02-11,132.5366,134.436,130.9771,132.7565,178902400
2025-02-12,129.9774,132.1967,129.0377,131.0971,160278600
2025-02-13,131.5169,136.4553,131.127,135.2457,197430000
2025-02-14,136.4353,139.2044,135.4556,138.8045,195479600
2025-02-18,141.2238,143.393,137.8848,139.3544,219176600
2025-02-19,139.4643,141.3137,137.1751,139.1844,167536000
2025-02-20,139.9841,140.6139,136.7452,140.0641,143903600
2025-02-21,139.9941,141.4137,133.9861,134.386,228217600
2025-02-24,136.5153,138.5446,130.0374,130.2373,251381100
2025-02-25,129.9374,130.1574,124.3992,126.5885,271428700
2025-02-26,129.9474,133.6862,128.4479,131.237,322553800
2025-02-27,134.9558,134.9658,119.9707,120.1107,443175800
2025-02-28,117.9813,125.049,116.3619,124.8791,389091100
2025-03-03,123.4695,123.6595,112.2432,114.0226,411381400
2025-03-04,110.6138,119.2709,110.0739,115.952,398163300
2025-03-05,117.5415,118.2412,114.4725,117.2616,284337900
2025-03-06,113.4928,115.3122,110.1839,110.5338,321181900
2025-03-07,111.2136,113.4428,107.5248,112.6531,341755500
2025-03-10,109.864,111.8134,105.4255,106.945,366487400
2025-03-11,106.955,112.2032,104.7357,108.7244,354865700
2025-03-12,114.0931,116.7325,112.8534,115.7127,323857500
2025-03-13,117.0024,117.7323,113.7632,115.5528,299033100
2025-03-14,118.5821,121.8513,118.1222,121.6413,277593500
2025-03-17,122.7111,122.861,118.0022,119.5018,255501500
2025-03-18,117.9722,118.992,114.513,115.4028,299686900
2025-03-19,117.2424,120.4216,115.6527,117.4923,273426200
2025-03-20,116.5225,120.1717,116.4426,118.5021,248829700
2025-03-21,116.9124,117.9622,115.3928,117.6723,266498500
2025-03-24,119.8518,122.1912,119.3119,121.3814,228452500
2025-03-25,120.5216,121.2614,118.892,120.6616,167447200
2025-03-26,118.702,118.812,112.6834,113.7332,293463300
2025-03-27,111.3238,114.423,110.6339,111.4038,236902100
2025-03-28,111.4637,112.8434,109.0443,109.6442,229872500
2025-03-31,105.1052,110.9339,103.6256,108.3545,299212700
2025-04-01,108.4944,110.174,106.4449,110.124,222614000
2025-04-02,107.2647,111.9536,106.7648,110.394,220601200
2025-04-03,103.4856,105.6051,101.5761,101.776,338769400
2025-04-04,98.8867,100.1064,92.0883,94.2878,532273800
2025-04-07,87.4394,101.726,86.5996,97.617,611041300
2025-04-08,103.7855,105.8251,94.4377,96.2773,476243400
2025-04-09,98.8667,115.0729,97.507,114.3031,612918300
2025-04-10,109.3442,110.8339,99.1266,107.5447,437812400
2025-04-11,108.4744,111.5237,107.4547,110.9039,313417300
2025-04-14,114.0831,114.2631,109.0443,110.6839,264705000
2025-04-15,110.9439,113.5932,110.474,112.1736,228966900
2025-04-16,104.5254,106.7648,100.4263,104.4654,397016900
2025-04-17,104.4254,104.4454,100.0264,101.4661,292517500
2025-04-21,98.7467,99.4166,95.0176,96.8872,288501100
2025-04-22,98.7567,99.7865,97.2571,98.8667,241004800
2025-04-23,104.4954,104.7753,101.996,102.6858,247526000
2025-04-24,103.4556,106.5149,103.0857,106.4049,220815000
2025-04-25,106.8248,111.8936,105.7051,110.9839,251064700
2025-04-28,109.6642,110.344,105.995,108.7044,207708500
2025-04-29,107.6446,110.174,107.4147,108.9943,170444300
2025-04-30,104.4454,108.8943,104.0555,108.8943,235044600
2025-05-01,113.0534,114.9129,111.2738,111.5837,236121500
2025-05-02,114.1531,115.3728,113.3433,114.473,190194800
2025-05-05,112.8834,114.643,112.6335,113.7932,133163200
2025-05-06,111.4537,114.713,110.7939,113.5133,158525600
2025-05-07,113.0234,117.6523,112.2536,117.0324,206758800
2025-05-08,118.2221,118.652,115.8227,117.3424,198428100
2025-05-09,117.3224,118.2022,115.1829,116.6225,132972200
2025-05-12,121.9413,122.971,120.2517,122.971,225023300
2025-05-13,124.9506,131.1891,124.4407,129.8994,330430100
2025-05-14,133.1686,135.4081,131.649,135.3081,281180800
2025-05-15,134.2584,136.2679,132.6287,134.7982,226632600
2025-05-16,136.1879,136.3179,133.4286,135.3681,226542500
2025-05-19,132.3588,135.838,132.3588,135.5381,193154600
2025-05-20,134.2583,134.5483,132.5887,134.3483,161514200
2025-05-21,133.0286,137.3676,130.5592,131.769,270608700
2025-05-22,132.1988,134.2184,131.519,132.7987,187344000
2025-05-23,129.9694,132.6487,129.1296,131.2591,198821300
2025-05-27,134.1184,135.628,133.2786,135.4681,192953600
2025-05-28,135.998,137.2177,134.7582,134.7782,304021100
2025-05-29,142.2165,143.4562,137.8775,139.1572,369241900
2025-05-30,138.6873,139.5871,132.8887,135.0982,333170900
2025-06-02,135.4581,138.0875,135.3681,137.3476,197663100
2025-06-03,138.7473,141.9665,137.9175,141.1867,225578800
2025-06-04,142.1565,142.3565,139.5071,141.8866,167120800
2025-06-05,142.1365,143.9661,138.7973,139.957,231397900
2025-06-06,142.4764,143.2362,141.4766,141.6866,153986200
2025-06-09,143.1563,144.9658,141.9066,142.5964,185114500
2025-06-10,142.6564,144.256,141.4967,143.9261,155881900
2025-06-11,144.586,144.9659,141.8464,142.8063,167694000
2025-06-12,141.9464,144.9759,141.8264,144.9759,162365000
2025-06-13,142.4563,143.5561,140.8266,141.9464,180820600
2025-06-16,143.3262,146.1557,143.1762,144.666,183133700
2025-06-17,144.466,145.1959,143.7561,144.096,139108000
2025-06-18,143.9861,145.6258,143.0962,145.4558,161494100
2025-06-20,145.4258,146.1757,142.6263,143.8261,242956200
2025-06-23,142.4763,144.7559,142.0064,144.146,154308900
2025-06-24,145.5358,147.9354,145.4758,147.8754,187566100
2025-06-25,149.2452,154.4243,149.2352,154.2844,269146500
2025-06-26,155.9541,156.6939,153.9744,154.9942,198145700
2025-06-27,156.0141,158.6836,155.2342,157.7238,263234500
2025-06-30,158.3737,158.6336,155.9341,157.9638,194580300
2025-07-01,156.264,157.1739,151.4648,153.2745,213143600
2025-07-02,152.9546,157.5738,152.9446,157.2239,171224100
2025-07-03,158.3437,160.9532,157.7438,159.3135,143716100
2025-07-07,158.1737,159.2835,157.3139,158.2137,140139000
2025-07-08,159.3035,160.1934,158.3637,159.9734,138133000
2025-07-09,161.1932,164.3927,161.1332,162.8529,183656400
2025-07-10,164.2927,164.4727,161.5831,164.0727,167704100
2025-07-11,163.6928,167.8621,163.4428,164.8926,193633300
2025-07-14,165.3425,165.4625,161.9931,164.0427,136975800
2025-07-15,171.1616,172.3713,169.1719,170.6716,230627400
2025-07-16,171.0316,171.7215,168.8719,171.3415,158831500
2025-07-17,171.9914,174.1311,170.8016,172.9713,160841100
2025-07-18,173.6111,174.221,171.2315,172.3813,146456400
2025-07-21,172.7213,173.3512,170.9716,171.3515,123126100
2025-07-22,171.3115,171.3615,164.5527,167.0023,193114300
2025-07-23,169.5018,171.2315,167.9421,170.7516,154082200
2025-07-24,172.4113,173.8011,171.2715,173.7111,128984600
2025-07-25,173.5812,174.691,172.9313,173.4712,122316800
2025-07-28,173.9911,176.9706,173.9411,176.7206,140023500
2025-07-29,177.9304,179.3502,174.9909,175.4808,154077500
2025-07-30,176.4807,179.8601,176.0107,179.2402,174312200
2025-07-31,182.8696,183.2695,175.9008,177.8404,221685400
2025-08-01,174.0611,176.5107,170.8616,173.6911,204529000
2025-08-04,175.1309,180.1701,174.491,179.9701,148174600
2025-08-05,179.5902,180.23,175.8708,178.2304,156407600
2025-08-06,176.3007,179.8701,176.2207,179.3902,137192300
2025-08-07,181.5398,183.8495,178.7703,180.74,151878400
2025-08-08,181.5198,183.2696,180.37,182.6696,123396700
2025-08-11,182.0197,183.8094,180.22,182.0297,138323200
2025-08-12,182.9296,184.4493,179.4302,183.1296,145485700
2025-08-13,182.5897,183.9394,179.3202,181.5598,179871700
2025-08-14,179.7201,182.9896,179.4302,181.9897,129554000
2025-08-15,181.8498,181.8698,178.0104,180.42,156602200
2025-08-18,180.57,182.9096,180.56,181.9797,132008000
2025-08-19,182.3997,182.4697,175.4608,175.6108,185229200
2025-08-20,175.1409,175.9708,168.772,175.3708,215142700
2025-08-21,174.8209,176.8706,173.7811,174.9509,140040900
2025-08-22,172.5813,178.5603,171.1716,177.9604,172789400
2025-08-25,178.3204,181.8798,176.5407,179.7801,163012800
2025-08-26,180.0301,182.3597,178.7803,181.7398,168688200
2025-08-27,181.9498,182.4597,179.0703,181.5698,235518900
2025-08-28,180.79,184.4393,176.3807,180.1401,281787800
2025-08-29,178.0804,178.1204,173.1212,174.151,243257900
2025-09-02,169.9717,172.3514,167.1922,170.7516,231164900
2025-09-03,171.0316,172.3814,168.852,170.5917,164424900
2025-09-04,170.5417,171.8314,169.3819,171.6315,141670100
2025-09-05,168.0021,169.0019,164.0428,166.9923,224441400
2025-09-08,167.5222,170.9316,167.3222,168.282,163769100
2025-09-09,169.0619,170.9516,166.7123,170.7316,157548400
2025-09-10,176.6106,179.2602,175.4408,177.3005,226852000
2025-09-11,179.6603,180.2602,176.4606,177.1506,151159300
2025-09-12,177.7505,178.5804,176.4306,177.8005,124911000
2025-09-15,175.6507,178.8304,174.4908,177.7305,147061600
2025-09-16,176.9806,177.4805,174.3609,174.8608,140737800
2025-09-17,172.621,173.181,168.3915,170.2713,211843800
2025-09-18,173.9609,177.0806,172.941,176.2207,191763300
2025-09-19,175.7507,178.0604,175.1607,176.6506,237182100
2025-09-22,175.2808,184.5297,174.6908,183.5898,269637000
2025-09-23,181.95,182.4,176.1907,178.4104,192559600
2025-09-24,179.7503,179.7603,175.3807,176.9506,143564100
2025-09-25,174.4608,180.2402,173.111,177.6705,191586700
2025-09-26,178.1504,179.7503,174.9108,178.1704,148573700
2025-09-29,180.4102,183.9798,180.3002,181.83,193063500
2025-09-30,182.06,187.3294,181.4601,186.5595,236981000
2025-10-01,185.2197,188.1193,183.8798,187.2195,173844900
2025-10-02,189.5792,191.029,188.0394,188.8693,136805800
2025-10-03,189.1692,190.3391,185.3597,187.5994,137596900
2025-10-06,185.4796,187.2094,183.3099,185.5196,157678100
2025-10-07,186.2096,189.0392,183.9798,185.0197,140088000
2025-10-08,186.5495,189.5792,186.5195,189.0892,130168900
2025-10-09,192.2089,195.2786,191.039,192.5489,182997200
2025-10-10,193.4887,195.5985,182.03,183.1399,268774400
2025-10-13,187.9494,190.0891,185.9396,188.2993,153482800
2025-10-14,184.7497,184.7797,179.6803,180.0102,205641400
2025-10-15,184.7797,184.8497,177.2705,179.8103,214450500
2025-10-16,182.21,183.2599,179.7503,181.79,179723300
2025-10-17,180.1602,184.0798,179.7303,183.1999,173135200
2025-10-20,183.1099,185.1797,181.71,182.6199,128544700
2025-10-21,182.7699,182.7699,179.7803,181.1401,124240200
2025-10-22,181.1201,183.4199,176.7406,180.2602,162249600
2025-10-23,180.4002,183.0099,179.7702,182.14,111363700
2025-10-24,183.8198,187.4494,183.4798,186.2395,131296700
2025-10-27,189.9691,191.9789,188.4093,191.469,153452700
2025-10-28,193.0288,203.1277,191.8889,201.0079,297986200
2025-10-29,207.9572,212.1667,204.7575,207.0173,308829600
2025-10-30,205.1275,206.1374,201.3879,202.8677,178864400
2025-10-31,206.4273,207.9472,202.0478,202.4678,179802200
2025-11-03,208.0571,211.3168,205.5374,206.8573,180267300
2025-11-04,202.9777,203.9476,197.9083,198.6682,188919300
2025-11-05,198.7482,202.8977,194.6286,195.1886,171350300
2025-11-06,196.3984,197.5983,186.3595,188.0594,223029800
2025-11-07,184.8797,188.2993,178.8904,188.1293,264942300
2025-11-10,195.0886,199.9181,193.7687,199.0282,198897100
2025-11-11,195.1386,195.3985,191.279,193.1388,176483300
2025-11-12,195.6985,195.8685,191.109,193.7787,154935300
2025-11-13,191.029,191.419,183.8298,186.8395,207423100
2025-11-14,182.8399,190.989,180.5602,190.1491,186591900
2025-11-17,185.9496,188.9792,184.2998,186.5795,173628900
2025-11-18,183.3599,184.7797,179.6303,181.3401,213598900
2025-11-19,184.7697,187.8394,182.8099,186.4995,247246400
2025-11-20,195.9285,195.9785,179.8303,180.6202,343504800
2025-11-21,181.2201,184.5397,172.911,178.8604,346926200
2025-11-24,179.4703,183.4799,176.4606,182.53,256618300
2025-11-25,174.8908,178.1404,169.5314,177.8005,320600300
2025-11-26,181.6101,182.8899,178.2204,180.2402,183852000
2025-11-28,178.9903,179.2703,176.4806,176.9806,121332800
2025-12-01,174.7408,180.2802,173.6609,179.9003,188131000
2025-12-02,181.74,185.6396,179.9802,181.4401,182632200
2025-12-03,181.0601,182.43,179.0903,179.5703,165138000
2025-12-04,181.6102,184.51,179.9503,183.3701,167364900
2025-12-05,183.88,184.65,180.9002,182.4001,143971100
2025-12-08,182.6301,187.9898,182.3901,185.54,204378100
2025-12-09,185.55,185.71,183.3101,184.96,144719700
2025-12-10,184.96,185.47,182.0301,183.7701,162785400
2025-12-11,180.2702,181.3102,176.6104,180.9202,182136600
2025-12-12,181.1002,182.8101,174.6105,175.0105,204274900
2025-12-15,177.9304,178.4103,175.0205,176.2805,164775600
2025-12-16,176.2505,178.4804,174.8905,177.7104,148588100
2025-12-17,176.0905,176.1205,170.3008,170.9308,222775500
2025-12-18,174.5205,176.1405,171.8107,174.1306,176096000
2025-12-19,176.6604,181.4402,176.3305,180.9802,324925900
2025-12-22,183.91,184.15,182.3401,183.6801,129064400
2025-12-23,182.9601,189.3198,182.8901,189.1998,174873600
2025-12-24,187.9298,188.8998,186.5799,188.5998,65528500
2025-12-26,189.9097,192.6796,187.9898,190.5197,139740300
2025-12-29,187.6998,188.7498,185.8999,188.2098,120006100
2025-12-30,188.2298,188.9798,186.9199,187.5298,97687300
2025-12-31,189.5598,190.5497,186.4799,186.4899,120100500
2026-01-02,189.8297,192.9195,188.2498,188.8398,148240500
2026-01-05,191.7496,193.6195,186.1399,188.1098,183529700
2026-01-06,190.5097,192.1596,186.8099,187.2299,176862600
2026-01-07,188.5598,191.3596,186.5499,189.0998,153543200
2026-01-08,189.0998,189.5397,183.7001,185.03,172457000
2026-01-09,185.07,186.3299,183.6601,184.85,131327500
2026-01-12,183.2101,187.1099,183.0101,184.93,137968500
2026-01-13,184.99,188.0998,183.3901,185.7999,160128900
2026-01-14,184.31,184.45,180.7902,183.1301,159586100
2026-01-15,186.4899,189.6897,186.3199,187.0399,206188600
2026-01-16,189.0698,190.4297,186.0699,186.2199,187967200
2026-01-20,181.8901,182.3701,177.6004,178.0604,223345300
2026-01-21,179.0403,185.37,178.3903,183.3101,200381000
2026-01-22,184.74,186.1599,183.92,184.83,139636600
2026-01-23,187.4898,189.5897,186.8099,187.6598,142748100
2026-01-26,187.1499,189.1098,185.9799,186.4599,124799600
2026-01-27,187.2299,189.9897,185.6899,188.5098,143711600
2026-01-28,191.2597,192.3396,189.8297,191.5096,148552700
2026-01-29,191.3296,193.4695,186.0499,192.4996,171764400
2026-01-30,191.1997,194.4795,189.4597,191.1197,179489500
2026-02-02,187.1899,190.2897,184.87,185.6,165794100
2026-02-03,186.2299,186.2599,176.2205,180.3302,204019600
2026-02-04,179.4503,179.5703,171.9007,174.1806,207014100
2026-02-05,174.9205,176.8104,171.0207,171.8707,206312900
2026-02-06,176.6804,186.9899,174.5906,185.4,231346200
2026-02-09,184.25,193.6495,183.94,190.0297,196387400
2026-02-10,191.3696,192.4696,188.1098,188.5298,136764800
2026-02-11,192.4396,193.2495,188.7598,190.0397,144192700
2026-02-12,193.0196,193.5995,186.4999,186.9299,189932500
2026-02-13,187.4699,187.4899,181.5802,182.8001,161888000
2026-02-17,181.7402,187.1399,179.1703,184.96,162276900
2026-02-18,188.7398,190.3597,186.7499,187.9698,164749100
2026-02-19,187.0499,188.4198,185.65,187.8898,126554500
2026-02-20,186.5599,190.3197,185.9299,189.8097,178422300
2026-02-23,191.3896,193.9395,189.5697,191.5396,171584800
2026-02-24,191.4796,193.7595,187.3899,192.8396,175123600
2026-02-25,194.4395,197.6193,193.7795,195.5494,250637100
2026-02-26,194.2595,194.2795,184.31,184.88,360807900
2026-02-27,181.2402,182.5801,176.3705,177.1804,311636500
2026-03-02,175.0005,183.4501,174.6306,182.4701,209095300
2026-03-03,178.4803,180.8902,176.9104,180.0403,178099400
2026-03-04,180.4302,184.69,180.0503,183.0301,177731200
2026-03-05,181.1602,184.05,177.8704,183.3301,198779700
2026-03-06,179.8303,182.7501,176.8104,177.8104,189021900
2026-03-09,176.8204,182.9001,175.5505,182.6401,177213600
2026-03-10,182.3901,186.4299,182.0001,184.76,179118500
2026-03-11,185.91,187.62,184.45,186.03,145280400
2026-03-12,184.05,184.94,181.75,183.14,155762700
2026-03-13,184.92,186.09,179.94,180.25,160988400
2026-03-16,182.97,188.88,181.41,183.22,217307400
2026-03-17,185.06,185.4,181.68,181.93,182497800
2026-03-18,182.48,183.38,180.33,180.4,156683100
2026-03-19,178.01,179.98,175.79,178.56,170968500
2026-03-20,178.0,178.26,171.72,172.7,241323500
2026-03-23,177.26,178.37,174.76,175.64,182836300
2026-03-24,174.83,176.22,173.98,175.2,147667800
2026-03-25,177.1,181.22,176.85,178.68,162602100
2026-03-26,176.07,176.51,171.14,171.24,186152200
2026-03-27,170.0,170.97,167.01,167.52,196212700
2026-03-30,168.78,169.45,164.27,165.17,185627000
2026-03-31,166.97,174.62,166.96,174.4,226181300
2026-04-01,176.0,177.37,174.75,175.75,168132000
2026-04-02,172.18,177.49,171.37,177.39,143143200
2026-04-06,177.16,177.79,175.76,177.64,107564300
2026-04-07,175.73,178.23,173.66,178.1,132534900
2026-04-08,184.5,185.26,180.3,182.08,147732700
2026-04-09,181.84,184.08,180.62,183.91,116428500
2026-04-10,184.31,190.0,184.3,188.63,160459500
2026-04-13,186.03,189.66,185.74,189.31,133648200
2026-04-14,190.84,196.51,190.77,196.51,161307000
2026-04-15,196.54,200.4,195.74,198.87,185338400
2026-04-16,197.43,199.85,195.81,198.35,134012900
2026-04-17,199.9,201.7,199.27,201.68,160324400
2026-04-20,199.98,202.17,197.84,202.06,119381400
2026-04-21,202.13,202.75,199.0,199.88,107945300
2026-04-22,200.99,202.5,199.0,202.5,107501000
2026-04-23,202.46,203.83,197.22,199.64,113561800
2026-04-24,199.96,210.95,199.81,208.27,214134400
2026-04-27,209.65,216.83,207.38,216.61,187172400
2026-04-28,209.49,214.73,208.2,213.17,180275400
2026-04-29,212.7,212.72,207.58,209.25,123711800
2026-04-30,209.93,210.3,198.7,199.57,225239200
2026-05-01,201.28,203.0,197.12,198.45,128647000
2026-05-04,199.5,201.73,194.74,198.48,125368100
2026-05-05,199.3,200.24,196.03,196.5,113406600
2026-05-06,199.89,208.27,198.61,207.83,188362800
2026-05-07,208.34,214.2,206.5,211.5,168307900
2026-05-08,213.03,217.8,212.89,215.2,136421400
2026-05-11,214.04,222.3,213.89,219.44,160685800
2026-05-12,218.55,223.75,214.92,220.78,159176600
2026-05-13,224.93,227.84,221.57,225.83,150405400
2026-05-14,229.85,236.54,229.3,235.74,180782900
2026-05-15,229.76,231.5,224.24,225.32,180977600
2026-05-18,229.87,230.0,218.37,222.32,146280900
2026-05-19,219.62,224.48,217.91,220.61,140948200
2026-05-20,223.18,226.13,220.5,223.47,184201600
2026-05-21,222.29,227.4,217.93,219.51,203381800
2026-05-22,220.9,221.01,214.8,215.33,169275700
2026-05-26,216.54,218.18,212.0,214.86,187202600
2026-05-27,214.12,214.15,208.78,212.6,167601200
2026-05-28,211.28,215.52,211.22,214.25,143996000
2026-05-29,214.58,217.86,211.13,211.14,289410600
2026-06-01,215.73,224.87,215.7,224.36,212850700
2026-06-02,227.18,232.28,221.35,222.82,193362900
2026-06-03,221.72,222.82,214.51,214.75,160907000
2026-06-04,213.91,221.6,210.97,218.66,169022200
2026-06-05,214.53,214.87,204.33,205.1,219655500
2026-06-08,210.18,210.47,206.0,208.64,138372800
2026-06-09,210.62,211.4,199.34,208.19,180962500
2026-06-10,204.43,207.22,199.92,200.42,161746600
2026-06-11,201.49,205.66,199.54,204.87,158643200
2026-06-12,204.86,207.07,203.44,205.19,112001800
2026-06-15,208.92,212.71,208.34,212.45,149936700
2026-06-16,211.18,211.49,207.29,207.41,125694100
2026-06-17,208.53,209.21,203.08,204.65,128363500
2026-06-18,207.33,211.39,206.5,210.69,241272000
2026-06-22,211.44,213.99,207.72,208.65,122041400
2026-06-23,202.17,203.77,200.0,200.04,153496200
2026-06-24,200.12,201.67,196.58,199.0,151810700
2026-06-25,200.08,200.8,192.13,195.74,149550000
2026-06-26,193.12,195.55,191.22,192.53,179304100
2026-06-29,193.85,196.18,189.8,194.97,148835700
2026-06-30,197.24,200.63,195.11,200.09,166476700
2026-07-01,196.2,199.85,193.45,197.58,146147600
2026-07-02,197.14,200.06,192.35,194.83,142068700
2026-07-06,194.42,197.55,193.99,195.55,108999000
2026-07-07,192.37,198.41,191.14,196.93,124154600
2026-07-08,195.18,205.16,195.06,204.12,146904500
2026-07-09,204.46,204.46,201.49,201.9545,17634000
